Image URL,Alt Text,Alt Text Variants,Status,Issues,Title,Title Variants,ARIA Label,ARIA Label Variants,ARIA Describedby,ARIA Describedby Variants,Longdesc,Role,Visible,Width,Height,Occurrences,Page Count,Found On Pages
https://beacon.lynx.cognitivlabs.com/pixel/capture?tags=8dd8cf55-3ae9-49dc-a25a-83dcfc60de58&referer=&page_url=https%3A%2F%2Fwww.usps.com%2F&event=gtm.js/,,(missing) [1],MISSING,WCAG 1.1.1 Failure: alt attribute is missing entirely,,(missing) [1],,(missing) [1],,(missing) [1],,,true,,,1,1,http://usps.com/
https://beacon.lynx.cognitivlabs.com/pixel/capture?tags=8dd8cf55-3ae9-49dc-a25a-83dcfc60de58&referer=&page_url=https%3A%2F%2Fwww.usps.com%2Fbusiness%2Fground-advantage.htm&event=gtm.js/,,(missing) [1],MISSING,WCAG 1.1.1 Failure: alt attribute is missing entirely,,(missing) [1],,(missing) [1],,(missing) [1],,,true,,,1,1,http://usps.com/business/ground-advantage.htm
https://secure.adnxs.com/px?id=1534534&t=2,,(missing) [1],MISSING,WCAG 1.1.1 Failure: alt attribute is missing entirely,,(missing) [1],,(missing) [1],,(missing) [1],,,true,1,1,1,1,http://usps.com/business
https://sp.analytics.yahoo.com/spp.pl?a=10000&.yp=10214073&he={INSERT_MACRO_HERE}&hph={INSERT_MACRO_HERE}&ea=AdvantageLandingPage,,(missing) [1],MISSING,WCAG 1.1.1 Failure: alt attribute is missing entirely,,(missing) [1],,(missing) [1],,(missing) [1],,,true,1,1,1,1,http://usps.com/business/ground-advantage.htm
https://www.usps.com/business/images/3M-logo.png,,(missing) [1],MISSING,WCAG 1.1.1 Failure: alt attribute is missing entirely,,(missing) [1],,(missing) [1],,(missing) [1],,,true,230,43,1,1,http://usps.com/business/repositionable-notes-vendors.htm
https://www.usps.com/global-elements/images/facebook_logo.png,Image of Facebook social media icon.,Image of Facebook social media icon. [87],SUSPICIOUS,"Alt text contains redundant phrase ""image of""",,(missing) [87],,(missing) [87],,(missing) [87],,,true,38,38,87,87,http://usps.com/; http://usps.com/apps/informed-delivery.htm; http://usps.com/apps/rapid-drop.htm; http://usps.com/business; http://usps.com/business/advertise-with-mail.htm; http://usps.com/business/api-access.htm; http://usps.com/business/connect; http://usps.com/business/connect/ecommerce.htm; http://usps.com/business/connect/ecommerce-merchants.htm; http://usps.com/business/connect/local.htm; http://usps.com/business/customized-direct-mail.htm; http://usps.com/business/every-door-direct-mail.htm; http://usps.com/business/ground-advantage.htm; http://usps.com/business/informed-delivery.htm; http://usps.com/business/informed-innovations.htm; http://usps.com/business/international-shipping.htm; http://usps.com/business/label-broker.htm; http://usps.com/business/large-business.htm; http://usps.com/business/manage-mail.htm; http://usps.com/business/political-mail.htm; http://usps.com/business/postage-options.htm; http://usps.com/business/postage-options-compare.htm; http://usps.com/business/prices.htm; http://usps.com/business/priority-mail-next-day.htm; http://usps.com/business/promotions-incentives.htm; http://usps.com/business/repositionable-notes-vendors.htm; http://usps.com/business/return-services.htm; http://usps.com/business/vendors.htm; http://usps.com/business/verify-postage.htm; http://usps.com/business/web-tools-apis/documentation-updates.htm; http://usps.com/business/web-tools-apis; http://usps.com/help/claims.htm; http://usps.com/help/contact-us.htm; http://usps.com/help/international-claims.htm; http://usps.com/help/international-refunds.htm; http://usps.com/help/missing-mail.htm; http://usps.com/help/refunds.htm; http://usps.com/international; http://usps.com/international/customs-forms.htm; http://usps.com/international/first-class-mail-international.htm; http://usps.com/international/first-class-package-international-service.htm; http://usps.com/international/insurance-extra-services.htm; http://usps.com/international/international-how-to.htm; http://usps.com/international/letters.htm; http://usps.com/international/mail-shipping-services.htm; http://usps.com/international/money-transfers.htm; http://usps.com/international/new-eu-customs-rules.htm; http://usps.com/international/passports.htm; http://usps.com/international/prepaid-import-duties.htm; http://usps.com/international/preparing-international-shipments.htm; http://usps.com/international/priority-mail-express-international.htm; http://usps.com/international/priority-mail-international.htm; http://usps.com/international/shipping-restrictions.htm; http://usps.com/manage; http://usps.com/manage/forward.htm; http://usps.com/manage/forward-premium.htm; http://usps.com/manage/hold-mail.htm; http://usps.com/manage/informed-delivery.htm; http://usps.com/manage/mailboxes.htm; http://usps.com/manage/mail-for-deceased.htm; http://usps.com/manage/move-campaign.htm; http://usps.com/manage/package-intercept.htm; http://usps.com/manage/po-boxes.htm; http://usps.com/packagemailbox; http://usps.com/perfectlyorchestrated; http://usps.com/priority-mail/map; http://usps.com/service-standards; http://usps.com/ship; http://usps.com/ship/apo-fpo-dpo.htm; http://usps.com/ship/custom-mail.htm; http://usps.com/ship/first-class-mail.htm; http://usps.com/ship/ground-advantage.htm; http://usps.com/ship/insurance-extra-services.htm; http://usps.com/ship/label-broker.htm; http://usps.com/ship/letters.htm; http://usps.com/ship/mail-shipping-services.htm; http://usps.com/ship/online-shipping.htm; http://usps.com/ship/packages.htm; http://usps.com/ship/priority-mail.htm; http://usps.com/ship/priority-mail-express.htm; http://usps.com/ship/shipping-restrictions.htm; http://usps.com/shop/money-orders.htm; http://usps.com/shop/returns-exchanges.htm; http://usps.com/smallbusiness; http://usps.com/vulnerability-disclosure-policy; http://usps.com/taxes/welcome.htm; http://usps.com/holiday/holiday-shipping-dates.htm
https://www.usps.com/global-elements/images/instagram_logo.png,Image of instagram social media icon.,Image of instagram social media icon. [87],SUSPICIOUS,"Alt text contains redundant phrase ""image of""",,(missing) [87],,(missing) [87],,(missing) [87],,,true,38,38,87,87,http://usps.com/; http://usps.com/apps/informed-delivery.htm; http://usps.com/apps/rapid-drop.htm; http://usps.com/business; http://usps.com/business/advertise-with-mail.htm; http://usps.com/business/api-access.htm; http://usps.com/business/connect; http://usps.com/business/connect/ecommerce.htm; http://usps.com/business/connect/ecommerce-merchants.htm; http://usps.com/business/connect/local.htm; http://usps.com/business/customized-direct-mail.htm; http://usps.com/business/every-door-direct-mail.htm; http://usps.com/business/ground-advantage.htm; http://usps.com/business/informed-delivery.htm; http://usps.com/business/informed-innovations.htm; http://usps.com/business/international-shipping.htm; http://usps.com/business/label-broker.htm; http://usps.com/business/large-business.htm; http://usps.com/business/manage-mail.htm; http://usps.com/business/political-mail.htm; http://usps.com/business/postage-options.htm; http://usps.com/business/postage-options-compare.htm; http://usps.com/business/prices.htm; http://usps.com/business/priority-mail-next-day.htm; http://usps.com/business/promotions-incentives.htm; http://usps.com/business/repositionable-notes-vendors.htm; http://usps.com/business/return-services.htm; http://usps.com/business/vendors.htm; http://usps.com/business/verify-postage.htm; http://usps.com/business/web-tools-apis/documentation-updates.htm; http://usps.com/business/web-tools-apis; http://usps.com/help/claims.htm; http://usps.com/help/contact-us.htm; http://usps.com/help/international-claims.htm; http://usps.com/help/international-refunds.htm; http://usps.com/help/missing-mail.htm; http://usps.com/help/refunds.htm; http://usps.com/international; http://usps.com/international/customs-forms.htm; http://usps.com/international/first-class-mail-international.htm; http://usps.com/international/first-class-package-international-service.htm; http://usps.com/international/insurance-extra-services.htm; http://usps.com/international/international-how-to.htm; http://usps.com/international/letters.htm; http://usps.com/international/mail-shipping-services.htm; http://usps.com/international/money-transfers.htm; http://usps.com/international/new-eu-customs-rules.htm; http://usps.com/international/passports.htm; http://usps.com/international/prepaid-import-duties.htm; http://usps.com/international/preparing-international-shipments.htm; http://usps.com/international/priority-mail-express-international.htm; http://usps.com/international/priority-mail-international.htm; http://usps.com/international/shipping-restrictions.htm; http://usps.com/manage; http://usps.com/manage/forward.htm; http://usps.com/manage/forward-premium.htm; http://usps.com/manage/hold-mail.htm; http://usps.com/manage/informed-delivery.htm; http://usps.com/manage/mailboxes.htm; http://usps.com/manage/mail-for-deceased.htm; http://usps.com/manage/move-campaign.htm; http://usps.com/manage/package-intercept.htm; http://usps.com/manage/po-boxes.htm; http://usps.com/packagemailbox; http://usps.com/perfectlyorchestrated; http://usps.com/priority-mail/map; http://usps.com/service-standards; http://usps.com/ship; http://usps.com/ship/apo-fpo-dpo.htm; http://usps.com/ship/custom-mail.htm; http://usps.com/ship/first-class-mail.htm; http://usps.com/ship/ground-advantage.htm; http://usps.com/ship/insurance-extra-services.htm; http://usps.com/ship/label-broker.htm; http://usps.com/ship/letters.htm; http://usps.com/ship/mail-shipping-services.htm; http://usps.com/ship/online-shipping.htm; http://usps.com/ship/packages.htm; http://usps.com/ship/priority-mail.htm; http://usps.com/ship/priority-mail-express.htm; http://usps.com/ship/shipping-restrictions.htm; http://usps.com/shop/money-orders.htm; http://usps.com/shop/returns-exchanges.htm; http://usps.com/smallbusiness; http://usps.com/vulnerability-disclosure-policy; http://usps.com/taxes/welcome.htm; http://usps.com/holiday/holiday-shipping-dates.htm
https://www.usps.com/global-elements/images/logo-sb.svg,Image of USPS.com logo.,Image of USPS.com logo. [87],SUSPICIOUS,"Alt text contains redundant phrase ""image of""",,(missing) [87],Image of USPS.com logo.,Image of USPS.com logo. [87],,(missing) [87],,,true,300,36,87,87,http://usps.com/; http://usps.com/apps/informed-delivery.htm; http://usps.com/apps/rapid-drop.htm; http://usps.com/business; http://usps.com/business/advertise-with-mail.htm; http://usps.com/business/api-access.htm; http://usps.com/business/connect; http://usps.com/business/connect/ecommerce.htm; http://usps.com/business/connect/ecommerce-merchants.htm; http://usps.com/business/connect/local.htm; http://usps.com/business/customized-direct-mail.htm; http://usps.com/business/every-door-direct-mail.htm; http://usps.com/business/ground-advantage.htm; http://usps.com/business/informed-delivery.htm; http://usps.com/business/informed-innovations.htm; http://usps.com/business/international-shipping.htm; http://usps.com/business/label-broker.htm; http://usps.com/business/large-business.htm; http://usps.com/business/manage-mail.htm; http://usps.com/business/political-mail.htm; http://usps.com/business/postage-options.htm; http://usps.com/business/postage-options-compare.htm; http://usps.com/business/prices.htm; http://usps.com/business/priority-mail-next-day.htm; http://usps.com/business/promotions-incentives.htm; http://usps.com/business/repositionable-notes-vendors.htm; http://usps.com/business/return-services.htm; http://usps.com/business/vendors.htm; http://usps.com/business/verify-postage.htm; http://usps.com/business/web-tools-apis/documentation-updates.htm; http://usps.com/business/web-tools-apis; http://usps.com/help/claims.htm; http://usps.com/help/contact-us.htm; http://usps.com/help/international-claims.htm; http://usps.com/help/international-refunds.htm; http://usps.com/help/missing-mail.htm; http://usps.com/help/refunds.htm; http://usps.com/international; http://usps.com/international/customs-forms.htm; http://usps.com/international/first-class-mail-international.htm; http://usps.com/international/first-class-package-international-service.htm; http://usps.com/international/insurance-extra-services.htm; http://usps.com/international/international-how-to.htm; http://usps.com/international/letters.htm; http://usps.com/international/mail-shipping-services.htm; http://usps.com/international/money-transfers.htm; http://usps.com/international/new-eu-customs-rules.htm; http://usps.com/international/passports.htm; http://usps.com/international/prepaid-import-duties.htm; http://usps.com/international/preparing-international-shipments.htm; http://usps.com/international/priority-mail-express-international.htm; http://usps.com/international/priority-mail-international.htm; http://usps.com/international/shipping-restrictions.htm; http://usps.com/manage; http://usps.com/manage/forward.htm; http://usps.com/manage/forward-premium.htm; http://usps.com/manage/hold-mail.htm; http://usps.com/manage/informed-delivery.htm; http://usps.com/manage/mailboxes.htm; http://usps.com/manage/mail-for-deceased.htm; http://usps.com/manage/move-campaign.htm; http://usps.com/manage/package-intercept.htm; http://usps.com/manage/po-boxes.htm; http://usps.com/packagemailbox; http://usps.com/perfectlyorchestrated; http://usps.com/priority-mail/map; http://usps.com/service-standards; http://usps.com/ship; http://usps.com/ship/apo-fpo-dpo.htm; http://usps.com/ship/custom-mail.htm; http://usps.com/ship/first-class-mail.htm; http://usps.com/ship/ground-advantage.htm; http://usps.com/ship/insurance-extra-services.htm; http://usps.com/ship/label-broker.htm; http://usps.com/ship/letters.htm; http://usps.com/ship/mail-shipping-services.htm; http://usps.com/ship/online-shipping.htm; http://usps.com/ship/packages.htm; http://usps.com/ship/priority-mail.htm; http://usps.com/ship/priority-mail-express.htm; http://usps.com/ship/shipping-restrictions.htm; http://usps.com/shop/money-orders.htm; http://usps.com/shop/returns-exchanges.htm; http://usps.com/smallbusiness; http://usps.com/vulnerability-disclosure-policy; http://usps.com/taxes/welcome.htm; http://usps.com/holiday/holiday-shipping-dates.htm
https://www.usps.com/global-elements/images/pinterest_logo.png,Image of Pinterest social media icon.,Image of Pinterest social media icon. [87],SUSPICIOUS,"Alt text contains redundant phrase ""image of""",,(missing) [87],,(missing) [87],,(missing) [87],,,true,38,38,87,87,http://usps.com/; http://usps.com/apps/informed-delivery.htm; http://usps.com/apps/rapid-drop.htm; http://usps.com/business; http://usps.com/business/advertise-with-mail.htm; http://usps.com/business/api-access.htm; http://usps.com/business/connect; http://usps.com/business/connect/ecommerce.htm; http://usps.com/business/connect/ecommerce-merchants.htm; http://usps.com/business/connect/local.htm; http://usps.com/business/customized-direct-mail.htm; http://usps.com/business/every-door-direct-mail.htm; http://usps.com/business/ground-advantage.htm; http://usps.com/business/informed-delivery.htm; http://usps.com/business/informed-innovations.htm; http://usps.com/business/international-shipping.htm; http://usps.com/business/label-broker.htm; http://usps.com/business/large-business.htm; http://usps.com/business/manage-mail.htm; http://usps.com/business/political-mail.htm; http://usps.com/business/postage-options.htm; http://usps.com/business/postage-options-compare.htm; http://usps.com/business/prices.htm; http://usps.com/business/priority-mail-next-day.htm; http://usps.com/business/promotions-incentives.htm; http://usps.com/business/repositionable-notes-vendors.htm; http://usps.com/business/return-services.htm; http://usps.com/business/vendors.htm; http://usps.com/business/verify-postage.htm; http://usps.com/business/web-tools-apis/documentation-updates.htm; http://usps.com/business/web-tools-apis; http://usps.com/help/claims.htm; http://usps.com/help/contact-us.htm; http://usps.com/help/international-claims.htm; http://usps.com/help/international-refunds.htm; http://usps.com/help/missing-mail.htm; http://usps.com/help/refunds.htm; http://usps.com/international; http://usps.com/international/customs-forms.htm; http://usps.com/international/first-class-mail-international.htm; http://usps.com/international/first-class-package-international-service.htm; http://usps.com/international/insurance-extra-services.htm; http://usps.com/international/international-how-to.htm; http://usps.com/international/letters.htm; http://usps.com/international/mail-shipping-services.htm; http://usps.com/international/money-transfers.htm; http://usps.com/international/new-eu-customs-rules.htm; http://usps.com/international/passports.htm; http://usps.com/international/prepaid-import-duties.htm; http://usps.com/international/preparing-international-shipments.htm; http://usps.com/international/priority-mail-express-international.htm; http://usps.com/international/priority-mail-international.htm; http://usps.com/international/shipping-restrictions.htm; http://usps.com/manage; http://usps.com/manage/forward.htm; http://usps.com/manage/forward-premium.htm; http://usps.com/manage/hold-mail.htm; http://usps.com/manage/informed-delivery.htm; http://usps.com/manage/mailboxes.htm; http://usps.com/manage/mail-for-deceased.htm; http://usps.com/manage/move-campaign.htm; http://usps.com/manage/package-intercept.htm; http://usps.com/manage/po-boxes.htm; http://usps.com/packagemailbox; http://usps.com/perfectlyorchestrated; http://usps.com/priority-mail/map; http://usps.com/service-standards; http://usps.com/ship; http://usps.com/ship/apo-fpo-dpo.htm; http://usps.com/ship/custom-mail.htm; http://usps.com/ship/first-class-mail.htm; http://usps.com/ship/ground-advantage.htm; http://usps.com/ship/insurance-extra-services.htm; http://usps.com/ship/label-broker.htm; http://usps.com/ship/letters.htm; http://usps.com/ship/mail-shipping-services.htm; http://usps.com/ship/online-shipping.htm; http://usps.com/ship/packages.htm; http://usps.com/ship/priority-mail.htm; http://usps.com/ship/priority-mail-express.htm; http://usps.com/ship/shipping-restrictions.htm; http://usps.com/shop/money-orders.htm; http://usps.com/shop/returns-exchanges.htm; http://usps.com/smallbusiness; http://usps.com/vulnerability-disclosure-policy; http://usps.com/taxes/welcome.htm; http://usps.com/holiday/holiday-shipping-dates.htm
https://www.usps.com/global-elements/images/threads_logo.png,Image of Threads social media icon.,Image of Threads social media icon. [87],SUSPICIOUS,"Alt text contains redundant phrase ""image of""",,(missing) [87],,(missing) [87],,(missing) [87],,,true,38,44,87,87,http://usps.com/; http://usps.com/apps/informed-delivery.htm; http://usps.com/apps/rapid-drop.htm; http://usps.com/business; http://usps.com/business/advertise-with-mail.htm; http://usps.com/business/api-access.htm; http://usps.com/business/connect; http://usps.com/business/connect/ecommerce.htm; http://usps.com/business/connect/ecommerce-merchants.htm; http://usps.com/business/connect/local.htm; http://usps.com/business/customized-direct-mail.htm; http://usps.com/business/every-door-direct-mail.htm; http://usps.com/business/ground-advantage.htm; http://usps.com/business/informed-delivery.htm; http://usps.com/business/informed-innovations.htm; http://usps.com/business/international-shipping.htm; http://usps.com/business/label-broker.htm; http://usps.com/business/large-business.htm; http://usps.com/business/manage-mail.htm; http://usps.com/business/political-mail.htm; http://usps.com/business/postage-options.htm; http://usps.com/business/postage-options-compare.htm; http://usps.com/business/prices.htm; http://usps.com/business/priority-mail-next-day.htm; http://usps.com/business/promotions-incentives.htm; http://usps.com/business/repositionable-notes-vendors.htm; http://usps.com/business/return-services.htm; http://usps.com/business/vendors.htm; http://usps.com/business/verify-postage.htm; http://usps.com/business/web-tools-apis/documentation-updates.htm; http://usps.com/business/web-tools-apis; http://usps.com/help/claims.htm; http://usps.com/help/contact-us.htm; http://usps.com/help/international-claims.htm; http://usps.com/help/international-refunds.htm; http://usps.com/help/missing-mail.htm; http://usps.com/help/refunds.htm; http://usps.com/international; http://usps.com/international/customs-forms.htm; http://usps.com/international/first-class-mail-international.htm; http://usps.com/international/first-class-package-international-service.htm; http://usps.com/international/insurance-extra-services.htm; http://usps.com/international/international-how-to.htm; http://usps.com/international/letters.htm; http://usps.com/international/mail-shipping-services.htm; http://usps.com/international/money-transfers.htm; http://usps.com/international/new-eu-customs-rules.htm; http://usps.com/international/passports.htm; http://usps.com/international/prepaid-import-duties.htm; http://usps.com/international/preparing-international-shipments.htm; http://usps.com/international/priority-mail-express-international.htm; http://usps.com/international/priority-mail-international.htm; http://usps.com/international/shipping-restrictions.htm; http://usps.com/manage; http://usps.com/manage/forward.htm; http://usps.com/manage/forward-premium.htm; http://usps.com/manage/hold-mail.htm; http://usps.com/manage/informed-delivery.htm; http://usps.com/manage/mailboxes.htm; http://usps.com/manage/mail-for-deceased.htm; http://usps.com/manage/move-campaign.htm; http://usps.com/manage/package-intercept.htm; http://usps.com/manage/po-boxes.htm; http://usps.com/packagemailbox; http://usps.com/perfectlyorchestrated; http://usps.com/priority-mail/map; http://usps.com/service-standards; http://usps.com/ship; http://usps.com/ship/apo-fpo-dpo.htm; http://usps.com/ship/custom-mail.htm; http://usps.com/ship/first-class-mail.htm; http://usps.com/ship/ground-advantage.htm; http://usps.com/ship/insurance-extra-services.htm; http://usps.com/ship/label-broker.htm; http://usps.com/ship/letters.htm; http://usps.com/ship/mail-shipping-services.htm; http://usps.com/ship/online-shipping.htm; http://usps.com/ship/packages.htm; http://usps.com/ship/priority-mail.htm; http://usps.com/ship/priority-mail-express.htm; http://usps.com/ship/shipping-restrictions.htm; http://usps.com/shop/money-orders.htm; http://usps.com/shop/returns-exchanges.htm; http://usps.com/smallbusiness; http://usps.com/vulnerability-disclosure-policy; http://usps.com/taxes/welcome.htm; http://usps.com/holiday/holiday-shipping-dates.htm
https://www.usps.com/global-elements/images/x_logo.png,Image of X social media icon.,Image of X social media icon. [87],SUSPICIOUS,"Alt text contains redundant phrase ""image of""",,(missing) [87],,(missing) [87],,(missing) [87],,,true,38,39,87,87,http://usps.com/; http://usps.com/apps/informed-delivery.htm; http://usps.com/apps/rapid-drop.htm; http://usps.com/business; http://usps.com/business/advertise-with-mail.htm; http://usps.com/business/api-access.htm; http://usps.com/business/connect; http://usps.com/business/connect/ecommerce.htm; http://usps.com/business/connect/ecommerce-merchants.htm; http://usps.com/business/connect/local.htm; http://usps.com/business/customized-direct-mail.htm; http://usps.com/business/every-door-direct-mail.htm; http://usps.com/business/ground-advantage.htm; http://usps.com/business/informed-delivery.htm; http://usps.com/business/informed-innovations.htm; http://usps.com/business/international-shipping.htm; http://usps.com/business/label-broker.htm; http://usps.com/business/large-business.htm; http://usps.com/business/manage-mail.htm; http://usps.com/business/political-mail.htm; http://usps.com/business/postage-options.htm; http://usps.com/business/postage-options-compare.htm; http://usps.com/business/prices.htm; http://usps.com/business/priority-mail-next-day.htm; http://usps.com/business/promotions-incentives.htm; http://usps.com/business/repositionable-notes-vendors.htm; http://usps.com/business/return-services.htm; http://usps.com/business/vendors.htm; http://usps.com/business/verify-postage.htm; http://usps.com/business/web-tools-apis/documentation-updates.htm; http://usps.com/business/web-tools-apis; http://usps.com/help/claims.htm; http://usps.com/help/contact-us.htm; http://usps.com/help/international-claims.htm; http://usps.com/help/international-refunds.htm; http://usps.com/help/missing-mail.htm; http://usps.com/help/refunds.htm; http://usps.com/international; http://usps.com/international/customs-forms.htm; http://usps.com/international/first-class-mail-international.htm; http://usps.com/international/first-class-package-international-service.htm; http://usps.com/international/insurance-extra-services.htm; http://usps.com/international/international-how-to.htm; http://usps.com/international/letters.htm; http://usps.com/international/mail-shipping-services.htm; http://usps.com/international/money-transfers.htm; http://usps.com/international/new-eu-customs-rules.htm; http://usps.com/international/passports.htm; http://usps.com/international/prepaid-import-duties.htm; http://usps.com/international/preparing-international-shipments.htm; http://usps.com/international/priority-mail-express-international.htm; http://usps.com/international/priority-mail-international.htm; http://usps.com/international/shipping-restrictions.htm; http://usps.com/manage; http://usps.com/manage/forward.htm; http://usps.com/manage/forward-premium.htm; http://usps.com/manage/hold-mail.htm; http://usps.com/manage/informed-delivery.htm; http://usps.com/manage/mailboxes.htm; http://usps.com/manage/mail-for-deceased.htm; http://usps.com/manage/move-campaign.htm; http://usps.com/manage/package-intercept.htm; http://usps.com/manage/po-boxes.htm; http://usps.com/packagemailbox; http://usps.com/perfectlyorchestrated; http://usps.com/priority-mail/map; http://usps.com/service-standards; http://usps.com/ship; http://usps.com/ship/apo-fpo-dpo.htm; http://usps.com/ship/custom-mail.htm; http://usps.com/ship/first-class-mail.htm; http://usps.com/ship/ground-advantage.htm; http://usps.com/ship/insurance-extra-services.htm; http://usps.com/ship/label-broker.htm; http://usps.com/ship/letters.htm; http://usps.com/ship/mail-shipping-services.htm; http://usps.com/ship/online-shipping.htm; http://usps.com/ship/packages.htm; http://usps.com/ship/priority-mail.htm; http://usps.com/ship/priority-mail-express.htm; http://usps.com/ship/shipping-restrictions.htm; http://usps.com/shop/money-orders.htm; http://usps.com/shop/returns-exchanges.htm; http://usps.com/smallbusiness; http://usps.com/vulnerability-disclosure-policy; http://usps.com/taxes/welcome.htm; http://usps.com/holiday/holiday-shipping-dates.htm
https://www.usps.com/global-elements/images/youtube_logo.png,Image of Youtube social media icon.,Image of Youtube social media icon. [87],SUSPICIOUS,"Alt text contains redundant phrase ""image of""",,(missing) [87],,(missing) [87],,(missing) [87],,,true,38,27,87,87,http://usps.com/; http://usps.com/apps/informed-delivery.htm; http://usps.com/apps/rapid-drop.htm; http://usps.com/business; http://usps.com/business/advertise-with-mail.htm; http://usps.com/business/api-access.htm; http://usps.com/business/connect; http://usps.com/business/connect/ecommerce.htm; http://usps.com/business/connect/ecommerce-merchants.htm; http://usps.com/business/connect/local.htm; http://usps.com/business/customized-direct-mail.htm; http://usps.com/business/every-door-direct-mail.htm; http://usps.com/business/ground-advantage.htm; http://usps.com/business/informed-delivery.htm; http://usps.com/business/informed-innovations.htm; http://usps.com/business/international-shipping.htm; http://usps.com/business/label-broker.htm; http://usps.com/business/large-business.htm; http://usps.com/business/manage-mail.htm; http://usps.com/business/political-mail.htm; http://usps.com/business/postage-options.htm; http://usps.com/business/postage-options-compare.htm; http://usps.com/business/prices.htm; http://usps.com/business/priority-mail-next-day.htm; http://usps.com/business/promotions-incentives.htm; http://usps.com/business/repositionable-notes-vendors.htm; http://usps.com/business/return-services.htm; http://usps.com/business/vendors.htm; http://usps.com/business/verify-postage.htm; http://usps.com/business/web-tools-apis/documentation-updates.htm; http://usps.com/business/web-tools-apis; http://usps.com/help/claims.htm; http://usps.com/help/contact-us.htm; http://usps.com/help/international-claims.htm; http://usps.com/help/international-refunds.htm; http://usps.com/help/missing-mail.htm; http://usps.com/help/refunds.htm; http://usps.com/international; http://usps.com/international/customs-forms.htm; http://usps.com/international/first-class-mail-international.htm; http://usps.com/international/first-class-package-international-service.htm; http://usps.com/international/insurance-extra-services.htm; http://usps.com/international/international-how-to.htm; http://usps.com/international/letters.htm; http://usps.com/international/mail-shipping-services.htm; http://usps.com/international/money-transfers.htm; http://usps.com/international/new-eu-customs-rules.htm; http://usps.com/international/passports.htm; http://usps.com/international/prepaid-import-duties.htm; http://usps.com/international/preparing-international-shipments.htm; http://usps.com/international/priority-mail-express-international.htm; http://usps.com/international/priority-mail-international.htm; http://usps.com/international/shipping-restrictions.htm; http://usps.com/manage; http://usps.com/manage/forward.htm; http://usps.com/manage/forward-premium.htm; http://usps.com/manage/hold-mail.htm; http://usps.com/manage/informed-delivery.htm; http://usps.com/manage/mailboxes.htm; http://usps.com/manage/mail-for-deceased.htm; http://usps.com/manage/move-campaign.htm; http://usps.com/manage/package-intercept.htm; http://usps.com/manage/po-boxes.htm; http://usps.com/packagemailbox; http://usps.com/perfectlyorchestrated; http://usps.com/priority-mail/map; http://usps.com/service-standards; http://usps.com/ship; http://usps.com/ship/apo-fpo-dpo.htm; http://usps.com/ship/custom-mail.htm; http://usps.com/ship/first-class-mail.htm; http://usps.com/ship/ground-advantage.htm; http://usps.com/ship/insurance-extra-services.htm; http://usps.com/ship/label-broker.htm; http://usps.com/ship/letters.htm; http://usps.com/ship/mail-shipping-services.htm; http://usps.com/ship/online-shipping.htm; http://usps.com/ship/packages.htm; http://usps.com/ship/priority-mail.htm; http://usps.com/ship/priority-mail-express.htm; http://usps.com/ship/shipping-restrictions.htm; http://usps.com/shop/money-orders.htm; http://usps.com/shop/returns-exchanges.htm; http://usps.com/smallbusiness; http://usps.com/vulnerability-disclosure-policy; http://usps.com/taxes/welcome.htm; http://usps.com/holiday/holiday-shipping-dates.htm
https://www.usps.com/assets/images/ship/mail-ship/ground-advantage-service.png,Image of USPS Ground Advantage,Image of USPS Ground Advantage [2] | USPS Ground Advantage™ Logo [1],SUSPICIOUS,"Alt text contains redundant phrase ""image of""",,(missing) [3],,(missing) [3],,(missing) [3],,,true,4680,585,3,2,http://usps.com/ship/ground-advantage.htm; http://usps.com/ship/mail-shipping-services.htm
https://www.usps.com/assets/images/business/promotions-incentives/advanced-tech.jpg,Graphic of someone using a virtual reality headset,Graphic of someone using a virtual reality headset [2],SUSPICIOUS,"Alt text contains redundant phrase ""graphic of""",,(missing) [2],,(missing) [2],,(missing) [2],,,true,546,328,2,1,http://usps.com/business/promotions-incentives.htm
https://www.usps.com/assets/images/business/promotions-incentives/first-class.jpg,Graphic of business workers analyzing their First-Class Mail statistics,Graphic of business workers analyzing their First-Class Mail statistics [2],SUSPICIOUS,"Alt text contains redundant phrase ""graphic of""",,(missing) [2],,(missing) [2],,(missing) [2],,,true,546,328,2,1,http://usps.com/business/promotions-incentives.htm
https://www.usps.com/assets/images/business/promotions-incentives/informed-delivery.jpg,Graphic of a person viewing an Informed Delivery preview of their mail on a smartphone with physical mail and a USPS delivery truck in the background,Graphic of a person viewing an Informed Delivery preview of their mail on a smartphone with physical mail and a USPS delivery truck in the background [2],SUSPICIOUS,"Alt text contains redundant phrase ""graphic of""",,(missing) [2],,(missing) [2],,(missing) [2],,,true,546,328,2,1,http://usps.com/business/promotions-incentives.htm
https://www.usps.com/assets/images/business/promotions-incentives/insights.jpg,Graphic of business workers creating a catalog campaign to increase their customer engagement.,Graphic of business workers creating a catalog campaign to increase their customer engagement. [2],SUSPICIOUS,"Alt text contains redundant phrase ""graphic of""",,(missing) [2],,(missing) [2],,(missing) [2],,,true,763,601,2,1,http://usps.com/business/promotions-incentives.htm
https://www.usps.com/assets/images/business/promotions-incentives/mailpiece-engagement.jpg,Graphic of business workers using color print technology,Graphic of business workers using color print technology [2],SUSPICIOUS,"Alt text contains redundant phrase ""graphic of""",,(missing) [2],,(missing) [2],,(missing) [2],,,true,546,328,2,1,http://usps.com/business/promotions-incentives.htm
https://www.usps.com/assets/images/business/promotions-incentives/retargeted.jpg,Graphic of business workers analyzing physical and digital marketing campaign results.,Graphic of business workers analyzing physical and digital marketing campaign results. [2],SUSPICIOUS,"Alt text contains redundant phrase ""graphic of""",,(missing) [2],,(missing) [2],,(missing) [2],,,true,546,328,2,1,http://usps.com/business/promotions-incentives.htm
https://www.usps.com/assets/images/business/promotions-incentives/sustainability.jpg,Graphic of business workers using recycled paper for mailing letters.,Graphic of business workers using recycled paper for mailing letters. [2],SUSPICIOUS,"Alt text contains redundant phrase ""graphic of""",,(missing) [2],,(missing) [2],,(missing) [2],,,true,546,328,2,1,http://usps.com/business/promotions-incentives.htm
https://www.usps.com/assets/images/help/usps_request_refund.png,Image of a screenshot from the video,Image of a screenshot from the video [2],SUSPICIOUS,"Alt text contains redundant phrase ""image of""","Video is 1:39, one minute, 39 seconds","Video is 1:39, one minute, 39 seconds [2]",,(missing) [2],,(missing) [2],,,true,635,358,2,1,http://usps.com/help/refunds.htm
https://www.usps.com/assets/images/ship/international/first-intl.jpg,Image of an Air Mail envelope with a First-Class Global Forever® stamp.,Image of an Air Mail envelope with a First-Class Global Forever® stamp. [1] | Image of an envelope with a First-Class Global Forever® stamp. [1],SUSPICIOUS,"Alt text contains redundant phrase ""image of""",,(missing) [2],,(missing) [2],,(missing) [2],,,true,635,358,2,1,http://usps.com/international/mail-shipping-services.htm
https://www.usps.com/assets/images/ship/international/mail-ship-pmi.jpg,Image of Priority Mail International supplies.,Image of Priority Mail International supplies. [2],SUSPICIOUS,"Alt text contains redundant phrase ""image of""",,(missing) [2],,(missing) [2],,(missing) [2],,,true,834,470,2,1,http://usps.com/international/mail-shipping-services.htm
https://www.usps.com/assets/images/ship/international/usps_mail_ship_pmx_box.jpg,Image of Priority Mail Express Boxes,Image of Priority Mail Express Boxes [2],SUSPICIOUS,"Alt text contains redundant phrase ""image of""",,(missing) [2],,(missing) [2],,(missing) [2],,,true,812,429,2,1,http://usps.com/international/mail-shipping-services.htm
https://www.usps.com/assets/images/ship/mail-ship/airmail-m-bags.jpg,Image of an Air Mail M-Bag.,Image of an Air Mail M-Bag. [2],SUSPICIOUS,"Alt text contains redundant phrase ""image of""",,(missing) [2],,(missing) [2],,(missing) [2],,,true,550,550,2,1,http://usps.com/international/mail-shipping-services.htm
https://www.usps.com/assets/images/ship/mail-ship/first-class-mail-mail-services.jpg,Picture of First-Class Stamps,Picture of First-Class Stamps [2],SUSPICIOUS,"Alt text contains redundant phrase ""picture of""",,(missing) [2],,(missing) [2],,(missing) [2],,,true,635,335,2,1,http://usps.com/ship/mail-shipping-services.htm
https://www.usps.com/assets/images/ship/mail-ship/mail-ship-pmi.jpg,Image of Priority Mail supplies.,Image of Priority Mail supplies. [2],SUSPICIOUS,"Alt text contains redundant phrase ""image of""",,(missing) [2],,(missing) [2],,(missing) [2],,,true,834,470,2,1,http://usps.com/ship/mail-shipping-services.htm
https://www.usps.com/assets/images/ship/mail-ship/personalized-stamped-envelopes.jpg,image of personalized stamped envelopes,image of personalized stamped envelopes [2],SUSPICIOUS,"Alt text contains redundant phrase ""image of""",,(missing) [2],,(missing) [2],,(missing) [2],,,true,470,265,2,1,http://usps.com/ship/custom-mail.htm
https://www.usps.com/assets/images/ship/mail-ship/usps_mail_ship_pmx_box.jpg,Image of Priority Mail Express Boxes,Image of Priority Mail Express Boxes [2],SUSPICIOUS,"Alt text contains redundant phrase ""image of""",,(missing) [2],,(missing) [2],,(missing) [2],,,true,812,429,2,1,http://usps.com/ship/mail-shipping-services.htm
https://www.usps.com/assets/images/business/advertise-with-mail/usps_adv_mail_eddm_585x300.jpg,Image of an aerial view highlighting a neighborhood postal route.,Image of an aerial view highlighting a neighborhood postal route. [1],SUSPICIOUS,"Alt text contains redundant phrase ""image of""",,(missing) [1],,(missing) [1],,(missing) [1],,,true,585,300,1,1,http://usps.com/business/advertise-with-mail.htm
https://www.usps.com/assets/images/business/advertise-with-mail/usps_adv_mail_eddm_mobile.jpg,Image of an aerial view highlighting a neighborhood postal route.,Image of an aerial view highlighting a neighborhood postal route. [1],SUSPICIOUS,"Alt text contains redundant phrase ""image of""",,(missing) [1],,(missing) [1],,(missing) [1],,,true,1000,200,1,1,http://usps.com/business/advertise-with-mail.htm
https://www.usps.com/assets/images/business/advertise-with-mail/usps_adv_mail_political_mail_585x300.png,Image of several political mail pieces.,Image of several political mail pieces. [1],SUSPICIOUS,"Alt text contains redundant phrase ""image of""",,(missing) [1],,(missing) [1],,(missing) [1],,,true,585,300,1,1,http://usps.com/business/advertise-with-mail.htm
https://www.usps.com/assets/images/business/advertise-with-mail/usps_adv_mail_political_mail_mobile.jpg,Image of several political mail pieces.,Image of several political mail pieces. [1],SUSPICIOUS,"Alt text contains redundant phrase ""image of""",,(missing) [1],,(missing) [1],,(missing) [1],,,true,1000,200,1,1,http://usps.com/business/advertise-with-mail.htm
https://www.usps.com/assets/images/business/eddm/EDDM-example2.png,Image of a blue sample envelope.,Image of a blue sample envelope. [1],SUSPICIOUS,"Alt text contains redundant phrase ""image of""",,(missing) [1],,(missing) [1],,(missing) [1],,,true,831,398,1,1,http://usps.com/business/every-door-direct-mail.htm
https://www.usps.com/assets/images/business/eddm/eddm-indicia-1.jpg,Image of PRSRT STD ECRWSS U.S. Postage Paid EDDM Retail.,Image of PRSRT STD ECRWSS U.S. Postage Paid EDDM Retail. [1],SUSPICIOUS,"Alt text contains redundant phrase ""image of""",,(missing) [1],,(missing) [1],,(missing) [1],,,true,167,127,1,1,http://usps.com/business/every-door-direct-mail.htm
https://www.usps.com/assets/images/business/eddm/local-postal-customer.jpg,Image of Local Postal Customer.,Image of Local Postal Customer. [1],SUSPICIOUS,"Alt text contains redundant phrase ""image of""",,(missing) [1],,(missing) [1],,(missing) [1],,,true,202,50,1,1,http://usps.com/business/every-door-direct-mail.htm
https://www.usps.com/assets/images/business/informed-delivery/id_hero-mobile.jpg,Informed Delivery notification email on a phone screen showing grayscale preview image of an incoming mailpiece.,Informed Delivery notification email on a phone screen showing grayscale preview image of an incoming mailpiece. [1],SUSPICIOUS,"Alt text contains redundant phrase ""image of""",,(missing) [1],,(missing) [1],,(missing) [1],,,true,990,225,1,1,http://usps.com/manage/informed-delivery.htm
https://www.usps.com/assets/images/business/informed-delivery/id_hero.jpg,Informed Delivery notification email on a phone screen showing grayscale preview image of an incoming mailpiece.,Informed Delivery notification email on a phone screen showing grayscale preview image of an incoming mailpiece. [1],SUSPICIOUS,"Alt text contains redundant phrase ""image of""",,(missing) [1],,(missing) [1],,(missing) [1],,,true,942,420,1,1,http://usps.com/manage/informed-delivery.htm
https://www.usps.com/assets/images/business/label-broker-phone.png,image of a phone showing the USPS Label Broker code.,image of a phone showing the USPS Label Broker code. [1],SUSPICIOUS,"Alt text contains redundant phrase ""image of""",,(missing) [1],,(missing) [1],,(missing) [1],,,true,600,600,1,1,http://usps.com/business/label-broker.htm
https://www.usps.com/assets/images/business/postage-options-permit-imprint.jpg,Image of Picture Permit Indicia envelope,Image of Picture Permit Indicia envelope [1],SUSPICIOUS,"Alt text contains redundant phrase ""image of""",,(missing) [1],,(missing) [1],,(missing) [1],,,true,322,223,1,1,http://usps.com/business/postage-options.htm
https://www.usps.com/assets/images/business/postage-options-picture-permit-indicia.jpg,Image of Picture Permit Indicia envelope,Image of Picture Permit Indicia envelope [1],SUSPICIOUS,"Alt text contains redundant phrase ""image of""",,(missing) [1],,(missing) [1],,(missing) [1],,,true,322,223,1,1,http://usps.com/business/postage-options.htm
https://www.usps.com/assets/images/business/postage-options-postage-meter.jpg,Image of Picture Meter Printing envelope,Image of Picture Meter Printing envelope [1],SUSPICIOUS,"Alt text contains redundant phrase ""image of""",,(missing) [1],,(missing) [1],,(missing) [1],,,true,322,223,1,1,http://usps.com/business/postage-options.htm
https://www.usps.com/assets/images/business/postage-options-precanceled-stamps.jpg,Image of Precanceled stamp on envelope,Image of Precanceled stamp on envelope [1],SUSPICIOUS,"Alt text contains redundant phrase ""image of""",,(missing) [1],,(missing) [1],,(missing) [1],,,true,322,223,1,1,http://usps.com/business/postage-options.htm
https://www.usps.com/assets/images/business/web-tools-apis/switch-to-usps-apis.jpg,Image of a person looking at computer code on a monitor.,Image of a person looking at computer code on a monitor. [1],SUSPICIOUS,"Alt text contains redundant phrase ""image of""",,(missing) [1],,(missing) [1],,(missing) [1],,,true,384,245,1,1,http://usps.com/business/web-tools-apis
https://www.usps.com/assets/images/business/web-tools-apis/webtools-hero-m.jpg,Image of a person typing on a computer.,Image of a person typing on a computer. [1],SUSPICIOUS,"Alt text contains redundant phrase ""image of""",,(missing) [1],,(missing) [1],,(missing) [1],,,true,991,225,1,1,http://usps.com/business/web-tools-apis
https://www.usps.com/assets/images/business/web-tools-apis/webtools-hero.jpg,Image of a person typing on a computer.,Image of a person typing on a computer. [1],SUSPICIOUS,"Alt text contains redundant phrase ""image of""",,(missing) [1],,(missing) [1],,(missing) [1],,,true,607,410,1,1,http://usps.com/business/web-tools-apis
https://www.usps.com/assets/images/campaigns/next-generation-mailbox/logo-budegtmailboxes.jpg,Image of a browse budge Mailboxes.,Image of a browse budge Mailboxes. [1],SUSPICIOUS,"Alt text contains redundant phrase ""image of""",,(missing) [1],,(missing) [1],,(missing) [1],,,true,550,250,1,1,http://usps.com/packagemailbox
https://www.usps.com/assets/images/campaigns/next-generation-mailbox/logo-menards.jpg,Image of a menards logo,Image of a menards logo [1],SUSPICIOUS,"Alt text contains redundant phrase ""image of""",,(missing) [1],,(missing) [1],,(missing) [1],,,true,550,250,1,1,http://usps.com/packagemailbox
https://www.usps.com/assets/images/campaigns/smallbusiness/large-image-small-business-eddm-mobile.jpg,Image of a residential neighborhood with the EDDM application.,Image of a residential neighborhood with the EDDM application. [1],SUSPICIOUS,"Alt text contains redundant phrase ""image of""",,(missing) [1],,(missing) [1],,(missing) [1],,,true,1000,200,1,1,http://usps.com/smallbusiness
https://www.usps.com/assets/images/campaigns/smallbusiness/large-image-small-business-eddm.jpg,Image of a residential neighborhood with the EDDM application.,Image of a residential neighborhood with the EDDM application. [1],SUSPICIOUS,"Alt text contains redundant phrase ""image of""",,(missing) [1],,(missing) [1],,(missing) [1],,,true,554,442,1,1,http://usps.com/smallbusiness
https://www.usps.com/assets/images/help/help-int-claims-video-still.jpg,Image of a user accessing the help section of www.usps.com,Image of a user accessing the help section of www.usps.com [1],SUSPICIOUS,"Alt text contains redundant phrase ""image of""",,(missing) [1],,(missing) [1],,(missing) [1],,,true,555,312,1,1,http://usps.com/help/international-claims.htm
https://www.usps.com/assets/images/manage/hero-image-holdmail3-mobile.jpg,Image of mailboxes in a row.,Image of mailboxes in a row. [1],SUSPICIOUS,"Alt text contains redundant phrase ""image of""",,(missing) [1],,(missing) [1],,(missing) [1],,,true,1000,200,1,1,http://usps.com/manage/hold-mail.htm
https://www.usps.com/assets/images/manage/hero-image-holdmail3.jpg,Image of mailboxes in a row.,Image of mailboxes in a row. [1],SUSPICIOUS,"Alt text contains redundant phrase ""image of""",,(missing) [1],,(missing) [1],,(missing) [1],,,true,783,350,1,1,http://usps.com/manage/hold-mail.htm
https://www.usps.com/assets/images/map/hero_service-standards-hero.jpg,Image of a United States Postal Service delivery vehicle.,Image of a United States Postal Service delivery vehicle. [1],SUSPICIOUS,"Alt text contains redundant phrase ""image of""",,(missing) [1],,(missing) [1],,(missing) [1],,,true,783,220,1,1,http://usps.com/service-standards
https://www.usps.com/assets/images/map/hero-priority-mail-map-mobile.jpg,Image of priority mail boxes stacked on top of one another.,Image of priority mail boxes stacked on top of one another. [1],SUSPICIOUS,"Alt text contains redundant phrase ""image of""",,(missing) [1],,(missing) [1],,(missing) [1],,,true,991,225,1,1,http://usps.com/priority-mail/map
https://www.usps.com/assets/images/map/hero-priority-mail-map.jpg,Image of priority mail boxes stacked on top of one another.,Image of priority mail boxes stacked on top of one another. [1],SUSPICIOUS,"Alt text contains redundant phrase ""image of""",,(missing) [1],,(missing) [1],,(missing) [1],,,true,783,350,1,1,http://usps.com/priority-mail/map
https://www.usps.com/assets/images/map/m-hero_service-standards.jpg,Image of a United States Postal Service delivery vehicle.,Image of a United States Postal Service delivery vehicle. [1],SUSPICIOUS,"Alt text contains redundant phrase ""image of""",,(missing) [1],,(missing) [1],,(missing) [1],,,true,991,225,1,1,http://usps.com/service-standards
https://www.usps.com/assets/images/ship/letter-automation.gif,Animated image of mail moving at high speed on belts and around drums in an automated sorting machine.,Animated image of mail moving at high speed on belts and around drums in an automated sorting machine. [1],SUSPICIOUS,"Alt text contains redundant phrase ""image of""",,(missing) [1],,(missing) [1],,(missing) [1],,,true,430,240,1,1,http://usps.com/ship/letters.htm
https://www.usps.com/assets/images/business/large-business/biz-person-warehouse.png,#,# [1],TOO_SHORT,"Alt text ""#"" is too short (1 chars)",,(missing) [1],,(missing) [1],,(missing) [1],,,true,232,215,1,1,http://usps.com/business/large-business.htm
https://www.usps.com/assets/images/business/large-business/biz-person.png,#,# [1],TOO_SHORT,"Alt text ""#"" is too short (1 chars)",,(missing) [1],,(missing) [1],,(missing) [1],,,true,202,215,1,1,http://usps.com/business/large-business.htm
https://www.usps.com/assets/images/business/large-business/boxes-conveyor.png,#,# [1],TOO_SHORT,"Alt text ""#"" is too short (1 chars)",,(missing) [1],,(missing) [1],,(missing) [1],,,true,308,215,1,1,http://usps.com/business/large-business.htm
https://www.usps.com/assets/images/business/large-business/opening-gifts.png,#,# [1],TOO_SHORT,"Alt text ""#"" is too short (1 chars)",,(missing) [1],,(missing) [1],,(missing) [1],,,true,245,215,1,1,http://usps.com/business/large-business.htm
https://www.usps.com/assets/images/business/large-business/truck.png,#,# [1],TOO_SHORT,"Alt text ""#"" is too short (1 chars)",,(missing) [1],,(missing) [1],,(missing) [1],,,true,369,215,1,1,http://usps.com/business/large-business.htm
https://www.usps.com/business/business-go-now.png,,(empty) [87],DECORATIVE,,,(missing) [87],,(missing) [87],,(missing) [87],,,true,195,167,87,87,http://usps.com/; http://usps.com/apps/informed-delivery.htm; http://usps.com/apps/rapid-drop.htm; http://usps.com/business; http://usps.com/business/advertise-with-mail.htm; http://usps.com/business/api-access.htm; http://usps.com/business/connect; http://usps.com/business/connect/ecommerce.htm; http://usps.com/business/connect/ecommerce-merchants.htm; http://usps.com/business/connect/local.htm; http://usps.com/business/customized-direct-mail.htm; http://usps.com/business/every-door-direct-mail.htm; http://usps.com/business/ground-advantage.htm; http://usps.com/business/informed-delivery.htm; http://usps.com/business/informed-innovations.htm; http://usps.com/business/international-shipping.htm; http://usps.com/business/label-broker.htm; http://usps.com/business/large-business.htm; http://usps.com/business/manage-mail.htm; http://usps.com/business/political-mail.htm; http://usps.com/business/postage-options.htm; http://usps.com/business/postage-options-compare.htm; http://usps.com/business/prices.htm; http://usps.com/business/priority-mail-next-day.htm; http://usps.com/business/promotions-incentives.htm; http://usps.com/business/repositionable-notes-vendors.htm; http://usps.com/business/return-services.htm; http://usps.com/business/vendors.htm; http://usps.com/business/verify-postage.htm; http://usps.com/business/web-tools-apis/documentation-updates.htm; http://usps.com/business/web-tools-apis; http://usps.com/help/claims.htm; http://usps.com/help/contact-us.htm; http://usps.com/help/international-claims.htm; http://usps.com/help/international-refunds.htm; http://usps.com/help/missing-mail.htm; http://usps.com/help/refunds.htm; http://usps.com/international; http://usps.com/international/customs-forms.htm; http://usps.com/international/first-class-mail-international.htm; http://usps.com/international/first-class-package-international-service.htm; http://usps.com/international/insurance-extra-services.htm; http://usps.com/international/international-how-to.htm; http://usps.com/international/letters.htm; http://usps.com/international/mail-shipping-services.htm; http://usps.com/international/money-transfers.htm; http://usps.com/international/new-eu-customs-rules.htm; http://usps.com/international/passports.htm; http://usps.com/international/prepaid-import-duties.htm; http://usps.com/international/preparing-international-shipments.htm; http://usps.com/international/priority-mail-express-international.htm; http://usps.com/international/priority-mail-international.htm; http://usps.com/international/shipping-restrictions.htm; http://usps.com/manage; http://usps.com/manage/forward.htm; http://usps.com/manage/forward-premium.htm; http://usps.com/manage/hold-mail.htm; http://usps.com/manage/informed-delivery.htm; http://usps.com/manage/mailboxes.htm; http://usps.com/manage/mail-for-deceased.htm; http://usps.com/manage/move-campaign.htm; http://usps.com/manage/package-intercept.htm; http://usps.com/manage/po-boxes.htm; http://usps.com/packagemailbox; http://usps.com/perfectlyorchestrated; http://usps.com/priority-mail/map; http://usps.com/service-standards; http://usps.com/ship; http://usps.com/ship/apo-fpo-dpo.htm; http://usps.com/ship/custom-mail.htm; http://usps.com/ship/first-class-mail.htm; http://usps.com/ship/ground-advantage.htm; http://usps.com/ship/insurance-extra-services.htm; http://usps.com/ship/label-broker.htm; http://usps.com/ship/letters.htm; http://usps.com/ship/mail-shipping-services.htm; http://usps.com/ship/online-shipping.htm; http://usps.com/ship/packages.htm; http://usps.com/ship/priority-mail.htm; http://usps.com/ship/priority-mail-express.htm; http://usps.com/ship/shipping-restrictions.htm; http://usps.com/shop/money-orders.htm; http://usps.com/shop/returns-exchanges.htm; http://usps.com/smallbusiness; http://usps.com/vulnerability-disclosure-policy; http://usps.com/taxes/welcome.htm; http://usps.com/holiday/holiday-shipping-dates.htm
https://www.usps.com/global-elements/images/book-passport-appt.svg,,(empty) [87],DECORATIVE,,,(missing) [87],,(missing) [87],,(missing) [87],,,true,150,150,87,87,http://usps.com/; http://usps.com/apps/informed-delivery.htm; http://usps.com/apps/rapid-drop.htm; http://usps.com/business; http://usps.com/business/advertise-with-mail.htm; http://usps.com/business/api-access.htm; http://usps.com/business/connect; http://usps.com/business/connect/ecommerce.htm; http://usps.com/business/connect/ecommerce-merchants.htm; http://usps.com/business/connect/local.htm; http://usps.com/business/customized-direct-mail.htm; http://usps.com/business/every-door-direct-mail.htm; http://usps.com/business/ground-advantage.htm; http://usps.com/business/informed-delivery.htm; http://usps.com/business/informed-innovations.htm; http://usps.com/business/international-shipping.htm; http://usps.com/business/label-broker.htm; http://usps.com/business/large-business.htm; http://usps.com/business/manage-mail.htm; http://usps.com/business/political-mail.htm; http://usps.com/business/postage-options.htm; http://usps.com/business/postage-options-compare.htm; http://usps.com/business/prices.htm; http://usps.com/business/priority-mail-next-day.htm; http://usps.com/business/promotions-incentives.htm; http://usps.com/business/repositionable-notes-vendors.htm; http://usps.com/business/return-services.htm; http://usps.com/business/vendors.htm; http://usps.com/business/verify-postage.htm; http://usps.com/business/web-tools-apis/documentation-updates.htm; http://usps.com/business/web-tools-apis; http://usps.com/help/claims.htm; http://usps.com/help/contact-us.htm; http://usps.com/help/international-claims.htm; http://usps.com/help/international-refunds.htm; http://usps.com/help/missing-mail.htm; http://usps.com/help/refunds.htm; http://usps.com/international; http://usps.com/international/customs-forms.htm; http://usps.com/international/first-class-mail-international.htm; http://usps.com/international/first-class-package-international-service.htm; http://usps.com/international/insurance-extra-services.htm; http://usps.com/international/international-how-to.htm; http://usps.com/international/letters.htm; http://usps.com/international/mail-shipping-services.htm; http://usps.com/international/money-transfers.htm; http://usps.com/international/new-eu-customs-rules.htm; http://usps.com/international/passports.htm; http://usps.com/international/prepaid-import-duties.htm; http://usps.com/international/preparing-international-shipments.htm; http://usps.com/international/priority-mail-express-international.htm; http://usps.com/international/priority-mail-international.htm; http://usps.com/international/shipping-restrictions.htm; http://usps.com/manage; http://usps.com/manage/forward.htm; http://usps.com/manage/forward-premium.htm; http://usps.com/manage/hold-mail.htm; http://usps.com/manage/informed-delivery.htm; http://usps.com/manage/mailboxes.htm; http://usps.com/manage/mail-for-deceased.htm; http://usps.com/manage/move-campaign.htm; http://usps.com/manage/package-intercept.htm; http://usps.com/manage/po-boxes.htm; http://usps.com/packagemailbox; http://usps.com/perfectlyorchestrated; http://usps.com/priority-mail/map; http://usps.com/service-standards; http://usps.com/ship; http://usps.com/ship/apo-fpo-dpo.htm; http://usps.com/ship/custom-mail.htm; http://usps.com/ship/first-class-mail.htm; http://usps.com/ship/ground-advantage.htm; http://usps.com/ship/insurance-extra-services.htm; http://usps.com/ship/label-broker.htm; http://usps.com/ship/letters.htm; http://usps.com/ship/mail-shipping-services.htm; http://usps.com/ship/online-shipping.htm; http://usps.com/ship/packages.htm; http://usps.com/ship/priority-mail.htm; http://usps.com/ship/priority-mail-express.htm; http://usps.com/ship/shipping-restrictions.htm; http://usps.com/shop/money-orders.htm; http://usps.com/shop/returns-exchanges.htm; http://usps.com/smallbusiness; http://usps.com/vulnerability-disclosure-policy; http://usps.com/taxes/welcome.htm; http://usps.com/holiday/holiday-shipping-dates.htm
https://www.usps.com/global-elements/images/hs-code-search.svg,,(empty) [87],DECORATIVE,,,(missing) [87],,(missing) [87],,(missing) [87],,,true,150,150,87,87,http://usps.com/; http://usps.com/apps/informed-delivery.htm; http://usps.com/apps/rapid-drop.htm; http://usps.com/business; http://usps.com/business/advertise-with-mail.htm; http://usps.com/business/api-access.htm; http://usps.com/business/connect; http://usps.com/business/connect/ecommerce.htm; http://usps.com/business/connect/ecommerce-merchants.htm; http://usps.com/business/connect/local.htm; http://usps.com/business/customized-direct-mail.htm; http://usps.com/business/every-door-direct-mail.htm; http://usps.com/business/ground-advantage.htm; http://usps.com/business/informed-delivery.htm; http://usps.com/business/informed-innovations.htm; http://usps.com/business/international-shipping.htm; http://usps.com/business/label-broker.htm; http://usps.com/business/large-business.htm; http://usps.com/business/manage-mail.htm; http://usps.com/business/political-mail.htm; http://usps.com/business/postage-options.htm; http://usps.com/business/postage-options-compare.htm; http://usps.com/business/prices.htm; http://usps.com/business/priority-mail-next-day.htm; http://usps.com/business/promotions-incentives.htm; http://usps.com/business/repositionable-notes-vendors.htm; http://usps.com/business/return-services.htm; http://usps.com/business/vendors.htm; http://usps.com/business/verify-postage.htm; http://usps.com/business/web-tools-apis/documentation-updates.htm; http://usps.com/business/web-tools-apis; http://usps.com/help/claims.htm; http://usps.com/help/contact-us.htm; http://usps.com/help/international-claims.htm; http://usps.com/help/international-refunds.htm; http://usps.com/help/missing-mail.htm; http://usps.com/help/refunds.htm; http://usps.com/international; http://usps.com/international/customs-forms.htm; http://usps.com/international/first-class-mail-international.htm; http://usps.com/international/first-class-package-international-service.htm; http://usps.com/international/insurance-extra-services.htm; http://usps.com/international/international-how-to.htm; http://usps.com/international/letters.htm; http://usps.com/international/mail-shipping-services.htm; http://usps.com/international/money-transfers.htm; http://usps.com/international/new-eu-customs-rules.htm; http://usps.com/international/passports.htm; http://usps.com/international/prepaid-import-duties.htm; http://usps.com/international/preparing-international-shipments.htm; http://usps.com/international/priority-mail-express-international.htm; http://usps.com/international/priority-mail-international.htm; http://usps.com/international/shipping-restrictions.htm; http://usps.com/manage; http://usps.com/manage/forward.htm; http://usps.com/manage/forward-premium.htm; http://usps.com/manage/hold-mail.htm; http://usps.com/manage/informed-delivery.htm; http://usps.com/manage/mailboxes.htm; http://usps.com/manage/mail-for-deceased.htm; http://usps.com/manage/move-campaign.htm; http://usps.com/manage/package-intercept.htm; http://usps.com/manage/po-boxes.htm; http://usps.com/packagemailbox; http://usps.com/perfectlyorchestrated; http://usps.com/priority-mail/map; http://usps.com/service-standards; http://usps.com/ship; http://usps.com/ship/apo-fpo-dpo.htm; http://usps.com/ship/custom-mail.htm; http://usps.com/ship/first-class-mail.htm; http://usps.com/ship/ground-advantage.htm; http://usps.com/ship/insurance-extra-services.htm; http://usps.com/ship/label-broker.htm; http://usps.com/ship/letters.htm; http://usps.com/ship/mail-shipping-services.htm; http://usps.com/ship/online-shipping.htm; http://usps.com/ship/packages.htm; http://usps.com/ship/priority-mail.htm; http://usps.com/ship/priority-mail-express.htm; http://usps.com/ship/shipping-restrictions.htm; http://usps.com/shop/money-orders.htm; http://usps.com/shop/returns-exchanges.htm; http://usps.com/smallbusiness; http://usps.com/vulnerability-disclosure-policy; http://usps.com/taxes/welcome.htm; http://usps.com/holiday/holiday-shipping-dates.htm
https://www.usps.com/global-elements/images/transit-time.svg,,(empty) [87],DECORATIVE,,,(missing) [87],,(missing) [87],,(missing) [87],,,true,150,150,87,87,http://usps.com/; http://usps.com/apps/informed-delivery.htm; http://usps.com/apps/rapid-drop.htm; http://usps.com/business; http://usps.com/business/advertise-with-mail.htm; http://usps.com/business/api-access.htm; http://usps.com/business/connect; http://usps.com/business/connect/ecommerce.htm; http://usps.com/business/connect/ecommerce-merchants.htm; http://usps.com/business/connect/local.htm; http://usps.com/business/customized-direct-mail.htm; http://usps.com/business/every-door-direct-mail.htm; http://usps.com/business/ground-advantage.htm; http://usps.com/business/informed-delivery.htm; http://usps.com/business/informed-innovations.htm; http://usps.com/business/international-shipping.htm; http://usps.com/business/label-broker.htm; http://usps.com/business/large-business.htm; http://usps.com/business/manage-mail.htm; http://usps.com/business/political-mail.htm; http://usps.com/business/postage-options.htm; http://usps.com/business/postage-options-compare.htm; http://usps.com/business/prices.htm; http://usps.com/business/priority-mail-next-day.htm; http://usps.com/business/promotions-incentives.htm; http://usps.com/business/repositionable-notes-vendors.htm; http://usps.com/business/return-services.htm; http://usps.com/business/vendors.htm; http://usps.com/business/verify-postage.htm; http://usps.com/business/web-tools-apis/documentation-updates.htm; http://usps.com/business/web-tools-apis; http://usps.com/help/claims.htm; http://usps.com/help/contact-us.htm; http://usps.com/help/international-claims.htm; http://usps.com/help/international-refunds.htm; http://usps.com/help/missing-mail.htm; http://usps.com/help/refunds.htm; http://usps.com/international; http://usps.com/international/customs-forms.htm; http://usps.com/international/first-class-mail-international.htm; http://usps.com/international/first-class-package-international-service.htm; http://usps.com/international/insurance-extra-services.htm; http://usps.com/international/international-how-to.htm; http://usps.com/international/letters.htm; http://usps.com/international/mail-shipping-services.htm; http://usps.com/international/money-transfers.htm; http://usps.com/international/new-eu-customs-rules.htm; http://usps.com/international/passports.htm; http://usps.com/international/prepaid-import-duties.htm; http://usps.com/international/preparing-international-shipments.htm; http://usps.com/international/priority-mail-express-international.htm; http://usps.com/international/priority-mail-international.htm; http://usps.com/international/shipping-restrictions.htm; http://usps.com/manage; http://usps.com/manage/forward.htm; http://usps.com/manage/forward-premium.htm; http://usps.com/manage/hold-mail.htm; http://usps.com/manage/informed-delivery.htm; http://usps.com/manage/mailboxes.htm; http://usps.com/manage/mail-for-deceased.htm; http://usps.com/manage/move-campaign.htm; http://usps.com/manage/package-intercept.htm; http://usps.com/manage/po-boxes.htm; http://usps.com/packagemailbox; http://usps.com/perfectlyorchestrated; http://usps.com/priority-mail/map; http://usps.com/service-standards; http://usps.com/ship; http://usps.com/ship/apo-fpo-dpo.htm; http://usps.com/ship/custom-mail.htm; http://usps.com/ship/first-class-mail.htm; http://usps.com/ship/ground-advantage.htm; http://usps.com/ship/insurance-extra-services.htm; http://usps.com/ship/label-broker.htm; http://usps.com/ship/letters.htm; http://usps.com/ship/mail-shipping-services.htm; http://usps.com/ship/online-shipping.htm; http://usps.com/ship/packages.htm; http://usps.com/ship/priority-mail.htm; http://usps.com/ship/priority-mail-express.htm; http://usps.com/ship/shipping-restrictions.htm; http://usps.com/shop/money-orders.htm; http://usps.com/shop/returns-exchanges.htm; http://usps.com/smallbusiness; http://usps.com/vulnerability-disclosure-policy; http://usps.com/taxes/welcome.htm; http://usps.com/holiday/holiday-shipping-dates.htm
https://www.usps.com/international/international-go-now.png,,(empty) [87],DECORATIVE,,,(missing) [87],,(missing) [87],,(missing) [87],,,true,195,167,87,87,http://usps.com/; http://usps.com/apps/informed-delivery.htm; http://usps.com/apps/rapid-drop.htm; http://usps.com/business; http://usps.com/business/advertise-with-mail.htm; http://usps.com/business/api-access.htm; http://usps.com/business/connect; http://usps.com/business/connect/ecommerce.htm; http://usps.com/business/connect/ecommerce-merchants.htm; http://usps.com/business/connect/local.htm; http://usps.com/business/customized-direct-mail.htm; http://usps.com/business/every-door-direct-mail.htm; http://usps.com/business/ground-advantage.htm; http://usps.com/business/informed-delivery.htm; http://usps.com/business/informed-innovations.htm; http://usps.com/business/international-shipping.htm; http://usps.com/business/label-broker.htm; http://usps.com/business/large-business.htm; http://usps.com/business/manage-mail.htm; http://usps.com/business/political-mail.htm; http://usps.com/business/postage-options.htm; http://usps.com/business/postage-options-compare.htm; http://usps.com/business/prices.htm; http://usps.com/business/priority-mail-next-day.htm; http://usps.com/business/promotions-incentives.htm; http://usps.com/business/repositionable-notes-vendors.htm; http://usps.com/business/return-services.htm; http://usps.com/business/vendors.htm; http://usps.com/business/verify-postage.htm; http://usps.com/business/web-tools-apis/documentation-updates.htm; http://usps.com/business/web-tools-apis; http://usps.com/help/claims.htm; http://usps.com/help/contact-us.htm; http://usps.com/help/international-claims.htm; http://usps.com/help/international-refunds.htm; http://usps.com/help/missing-mail.htm; http://usps.com/help/refunds.htm; http://usps.com/international; http://usps.com/international/customs-forms.htm; http://usps.com/international/first-class-mail-international.htm; http://usps.com/international/first-class-package-international-service.htm; http://usps.com/international/insurance-extra-services.htm; http://usps.com/international/international-how-to.htm; http://usps.com/international/letters.htm; http://usps.com/international/mail-shipping-services.htm; http://usps.com/international/money-transfers.htm; http://usps.com/international/new-eu-customs-rules.htm; http://usps.com/international/passports.htm; http://usps.com/international/prepaid-import-duties.htm; http://usps.com/international/preparing-international-shipments.htm; http://usps.com/international/priority-mail-express-international.htm; http://usps.com/international/priority-mail-international.htm; http://usps.com/international/shipping-restrictions.htm; http://usps.com/manage; http://usps.com/manage/forward.htm; http://usps.com/manage/forward-premium.htm; http://usps.com/manage/hold-mail.htm; http://usps.com/manage/informed-delivery.htm; http://usps.com/manage/mailboxes.htm; http://usps.com/manage/mail-for-deceased.htm; http://usps.com/manage/move-campaign.htm; http://usps.com/manage/package-intercept.htm; http://usps.com/manage/po-boxes.htm; http://usps.com/packagemailbox; http://usps.com/perfectlyorchestrated; http://usps.com/priority-mail/map; http://usps.com/service-standards; http://usps.com/ship; http://usps.com/ship/apo-fpo-dpo.htm; http://usps.com/ship/custom-mail.htm; http://usps.com/ship/first-class-mail.htm; http://usps.com/ship/ground-advantage.htm; http://usps.com/ship/insurance-extra-services.htm; http://usps.com/ship/label-broker.htm; http://usps.com/ship/letters.htm; http://usps.com/ship/mail-shipping-services.htm; http://usps.com/ship/online-shipping.htm; http://usps.com/ship/packages.htm; http://usps.com/ship/priority-mail.htm; http://usps.com/ship/priority-mail-express.htm; http://usps.com/ship/shipping-restrictions.htm; http://usps.com/shop/money-orders.htm; http://usps.com/shop/returns-exchanges.htm; http://usps.com/smallbusiness; http://usps.com/vulnerability-disclosure-policy; http://usps.com/taxes/welcome.htm; http://usps.com/holiday/holiday-shipping-dates.htm
https://www.usps.com/manage/manage-go-now.png,,(empty) [87],DECORATIVE,,,(missing) [87],,(missing) [87],,(missing) [87],,,true,195,167,87,87,http://usps.com/; http://usps.com/apps/informed-delivery.htm; http://usps.com/apps/rapid-drop.htm; http://usps.com/business; http://usps.com/business/advertise-with-mail.htm; http://usps.com/business/api-access.htm; http://usps.com/business/connect; http://usps.com/business/connect/ecommerce.htm; http://usps.com/business/connect/ecommerce-merchants.htm; http://usps.com/business/connect/local.htm; http://usps.com/business/customized-direct-mail.htm; http://usps.com/business/every-door-direct-mail.htm; http://usps.com/business/ground-advantage.htm; http://usps.com/business/informed-delivery.htm; http://usps.com/business/informed-innovations.htm; http://usps.com/business/international-shipping.htm; http://usps.com/business/label-broker.htm; http://usps.com/business/large-business.htm; http://usps.com/business/manage-mail.htm; http://usps.com/business/political-mail.htm; http://usps.com/business/postage-options.htm; http://usps.com/business/postage-options-compare.htm; http://usps.com/business/prices.htm; http://usps.com/business/priority-mail-next-day.htm; http://usps.com/business/promotions-incentives.htm; http://usps.com/business/repositionable-notes-vendors.htm; http://usps.com/business/return-services.htm; http://usps.com/business/vendors.htm; http://usps.com/business/verify-postage.htm; http://usps.com/business/web-tools-apis/documentation-updates.htm; http://usps.com/business/web-tools-apis; http://usps.com/help/claims.htm; http://usps.com/help/contact-us.htm; http://usps.com/help/international-claims.htm; http://usps.com/help/international-refunds.htm; http://usps.com/help/missing-mail.htm; http://usps.com/help/refunds.htm; http://usps.com/international; http://usps.com/international/customs-forms.htm; http://usps.com/international/first-class-mail-international.htm; http://usps.com/international/first-class-package-international-service.htm; http://usps.com/international/insurance-extra-services.htm; http://usps.com/international/international-how-to.htm; http://usps.com/international/letters.htm; http://usps.com/international/mail-shipping-services.htm; http://usps.com/international/money-transfers.htm; http://usps.com/international/new-eu-customs-rules.htm; http://usps.com/international/passports.htm; http://usps.com/international/prepaid-import-duties.htm; http://usps.com/international/preparing-international-shipments.htm; http://usps.com/international/priority-mail-express-international.htm; http://usps.com/international/priority-mail-international.htm; http://usps.com/international/shipping-restrictions.htm; http://usps.com/manage; http://usps.com/manage/forward.htm; http://usps.com/manage/forward-premium.htm; http://usps.com/manage/hold-mail.htm; http://usps.com/manage/informed-delivery.htm; http://usps.com/manage/mailboxes.htm; http://usps.com/manage/mail-for-deceased.htm; http://usps.com/manage/move-campaign.htm; http://usps.com/manage/package-intercept.htm; http://usps.com/manage/po-boxes.htm; http://usps.com/packagemailbox; http://usps.com/perfectlyorchestrated; http://usps.com/priority-mail/map; http://usps.com/service-standards; http://usps.com/ship; http://usps.com/ship/apo-fpo-dpo.htm; http://usps.com/ship/custom-mail.htm; http://usps.com/ship/first-class-mail.htm; http://usps.com/ship/ground-advantage.htm; http://usps.com/ship/insurance-extra-services.htm; http://usps.com/ship/label-broker.htm; http://usps.com/ship/letters.htm; http://usps.com/ship/mail-shipping-services.htm; http://usps.com/ship/online-shipping.htm; http://usps.com/ship/packages.htm; http://usps.com/ship/priority-mail.htm; http://usps.com/ship/priority-mail-express.htm; http://usps.com/ship/shipping-restrictions.htm; http://usps.com/shop/money-orders.htm; http://usps.com/shop/returns-exchanges.htm; http://usps.com/smallbusiness; http://usps.com/vulnerability-disclosure-policy; http://usps.com/taxes/welcome.htm; http://usps.com/holiday/holiday-shipping-dates.htm
https://www.usps.com/ship/ship-go-now.png,,(empty) [87],DECORATIVE,,,(missing) [87],,(missing) [87],,(missing) [87],,,true,195,167,87,87,http://usps.com/; http://usps.com/apps/informed-delivery.htm; http://usps.com/apps/rapid-drop.htm; http://usps.com/business; http://usps.com/business/advertise-with-mail.htm; http://usps.com/business/api-access.htm; http://usps.com/business/connect; http://usps.com/business/connect/ecommerce.htm; http://usps.com/business/connect/ecommerce-merchants.htm; http://usps.com/business/connect/local.htm; http://usps.com/business/customized-direct-mail.htm; http://usps.com/business/every-door-direct-mail.htm; http://usps.com/business/ground-advantage.htm; http://usps.com/business/informed-delivery.htm; http://usps.com/business/informed-innovations.htm; http://usps.com/business/international-shipping.htm; http://usps.com/business/label-broker.htm; http://usps.com/business/large-business.htm; http://usps.com/business/manage-mail.htm; http://usps.com/business/political-mail.htm; http://usps.com/business/postage-options.htm; http://usps.com/business/postage-options-compare.htm; http://usps.com/business/prices.htm; http://usps.com/business/priority-mail-next-day.htm; http://usps.com/business/promotions-incentives.htm; http://usps.com/business/repositionable-notes-vendors.htm; http://usps.com/business/return-services.htm; http://usps.com/business/vendors.htm; http://usps.com/business/verify-postage.htm; http://usps.com/business/web-tools-apis/documentation-updates.htm; http://usps.com/business/web-tools-apis; http://usps.com/help/claims.htm; http://usps.com/help/contact-us.htm; http://usps.com/help/international-claims.htm; http://usps.com/help/international-refunds.htm; http://usps.com/help/missing-mail.htm; http://usps.com/help/refunds.htm; http://usps.com/international; http://usps.com/international/customs-forms.htm; http://usps.com/international/first-class-mail-international.htm; http://usps.com/international/first-class-package-international-service.htm; http://usps.com/international/insurance-extra-services.htm; http://usps.com/international/international-how-to.htm; http://usps.com/international/letters.htm; http://usps.com/international/mail-shipping-services.htm; http://usps.com/international/money-transfers.htm; http://usps.com/international/new-eu-customs-rules.htm; http://usps.com/international/passports.htm; http://usps.com/international/prepaid-import-duties.htm; http://usps.com/international/preparing-international-shipments.htm; http://usps.com/international/priority-mail-express-international.htm; http://usps.com/international/priority-mail-international.htm; http://usps.com/international/shipping-restrictions.htm; http://usps.com/manage; http://usps.com/manage/forward.htm; http://usps.com/manage/forward-premium.htm; http://usps.com/manage/hold-mail.htm; http://usps.com/manage/informed-delivery.htm; http://usps.com/manage/mailboxes.htm; http://usps.com/manage/mail-for-deceased.htm; http://usps.com/manage/move-campaign.htm; http://usps.com/manage/package-intercept.htm; http://usps.com/manage/po-boxes.htm; http://usps.com/packagemailbox; http://usps.com/perfectlyorchestrated; http://usps.com/priority-mail/map; http://usps.com/service-standards; http://usps.com/ship; http://usps.com/ship/apo-fpo-dpo.htm; http://usps.com/ship/custom-mail.htm; http://usps.com/ship/first-class-mail.htm; http://usps.com/ship/ground-advantage.htm; http://usps.com/ship/insurance-extra-services.htm; http://usps.com/ship/label-broker.htm; http://usps.com/ship/letters.htm; http://usps.com/ship/mail-shipping-services.htm; http://usps.com/ship/online-shipping.htm; http://usps.com/ship/packages.htm; http://usps.com/ship/priority-mail.htm; http://usps.com/ship/priority-mail-express.htm; http://usps.com/ship/shipping-restrictions.htm; http://usps.com/shop/money-orders.htm; http://usps.com/shop/returns-exchanges.htm; http://usps.com/smallbusiness; http://usps.com/vulnerability-disclosure-policy; http://usps.com/taxes/welcome.htm; http://usps.com/holiday/holiday-shipping-dates.htm
https://www.usps.com/store/store-go-now.png,,(empty) [87],DECORATIVE,,,(missing) [87],,(missing) [87],,(missing) [87],,,true,195,167,87,87,http://usps.com/; http://usps.com/apps/informed-delivery.htm; http://usps.com/apps/rapid-drop.htm; http://usps.com/business; http://usps.com/business/advertise-with-mail.htm; http://usps.com/business/api-access.htm; http://usps.com/business/connect; http://usps.com/business/connect/ecommerce.htm; http://usps.com/business/connect/ecommerce-merchants.htm; http://usps.com/business/connect/local.htm; http://usps.com/business/customized-direct-mail.htm; http://usps.com/business/every-door-direct-mail.htm; http://usps.com/business/ground-advantage.htm; http://usps.com/business/informed-delivery.htm; http://usps.com/business/informed-innovations.htm; http://usps.com/business/international-shipping.htm; http://usps.com/business/label-broker.htm; http://usps.com/business/large-business.htm; http://usps.com/business/manage-mail.htm; http://usps.com/business/political-mail.htm; http://usps.com/business/postage-options.htm; http://usps.com/business/postage-options-compare.htm; http://usps.com/business/prices.htm; http://usps.com/business/priority-mail-next-day.htm; http://usps.com/business/promotions-incentives.htm; http://usps.com/business/repositionable-notes-vendors.htm; http://usps.com/business/return-services.htm; http://usps.com/business/vendors.htm; http://usps.com/business/verify-postage.htm; http://usps.com/business/web-tools-apis/documentation-updates.htm; http://usps.com/business/web-tools-apis; http://usps.com/help/claims.htm; http://usps.com/help/contact-us.htm; http://usps.com/help/international-claims.htm; http://usps.com/help/international-refunds.htm; http://usps.com/help/missing-mail.htm; http://usps.com/help/refunds.htm; http://usps.com/international; http://usps.com/international/customs-forms.htm; http://usps.com/international/first-class-mail-international.htm; http://usps.com/international/first-class-package-international-service.htm; http://usps.com/international/insurance-extra-services.htm; http://usps.com/international/international-how-to.htm; http://usps.com/international/letters.htm; http://usps.com/international/mail-shipping-services.htm; http://usps.com/international/money-transfers.htm; http://usps.com/international/new-eu-customs-rules.htm; http://usps.com/international/passports.htm; http://usps.com/international/prepaid-import-duties.htm; http://usps.com/international/preparing-international-shipments.htm; http://usps.com/international/priority-mail-express-international.htm; http://usps.com/international/priority-mail-international.htm; http://usps.com/international/shipping-restrictions.htm; http://usps.com/manage; http://usps.com/manage/forward.htm; http://usps.com/manage/forward-premium.htm; http://usps.com/manage/hold-mail.htm; http://usps.com/manage/informed-delivery.htm; http://usps.com/manage/mailboxes.htm; http://usps.com/manage/mail-for-deceased.htm; http://usps.com/manage/move-campaign.htm; http://usps.com/manage/package-intercept.htm; http://usps.com/manage/po-boxes.htm; http://usps.com/packagemailbox; http://usps.com/perfectlyorchestrated; http://usps.com/priority-mail/map; http://usps.com/service-standards; http://usps.com/ship; http://usps.com/ship/apo-fpo-dpo.htm; http://usps.com/ship/custom-mail.htm; http://usps.com/ship/first-class-mail.htm; http://usps.com/ship/ground-advantage.htm; http://usps.com/ship/insurance-extra-services.htm; http://usps.com/ship/label-broker.htm; http://usps.com/ship/letters.htm; http://usps.com/ship/mail-shipping-services.htm; http://usps.com/ship/online-shipping.htm; http://usps.com/ship/packages.htm; http://usps.com/ship/priority-mail.htm; http://usps.com/ship/priority-mail-express.htm; http://usps.com/ship/shipping-restrictions.htm; http://usps.com/shop/money-orders.htm; http://usps.com/shop/returns-exchanges.htm; http://usps.com/smallbusiness; http://usps.com/vulnerability-disclosure-policy; http://usps.com/taxes/welcome.htm; http://usps.com/holiday/holiday-shipping-dates.htm
https://www.usps.com/assets/images/blue-caret.svg,,(empty) [30],DECORATIVE,,,(missing) [30],,(missing) [30],,(missing) [30],,,true,82,150,30,6,http://usps.com/business/web-tools-apis; http://usps.com/international/letters.htm; http://usps.com/international/preparing-international-shipments.htm; http://usps.com/ship/label-broker.htm; http://usps.com/ship/letters.htm; http://usps.com/ship/packages.htm
https://server.arcgisonline.com/ArcGIS/rest/services/World_Street_Map/MapServer/tile/4/5/1,,(empty) [3],DECORATIVE,,,(missing) [3],,(missing) [3],,(missing) [3],,,true,256,256,3,3,http://usps.com/business/large-business.htm; http://usps.com/business/priority-mail-next-day.htm; http://usps.com/service-standards
https://server.arcgisonline.com/ArcGIS/rest/services/World_Street_Map/MapServer/tile/4/5/2,,(empty) [3],DECORATIVE,,,(missing) [3],,(missing) [3],,(missing) [3],,,true,256,256,3,3,http://usps.com/business/large-business.htm; http://usps.com/business/priority-mail-next-day.htm; http://usps.com/service-standards
https://server.arcgisonline.com/ArcGIS/rest/services/World_Street_Map/MapServer/tile/4/5/3,,(empty) [3],DECORATIVE,,,(missing) [3],,(missing) [3],,(missing) [3],,,true,256,256,3,3,http://usps.com/business/large-business.htm; http://usps.com/business/priority-mail-next-day.htm; http://usps.com/service-standards
https://server.arcgisonline.com/ArcGIS/rest/services/World_Street_Map/MapServer/tile/4/5/4,,(empty) [3],DECORATIVE,,,(missing) [3],,(missing) [3],,(missing) [3],,,true,256,256,3,3,http://usps.com/business/large-business.htm; http://usps.com/business/priority-mail-next-day.htm; http://usps.com/service-standards
https://server.arcgisonline.com/ArcGIS/rest/services/World_Street_Map/MapServer/tile/4/5/5,,(empty) [3],DECORATIVE,,,(missing) [3],,(missing) [3],,(missing) [3],,,true,256,256,3,3,http://usps.com/business/large-business.htm; http://usps.com/business/priority-mail-next-day.htm; http://usps.com/service-standards
https://server.arcgisonline.com/ArcGIS/rest/services/World_Street_Map/MapServer/tile/4/7/1,,(empty) [3],DECORATIVE,,,(missing) [3],,(missing) [3],,(missing) [3],,,true,256,256,3,3,http://usps.com/business/large-business.htm; http://usps.com/business/priority-mail-next-day.htm; http://usps.com/service-standards
https://server.arcgisonline.com/ArcGIS/rest/services/World_Street_Map/MapServer/tile/4/7/2,,(empty) [3],DECORATIVE,,,(missing) [3],,(missing) [3],,(missing) [3],,,true,256,256,3,3,http://usps.com/business/large-business.htm; http://usps.com/business/priority-mail-next-day.htm; http://usps.com/service-standards
https://server.arcgisonline.com/ArcGIS/rest/services/World_Street_Map/MapServer/tile/4/7/3,,(empty) [3],DECORATIVE,,,(missing) [3],,(missing) [3],,(missing) [3],,,true,256,256,3,3,http://usps.com/business/large-business.htm; http://usps.com/business/priority-mail-next-day.htm; http://usps.com/service-standards
https://server.arcgisonline.com/ArcGIS/rest/services/World_Street_Map/MapServer/tile/4/7/4,,(empty) [3],DECORATIVE,,,(missing) [3],,(missing) [3],,(missing) [3],,,true,256,256,3,3,http://usps.com/business/large-business.htm; http://usps.com/business/priority-mail-next-day.htm; http://usps.com/service-standards
https://server.arcgisonline.com/ArcGIS/rest/services/World_Street_Map/MapServer/tile/4/7/5,,(empty) [3],DECORATIVE,,,(missing) [3],,(missing) [3],,(missing) [3],,,true,256,256,3,3,http://usps.com/business/large-business.htm; http://usps.com/business/priority-mail-next-day.htm; http://usps.com/service-standards
https://services.arcgisonline.com/ArcGIS/rest/services/World_Street_Map/MapServer/tile/4/6/1,,(empty) [3],DECORATIVE,,,(missing) [3],,(missing) [3],,(missing) [3],,,true,256,256,3,3,http://usps.com/business/large-business.htm; http://usps.com/business/priority-mail-next-day.htm; http://usps.com/service-standards
https://services.arcgisonline.com/ArcGIS/rest/services/World_Street_Map/MapServer/tile/4/6/2,,(empty) [3],DECORATIVE,,,(missing) [3],,(missing) [3],,(missing) [3],,,true,256,256,3,3,http://usps.com/business/large-business.htm; http://usps.com/business/priority-mail-next-day.htm; http://usps.com/service-standards
https://services.arcgisonline.com/ArcGIS/rest/services/World_Street_Map/MapServer/tile/4/6/3,,(empty) [3],DECORATIVE,,,(missing) [3],,(missing) [3],,(missing) [3],,,true,256,256,3,3,http://usps.com/business/large-business.htm; http://usps.com/business/priority-mail-next-day.htm; http://usps.com/service-standards
https://services.arcgisonline.com/ArcGIS/rest/services/World_Street_Map/MapServer/tile/4/6/4,,(empty) [3],DECORATIVE,,,(missing) [3],,(missing) [3],,(missing) [3],,,true,256,256,3,3,http://usps.com/business/large-business.htm; http://usps.com/business/priority-mail-next-day.htm; http://usps.com/service-standards
https://services.arcgisonline.com/ArcGIS/rest/services/World_Street_Map/MapServer/tile/4/6/5,,(empty) [3],DECORATIVE,,,(missing) [3],,(missing) [3],,(missing) [3],,,true,256,256,3,3,http://usps.com/business/large-business.htm; http://usps.com/business/priority-mail-next-day.htm; http://usps.com/service-standards
https://www.usps.com/assets/images/ship/ground-adv/person-shipping-adv.png,,"(empty) [1] | A person on a tablet with blurbs highlighting the advantages of USPS Ground Advantage around them. Savings Potential. No Fuel, Delivery or Residential Surchages. Secure Your Budget. Business Rate Card. Negotiated Service Agreement. Savings Alert. [1]",DECORATIVE,,,(missing) [2],,(missing) [2],,(missing) [2],,,true,1178,588,2,1,http://usps.com/business/ground-advantage.htm
https://www.usps.com/assets/images/ship/online-shipping/rate-calc-commercial.svg,,(empty) [2],DECORATIVE,,,(missing) [2],,(missing) [2],,(missing) [2],,,true,60,54,2,1,http://usps.com/ship/online-shipping.htm
"https://bat.bing.com/action/0?ti=21006064&Ver=2&mid=3b17037c-caf7-4f81-853b-56a94e99c08e&bo=1&sid=14bd8e90523711f18914c7ef91e3e718&vid=14bdbc10523711f18d9ab97e757c8156&vids=1&msclkid=N&pi=0&lg=en-US&sw=1280&sh=720&sc=24&nwd=1&tl=USPS%20Ground%20Advantage%20for%20Business%20%7C%20USPS&kw=usps,%20ground%20advantage,%20shipping,%20parcels,%20hazmat,%20fcps,%20first-class%20package%20service,%2070%20lbs,%20retail%20ground,%20parcel%20select,%20ground%20returns&p=https%3A%2F%2Fwww.usps.com%2Fbusiness%2Fground-advantage.htm&r=&lt=722&evt=pageLoad&sv=2&cdb=AQAQ&rn=890104",,(empty) [1],DECORATIVE,,,(missing) [1],,(missing) [1],,(missing) [1],,,false,,,1,1,http://usps.com/business/ground-advantage.htm
"https://bat.bing.com/action/0?ti=21006064&Ver=2&mid=85adc936-54b9-4a81-be82-6677e2334e19&bo=1&sid=443cc5a0523711f187c26794d208e41b&vid=443cb710523711f1a6e8bfd690886d5f&vids=1&msclkid=N&pi=0&lg=en-US&sw=1280&sh=720&sc=24&nwd=1&tl=Ground%20Advantage%20%7C%20USPS&kw=usps,%20ground%20advantage,%20shipping,%20parcels,%20hazmat,%20fcps,%20first-class%20package%20service,%2070%20lbs,%20retail%20ground,%20parcel%20select,%20ground%20returns&p=https%3A%2F%2Fwww.usps.com%2Fship%2Fground-advantage.htm&r=&lt=680&evt=pageLoad&sv=2&cdb=AQAQ&rn=590823",,(empty) [1],DECORATIVE,,,(missing) [1],,(missing) [1],,(missing) [1],,,false,,,1,1,http://usps.com/ship/ground-advantage.htm
"https://bat.bing.com/action/0?ti=21006064&Ver=2&mid=86f159a8-520e-46e5-a21f-770d04d5b3a3&bo=1&sid=0d798a20523711f19c90f7ad914504aa&vid=0d797c80523711f1862ebf68731e4146&vids=1&msclkid=N&pi=0&lg=en-US&sw=1280&sh=720&sc=24&nwd=1&tl=Business%20Shipping%20Services%20%26%20Direct%20Mail%20Options%20%7C%20USPS.com&kw=bulk%20mail,%20business,%20mail,%20shipping,%20postage,%20click-n-ship,%20advertise,%20marketing,%20returns%20services,%20ground%20advantage,%20priority%20mail%20next%20day,%20every%20door%20direct%20mail,%20eddm,%20print%20label,%20volume,%20discounts&p=https%3A%2F%2Fwww.usps.com%2Fbusiness%2F&r=&lt=787&evt=pageLoad&sv=2&cdb=AQAQ&rn=274775",,(empty) [1],DECORATIVE,,,(missing) [1],,(missing) [1],,(missing) [1],,,false,,,1,1,http://usps.com/business
"https://bat.bing.com/action/0?ti=21006064&Ver=2&mid=aab03d67-a10b-43d9-97bc-e091b85c223b&bo=1&sid=485916f0523711f1bf0ce9b47754b227&vid=485958c0523711f18cb3b3e9a3abc094&vids=1&msclkid=N&pi=0&lg=en-US&sw=1280&sh=720&sc=24&nwd=1&tl=Online%20Shipping%20with%20Click-N-Ship%20%7C%20USPS&kw=click-n-ship,%20loyalty%20program,%20ship,%20print%20postage,%20shipping%20labels,%20package%20pickup,%20free%20boxes&p=https%3A%2F%2Fwww.usps.com%2Fship%2Fonline-shipping.htm&r=&lt=657&evt=pageLoad&sv=2&cdb=AQAQ&rn=463056",,(empty) [1],DECORATIVE,,,(missing) [1],,(missing) [1],,(missing) [1],,,false,,,1,1,http://usps.com/ship/online-shipping.htm
https://insight.adsrvr.org/track/pxl/?adv=r963col&ct=0:5oyav9u&fmt=3,,(empty) [1],DECORATIVE,,,(missing) [1],,(missing) [1],,(missing) [1],,,true,1,1,1,1,http://usps.com/business
https://www.usps.com/assets/images/business/informed-innovations/informed-coupons.jpg,,(empty) [1],DECORATIVE,,,(missing) [1],,(missing) [1],,(missing) [1],,,true,1026,471,1,1,http://usps.com/business/informed-innovations.htm
https://www.usps.com/assets/images/business/priority-mail-next-day/dots-grid.svg,,(empty) [1],DECORATIVE,,,(missing) [1],,(missing) [1],,(missing) [1],,,true,593,524,1,1,http://usps.com/business/priority-mail-next-day.htm
https://www.usps.com/assets/images/international/send-international-packages-01.jpg,,(empty) [1],DECORATIVE,,,(missing) [1],,(missing) [1],,(missing) [1],,,true,432,242,1,1,http://usps.com/international/preparing-international-shipments.htm
https://www.usps.com/assets/images/international/send-international-packages-02.jpg,,(empty) [1],DECORATIVE,,,(missing) [1],,(missing) [1],,(missing) [1],,,true,432,242,1,1,http://usps.com/international/preparing-international-shipments.htm
https://www.usps.com/assets/images/international/send-international-packages-03.jpg,,(empty) [1],DECORATIVE,,,(missing) [1],,(missing) [1],,(missing) [1],,,true,432,242,1,1,http://usps.com/international/preparing-international-shipments.htm
https://www.usps.com/assets/images/international/send-international-packages-04.jpg,,(empty) [1],DECORATIVE,,,(missing) [1],,(missing) [1],,(missing) [1],,,true,432,242,1,1,http://usps.com/international/preparing-international-shipments.htm
https://www.usps.com/assets/images/international/send-international-packages-05.jpg,,(empty) [1],DECORATIVE,,,(missing) [1],,(missing) [1],,(missing) [1],,,true,432,242,1,1,http://usps.com/international/preparing-international-shipments.htm
https://www.usps.com/assets/images/international/send-international-packages-06.jpg,,(empty) [1],DECORATIVE,,,(missing) [1],,(missing) [1],,(missing) [1],,,true,432,242,1,1,http://usps.com/international/preparing-international-shipments.htm
https://www.usps.com/assets/images/international/send-international-packages-07.jpg,,(empty) [1],DECORATIVE,,,(missing) [1],,(missing) [1],,(missing) [1],,,true,432,242,1,1,http://usps.com/international/preparing-international-shipments.htm
https://www.usps.com/assets/images/ship/ground-adv/free-package-pickup.svg,,(empty) [1],DECORATIVE,,,(missing) [1],,(missing) [1],,(missing) [1],,,true,46,41,1,1,http://usps.com/business/ground-advantage.htm
https://www.usps.com/assets/images/ship/ground-adv/password-lock.svg,,(empty) [1],DECORATIVE,,,(missing) [1],,(missing) [1],,(missing) [1],,,true,36,48,1,1,http://usps.com/business/ground-advantage.htm
https://www.usps.com/assets/images/ship/ground-adv/print-shipping-label.svg,,(empty) [1],DECORATIVE,,,(missing) [1],,(missing) [1],,(missing) [1],,,true,44,43,1,1,http://usps.com/business/ground-advantage.htm
https://www.usps.com/assets/images/ship/ground-adv/savings.svg,,(empty) [1],DECORATIVE,,,(missing) [1],,(missing) [1],,(missing) [1],,,true,51,42,1,1,http://usps.com/business/ground-advantage.htm
https://www.usps.com/assets/images/ship/ground-adv/single-chain-custody.svg,,(empty) [1],DECORATIVE,,,(missing) [1],,(missing) [1],,(missing) [1],,,true,61,39,1,1,http://usps.com/business/ground-advantage.htm
https://www.usps.com/assets/images/ship/ground-adv/tracking.svg,,(empty) [1],DECORATIVE,,,(missing) [1],,(missing) [1],,(missing) [1],,,true,40,42,1,1,http://usps.com/business/ground-advantage.htm
https://www.usps.com/assets/images/ship/online-shipping/cyber-evaluation.svg,,(empty) [1],DECORATIVE,,,(missing) [1],,(missing) [1],,(missing) [1],,,true,33,48,1,1,http://usps.com/ship/online-shipping.htm
https://www.usps.com/assets/images/ship/online-shipping/file-org.svg,,(empty) [1],DECORATIVE,,,(missing) [1],,(missing) [1],,(missing) [1],,,true,48,50,1,1,http://usps.com/ship/online-shipping.htm
https://www.usps.com/assets/images/ship/online-shipping/history.svg,,(empty) [1],DECORATIVE,,,(missing) [1],,(missing) [1],,(missing) [1],,,true,50,48,1,1,http://usps.com/ship/online-shipping.htm
https://www.usps.com/assets/images/ship/online-shipping/priority-mail-delivery.svg,,(empty) [1],DECORATIVE,,,(missing) [1],,(missing) [1],,(missing) [1],,,true,48,40,1,1,http://usps.com/ship/online-shipping.htm
https://www.usps.com/assets/images/ship/online-shipping/reload.svg,,(empty) [1],DECORATIVE,,,(missing) [1],,(missing) [1],,(missing) [1],,,true,47,49,1,1,http://usps.com/ship/online-shipping.htm
https://www.usps.com/assets/images/ship/online-shipping/savings.svg,,(empty) [1],DECORATIVE,,,(missing) [1],,(missing) [1],,(missing) [1],,,true,48,48,1,1,http://usps.com/ship/online-shipping.htm
https://www.usps.com/global-elements/images/calculate_price.svg,Calculate a Price Icon,Calculate a Price Icon [87] | Calculator Icon Link for Calculate a Price [1],GOOD,,,(missing) [88],,(missing) [88],,(missing) [88],,,true,150,150,88,87,http://usps.com/; http://usps.com/apps/informed-delivery.htm; http://usps.com/apps/rapid-drop.htm; http://usps.com/business; http://usps.com/business/advertise-with-mail.htm; http://usps.com/business/api-access.htm; http://usps.com/business/connect; http://usps.com/business/connect/ecommerce.htm; http://usps.com/business/connect/ecommerce-merchants.htm; http://usps.com/business/connect/local.htm; http://usps.com/business/customized-direct-mail.htm; http://usps.com/business/every-door-direct-mail.htm; http://usps.com/business/ground-advantage.htm; http://usps.com/business/informed-delivery.htm; http://usps.com/business/informed-innovations.htm; http://usps.com/business/international-shipping.htm; http://usps.com/business/label-broker.htm; http://usps.com/business/large-business.htm; http://usps.com/business/manage-mail.htm; http://usps.com/business/political-mail.htm; http://usps.com/business/postage-options.htm; http://usps.com/business/postage-options-compare.htm; http://usps.com/business/prices.htm; http://usps.com/business/priority-mail-next-day.htm; http://usps.com/business/promotions-incentives.htm; http://usps.com/business/repositionable-notes-vendors.htm; http://usps.com/business/return-services.htm; http://usps.com/business/vendors.htm; http://usps.com/business/verify-postage.htm; http://usps.com/business/web-tools-apis/documentation-updates.htm; http://usps.com/business/web-tools-apis; http://usps.com/help/claims.htm; http://usps.com/help/contact-us.htm; http://usps.com/help/international-claims.htm; http://usps.com/help/international-refunds.htm; http://usps.com/help/missing-mail.htm; http://usps.com/help/refunds.htm; http://usps.com/international; http://usps.com/international/customs-forms.htm; http://usps.com/international/first-class-mail-international.htm; http://usps.com/international/first-class-package-international-service.htm; http://usps.com/international/insurance-extra-services.htm; http://usps.com/international/international-how-to.htm; http://usps.com/international/letters.htm; http://usps.com/international/mail-shipping-services.htm; http://usps.com/international/money-transfers.htm; http://usps.com/international/new-eu-customs-rules.htm; http://usps.com/international/passports.htm; http://usps.com/international/prepaid-import-duties.htm; http://usps.com/international/preparing-international-shipments.htm; http://usps.com/international/priority-mail-express-international.htm; http://usps.com/international/priority-mail-international.htm; http://usps.com/international/shipping-restrictions.htm; http://usps.com/manage; http://usps.com/manage/forward.htm; http://usps.com/manage/forward-premium.htm; http://usps.com/manage/hold-mail.htm; http://usps.com/manage/informed-delivery.htm; http://usps.com/manage/mailboxes.htm; http://usps.com/manage/mail-for-deceased.htm; http://usps.com/manage/move-campaign.htm; http://usps.com/manage/package-intercept.htm; http://usps.com/manage/po-boxes.htm; http://usps.com/packagemailbox; http://usps.com/perfectlyorchestrated; http://usps.com/priority-mail/map; http://usps.com/service-standards; http://usps.com/ship; http://usps.com/ship/apo-fpo-dpo.htm; http://usps.com/ship/custom-mail.htm; http://usps.com/ship/first-class-mail.htm; http://usps.com/ship/ground-advantage.htm; http://usps.com/ship/insurance-extra-services.htm; http://usps.com/ship/label-broker.htm; http://usps.com/ship/letters.htm; http://usps.com/ship/mail-shipping-services.htm; http://usps.com/ship/online-shipping.htm; http://usps.com/ship/packages.htm; http://usps.com/ship/priority-mail.htm; http://usps.com/ship/priority-mail-express.htm; http://usps.com/ship/shipping-restrictions.htm; http://usps.com/shop/money-orders.htm; http://usps.com/shop/returns-exchanges.htm; http://usps.com/smallbusiness; http://usps.com/vulnerability-disclosure-policy; http://usps.com/taxes/welcome.htm; http://usps.com/holiday/holiday-shipping-dates.htm
https://www.usps.com/global-elements/images/change_address.svg,Change of Address Icon,Change of Address Icon [87] | House Icon Link for Change My Address [1],GOOD,,,(missing) [88],,(missing) [88],,(missing) [88],,,true,150,150,88,87,http://usps.com/; http://usps.com/apps/informed-delivery.htm; http://usps.com/apps/rapid-drop.htm; http://usps.com/business; http://usps.com/business/advertise-with-mail.htm; http://usps.com/business/api-access.htm; http://usps.com/business/connect; http://usps.com/business/connect/ecommerce.htm; http://usps.com/business/connect/ecommerce-merchants.htm; http://usps.com/business/connect/local.htm; http://usps.com/business/customized-direct-mail.htm; http://usps.com/business/every-door-direct-mail.htm; http://usps.com/business/ground-advantage.htm; http://usps.com/business/informed-delivery.htm; http://usps.com/business/informed-innovations.htm; http://usps.com/business/international-shipping.htm; http://usps.com/business/label-broker.htm; http://usps.com/business/large-business.htm; http://usps.com/business/manage-mail.htm; http://usps.com/business/political-mail.htm; http://usps.com/business/postage-options.htm; http://usps.com/business/postage-options-compare.htm; http://usps.com/business/prices.htm; http://usps.com/business/priority-mail-next-day.htm; http://usps.com/business/promotions-incentives.htm; http://usps.com/business/repositionable-notes-vendors.htm; http://usps.com/business/return-services.htm; http://usps.com/business/vendors.htm; http://usps.com/business/verify-postage.htm; http://usps.com/business/web-tools-apis/documentation-updates.htm; http://usps.com/business/web-tools-apis; http://usps.com/help/claims.htm; http://usps.com/help/contact-us.htm; http://usps.com/help/international-claims.htm; http://usps.com/help/international-refunds.htm; http://usps.com/help/missing-mail.htm; http://usps.com/help/refunds.htm; http://usps.com/international; http://usps.com/international/customs-forms.htm; http://usps.com/international/first-class-mail-international.htm; http://usps.com/international/first-class-package-international-service.htm; http://usps.com/international/insurance-extra-services.htm; http://usps.com/international/international-how-to.htm; http://usps.com/international/letters.htm; http://usps.com/international/mail-shipping-services.htm; http://usps.com/international/money-transfers.htm; http://usps.com/international/new-eu-customs-rules.htm; http://usps.com/international/passports.htm; http://usps.com/international/prepaid-import-duties.htm; http://usps.com/international/preparing-international-shipments.htm; http://usps.com/international/priority-mail-express-international.htm; http://usps.com/international/priority-mail-international.htm; http://usps.com/international/shipping-restrictions.htm; http://usps.com/manage; http://usps.com/manage/forward.htm; http://usps.com/manage/forward-premium.htm; http://usps.com/manage/hold-mail.htm; http://usps.com/manage/informed-delivery.htm; http://usps.com/manage/mailboxes.htm; http://usps.com/manage/mail-for-deceased.htm; http://usps.com/manage/move-campaign.htm; http://usps.com/manage/package-intercept.htm; http://usps.com/manage/po-boxes.htm; http://usps.com/packagemailbox; http://usps.com/perfectlyorchestrated; http://usps.com/priority-mail/map; http://usps.com/service-standards; http://usps.com/ship; http://usps.com/ship/apo-fpo-dpo.htm; http://usps.com/ship/custom-mail.htm; http://usps.com/ship/first-class-mail.htm; http://usps.com/ship/ground-advantage.htm; http://usps.com/ship/insurance-extra-services.htm; http://usps.com/ship/label-broker.htm; http://usps.com/ship/letters.htm; http://usps.com/ship/mail-shipping-services.htm; http://usps.com/ship/online-shipping.htm; http://usps.com/ship/packages.htm; http://usps.com/ship/priority-mail.htm; http://usps.com/ship/priority-mail-express.htm; http://usps.com/ship/shipping-restrictions.htm; http://usps.com/shop/money-orders.htm; http://usps.com/shop/returns-exchanges.htm; http://usps.com/smallbusiness; http://usps.com/vulnerability-disclosure-policy; http://usps.com/taxes/welcome.htm; http://usps.com/holiday/holiday-shipping-dates.htm
https://www.usps.com/global-elements/images/featured_clicknship.svg,Click-N-Ship Icon,Click-N-Ship Icon [87] | Printer Icon Link for Click-N-Ship [1],GOOD,,,(missing) [88],,(missing) [88],,(missing) [88],,,true,149,150,88,87,http://usps.com/; http://usps.com/apps/informed-delivery.htm; http://usps.com/apps/rapid-drop.htm; http://usps.com/business; http://usps.com/business/advertise-with-mail.htm; http://usps.com/business/api-access.htm; http://usps.com/business/connect; http://usps.com/business/connect/ecommerce.htm; http://usps.com/business/connect/ecommerce-merchants.htm; http://usps.com/business/connect/local.htm; http://usps.com/business/customized-direct-mail.htm; http://usps.com/business/every-door-direct-mail.htm; http://usps.com/business/ground-advantage.htm; http://usps.com/business/informed-delivery.htm; http://usps.com/business/informed-innovations.htm; http://usps.com/business/international-shipping.htm; http://usps.com/business/label-broker.htm; http://usps.com/business/large-business.htm; http://usps.com/business/manage-mail.htm; http://usps.com/business/political-mail.htm; http://usps.com/business/postage-options.htm; http://usps.com/business/postage-options-compare.htm; http://usps.com/business/prices.htm; http://usps.com/business/priority-mail-next-day.htm; http://usps.com/business/promotions-incentives.htm; http://usps.com/business/repositionable-notes-vendors.htm; http://usps.com/business/return-services.htm; http://usps.com/business/vendors.htm; http://usps.com/business/verify-postage.htm; http://usps.com/business/web-tools-apis/documentation-updates.htm; http://usps.com/business/web-tools-apis; http://usps.com/help/claims.htm; http://usps.com/help/contact-us.htm; http://usps.com/help/international-claims.htm; http://usps.com/help/international-refunds.htm; http://usps.com/help/missing-mail.htm; http://usps.com/help/refunds.htm; http://usps.com/international; http://usps.com/international/customs-forms.htm; http://usps.com/international/first-class-mail-international.htm; http://usps.com/international/first-class-package-international-service.htm; http://usps.com/international/insurance-extra-services.htm; http://usps.com/international/international-how-to.htm; http://usps.com/international/letters.htm; http://usps.com/international/mail-shipping-services.htm; http://usps.com/international/money-transfers.htm; http://usps.com/international/new-eu-customs-rules.htm; http://usps.com/international/passports.htm; http://usps.com/international/prepaid-import-duties.htm; http://usps.com/international/preparing-international-shipments.htm; http://usps.com/international/priority-mail-express-international.htm; http://usps.com/international/priority-mail-international.htm; http://usps.com/international/shipping-restrictions.htm; http://usps.com/manage; http://usps.com/manage/forward.htm; http://usps.com/manage/forward-premium.htm; http://usps.com/manage/hold-mail.htm; http://usps.com/manage/informed-delivery.htm; http://usps.com/manage/mailboxes.htm; http://usps.com/manage/mail-for-deceased.htm; http://usps.com/manage/move-campaign.htm; http://usps.com/manage/package-intercept.htm; http://usps.com/manage/po-boxes.htm; http://usps.com/packagemailbox; http://usps.com/perfectlyorchestrated; http://usps.com/priority-mail/map; http://usps.com/service-standards; http://usps.com/ship; http://usps.com/ship/apo-fpo-dpo.htm; http://usps.com/ship/custom-mail.htm; http://usps.com/ship/first-class-mail.htm; http://usps.com/ship/ground-advantage.htm; http://usps.com/ship/insurance-extra-services.htm; http://usps.com/ship/label-broker.htm; http://usps.com/ship/letters.htm; http://usps.com/ship/mail-shipping-services.htm; http://usps.com/ship/online-shipping.htm; http://usps.com/ship/packages.htm; http://usps.com/ship/priority-mail.htm; http://usps.com/ship/priority-mail-express.htm; http://usps.com/ship/shipping-restrictions.htm; http://usps.com/shop/money-orders.htm; http://usps.com/shop/returns-exchanges.htm; http://usps.com/smallbusiness; http://usps.com/vulnerability-disclosure-policy; http://usps.com/taxes/welcome.htm; http://usps.com/holiday/holiday-shipping-dates.htm
https://www.usps.com/global-elements/images/find_zip.svg,Zip Code™ Lookup Icon,Zip Code™ Lookup Icon [87] | ZIP Code Location Finder Icon Link for Look up a ZIP Code [1],GOOD,,,(missing) [88],,(missing) [88],,(missing) [88],,,true,150,150,88,87,http://usps.com/; http://usps.com/apps/informed-delivery.htm; http://usps.com/apps/rapid-drop.htm; http://usps.com/business; http://usps.com/business/advertise-with-mail.htm; http://usps.com/business/api-access.htm; http://usps.com/business/connect; http://usps.com/business/connect/ecommerce.htm; http://usps.com/business/connect/ecommerce-merchants.htm; http://usps.com/business/connect/local.htm; http://usps.com/business/customized-direct-mail.htm; http://usps.com/business/every-door-direct-mail.htm; http://usps.com/business/ground-advantage.htm; http://usps.com/business/informed-delivery.htm; http://usps.com/business/informed-innovations.htm; http://usps.com/business/international-shipping.htm; http://usps.com/business/label-broker.htm; http://usps.com/business/large-business.htm; http://usps.com/business/manage-mail.htm; http://usps.com/business/political-mail.htm; http://usps.com/business/postage-options.htm; http://usps.com/business/postage-options-compare.htm; http://usps.com/business/prices.htm; http://usps.com/business/priority-mail-next-day.htm; http://usps.com/business/promotions-incentives.htm; http://usps.com/business/repositionable-notes-vendors.htm; http://usps.com/business/return-services.htm; http://usps.com/business/vendors.htm; http://usps.com/business/verify-postage.htm; http://usps.com/business/web-tools-apis/documentation-updates.htm; http://usps.com/business/web-tools-apis; http://usps.com/help/claims.htm; http://usps.com/help/contact-us.htm; http://usps.com/help/international-claims.htm; http://usps.com/help/international-refunds.htm; http://usps.com/help/missing-mail.htm; http://usps.com/help/refunds.htm; http://usps.com/international; http://usps.com/international/customs-forms.htm; http://usps.com/international/first-class-mail-international.htm; http://usps.com/international/first-class-package-international-service.htm; http://usps.com/international/insurance-extra-services.htm; http://usps.com/international/international-how-to.htm; http://usps.com/international/letters.htm; http://usps.com/international/mail-shipping-services.htm; http://usps.com/international/money-transfers.htm; http://usps.com/international/new-eu-customs-rules.htm; http://usps.com/international/passports.htm; http://usps.com/international/prepaid-import-duties.htm; http://usps.com/international/preparing-international-shipments.htm; http://usps.com/international/priority-mail-express-international.htm; http://usps.com/international/priority-mail-international.htm; http://usps.com/international/shipping-restrictions.htm; http://usps.com/manage; http://usps.com/manage/forward.htm; http://usps.com/manage/forward-premium.htm; http://usps.com/manage/hold-mail.htm; http://usps.com/manage/informed-delivery.htm; http://usps.com/manage/mailboxes.htm; http://usps.com/manage/mail-for-deceased.htm; http://usps.com/manage/move-campaign.htm; http://usps.com/manage/package-intercept.htm; http://usps.com/manage/po-boxes.htm; http://usps.com/packagemailbox; http://usps.com/perfectlyorchestrated; http://usps.com/priority-mail/map; http://usps.com/service-standards; http://usps.com/ship; http://usps.com/ship/apo-fpo-dpo.htm; http://usps.com/ship/custom-mail.htm; http://usps.com/ship/first-class-mail.htm; http://usps.com/ship/ground-advantage.htm; http://usps.com/ship/insurance-extra-services.htm; http://usps.com/ship/label-broker.htm; http://usps.com/ship/letters.htm; http://usps.com/ship/mail-shipping-services.htm; http://usps.com/ship/online-shipping.htm; http://usps.com/ship/packages.htm; http://usps.com/ship/priority-mail.htm; http://usps.com/ship/priority-mail-express.htm; http://usps.com/ship/shipping-restrictions.htm; http://usps.com/shop/money-orders.htm; http://usps.com/shop/returns-exchanges.htm; http://usps.com/smallbusiness; http://usps.com/vulnerability-disclosure-policy; http://usps.com/taxes/welcome.htm; http://usps.com/holiday/holiday-shipping-dates.htm
https://www.usps.com/global-elements/images/holdmail.svg,Holdmail Icon,Holdmail Icon [87] | Stop mail Icon Link for Hold Mail [1],GOOD,,,(missing) [88],,(missing) [88],,(missing) [88],,,true,150,150,88,87,http://usps.com/; http://usps.com/apps/informed-delivery.htm; http://usps.com/apps/rapid-drop.htm; http://usps.com/business; http://usps.com/business/advertise-with-mail.htm; http://usps.com/business/api-access.htm; http://usps.com/business/connect; http://usps.com/business/connect/ecommerce.htm; http://usps.com/business/connect/ecommerce-merchants.htm; http://usps.com/business/connect/local.htm; http://usps.com/business/customized-direct-mail.htm; http://usps.com/business/every-door-direct-mail.htm; http://usps.com/business/ground-advantage.htm; http://usps.com/business/informed-delivery.htm; http://usps.com/business/informed-innovations.htm; http://usps.com/business/international-shipping.htm; http://usps.com/business/label-broker.htm; http://usps.com/business/large-business.htm; http://usps.com/business/manage-mail.htm; http://usps.com/business/political-mail.htm; http://usps.com/business/postage-options.htm; http://usps.com/business/postage-options-compare.htm; http://usps.com/business/prices.htm; http://usps.com/business/priority-mail-next-day.htm; http://usps.com/business/promotions-incentives.htm; http://usps.com/business/repositionable-notes-vendors.htm; http://usps.com/business/return-services.htm; http://usps.com/business/vendors.htm; http://usps.com/business/verify-postage.htm; http://usps.com/business/web-tools-apis/documentation-updates.htm; http://usps.com/business/web-tools-apis; http://usps.com/help/claims.htm; http://usps.com/help/contact-us.htm; http://usps.com/help/international-claims.htm; http://usps.com/help/international-refunds.htm; http://usps.com/help/missing-mail.htm; http://usps.com/help/refunds.htm; http://usps.com/international; http://usps.com/international/customs-forms.htm; http://usps.com/international/first-class-mail-international.htm; http://usps.com/international/first-class-package-international-service.htm; http://usps.com/international/insurance-extra-services.htm; http://usps.com/international/international-how-to.htm; http://usps.com/international/letters.htm; http://usps.com/international/mail-shipping-services.htm; http://usps.com/international/money-transfers.htm; http://usps.com/international/new-eu-customs-rules.htm; http://usps.com/international/passports.htm; http://usps.com/international/prepaid-import-duties.htm; http://usps.com/international/preparing-international-shipments.htm; http://usps.com/international/priority-mail-express-international.htm; http://usps.com/international/priority-mail-international.htm; http://usps.com/international/shipping-restrictions.htm; http://usps.com/manage; http://usps.com/manage/forward.htm; http://usps.com/manage/forward-premium.htm; http://usps.com/manage/hold-mail.htm; http://usps.com/manage/informed-delivery.htm; http://usps.com/manage/mailboxes.htm; http://usps.com/manage/mail-for-deceased.htm; http://usps.com/manage/move-campaign.htm; http://usps.com/manage/package-intercept.htm; http://usps.com/manage/po-boxes.htm; http://usps.com/packagemailbox; http://usps.com/perfectlyorchestrated; http://usps.com/priority-mail/map; http://usps.com/service-standards; http://usps.com/ship; http://usps.com/ship/apo-fpo-dpo.htm; http://usps.com/ship/custom-mail.htm; http://usps.com/ship/first-class-mail.htm; http://usps.com/ship/ground-advantage.htm; http://usps.com/ship/insurance-extra-services.htm; http://usps.com/ship/label-broker.htm; http://usps.com/ship/letters.htm; http://usps.com/ship/mail-shipping-services.htm; http://usps.com/ship/online-shipping.htm; http://usps.com/ship/packages.htm; http://usps.com/ship/priority-mail.htm; http://usps.com/ship/priority-mail-express.htm; http://usps.com/ship/shipping-restrictions.htm; http://usps.com/shop/money-orders.htm; http://usps.com/shop/returns-exchanges.htm; http://usps.com/smallbusiness; http://usps.com/vulnerability-disclosure-policy; http://usps.com/taxes/welcome.htm; http://usps.com/holiday/holiday-shipping-dates.htm
https://www.usps.com/global-elements/images/mailman.svg,Informed Delivery Icon,Informed Delivery Icon [87] | Mail Carrier Icon Link for Informed Delivery [1],GOOD,,,(missing) [88],,(missing) [88],,(missing) [88],,,true,150,150,88,87,http://usps.com/; http://usps.com/apps/informed-delivery.htm; http://usps.com/apps/rapid-drop.htm; http://usps.com/business; http://usps.com/business/advertise-with-mail.htm; http://usps.com/business/api-access.htm; http://usps.com/business/connect; http://usps.com/business/connect/ecommerce.htm; http://usps.com/business/connect/ecommerce-merchants.htm; http://usps.com/business/connect/local.htm; http://usps.com/business/customized-direct-mail.htm; http://usps.com/business/every-door-direct-mail.htm; http://usps.com/business/ground-advantage.htm; http://usps.com/business/informed-delivery.htm; http://usps.com/business/informed-innovations.htm; http://usps.com/business/international-shipping.htm; http://usps.com/business/label-broker.htm; http://usps.com/business/large-business.htm; http://usps.com/business/manage-mail.htm; http://usps.com/business/political-mail.htm; http://usps.com/business/postage-options.htm; http://usps.com/business/postage-options-compare.htm; http://usps.com/business/prices.htm; http://usps.com/business/priority-mail-next-day.htm; http://usps.com/business/promotions-incentives.htm; http://usps.com/business/repositionable-notes-vendors.htm; http://usps.com/business/return-services.htm; http://usps.com/business/vendors.htm; http://usps.com/business/verify-postage.htm; http://usps.com/business/web-tools-apis/documentation-updates.htm; http://usps.com/business/web-tools-apis; http://usps.com/help/claims.htm; http://usps.com/help/contact-us.htm; http://usps.com/help/international-claims.htm; http://usps.com/help/international-refunds.htm; http://usps.com/help/missing-mail.htm; http://usps.com/help/refunds.htm; http://usps.com/international; http://usps.com/international/customs-forms.htm; http://usps.com/international/first-class-mail-international.htm; http://usps.com/international/first-class-package-international-service.htm; http://usps.com/international/insurance-extra-services.htm; http://usps.com/international/international-how-to.htm; http://usps.com/international/letters.htm; http://usps.com/international/mail-shipping-services.htm; http://usps.com/international/money-transfers.htm; http://usps.com/international/new-eu-customs-rules.htm; http://usps.com/international/passports.htm; http://usps.com/international/prepaid-import-duties.htm; http://usps.com/international/preparing-international-shipments.htm; http://usps.com/international/priority-mail-express-international.htm; http://usps.com/international/priority-mail-international.htm; http://usps.com/international/shipping-restrictions.htm; http://usps.com/manage; http://usps.com/manage/forward.htm; http://usps.com/manage/forward-premium.htm; http://usps.com/manage/hold-mail.htm; http://usps.com/manage/informed-delivery.htm; http://usps.com/manage/mailboxes.htm; http://usps.com/manage/mail-for-deceased.htm; http://usps.com/manage/move-campaign.htm; http://usps.com/manage/package-intercept.htm; http://usps.com/manage/po-boxes.htm; http://usps.com/packagemailbox; http://usps.com/perfectlyorchestrated; http://usps.com/priority-mail/map; http://usps.com/service-standards; http://usps.com/ship; http://usps.com/ship/apo-fpo-dpo.htm; http://usps.com/ship/custom-mail.htm; http://usps.com/ship/first-class-mail.htm; http://usps.com/ship/ground-advantage.htm; http://usps.com/ship/insurance-extra-services.htm; http://usps.com/ship/label-broker.htm; http://usps.com/ship/letters.htm; http://usps.com/ship/mail-shipping-services.htm; http://usps.com/ship/online-shipping.htm; http://usps.com/ship/packages.htm; http://usps.com/ship/priority-mail.htm; http://usps.com/ship/priority-mail-express.htm; http://usps.com/ship/shipping-restrictions.htm; http://usps.com/shop/money-orders.htm; http://usps.com/shop/returns-exchanges.htm; http://usps.com/smallbusiness; http://usps.com/vulnerability-disclosure-policy; http://usps.com/taxes/welcome.htm; http://usps.com/holiday/holiday-shipping-dates.htm
https://www.usps.com/global-elements/images/po_box.svg,Post Office Boxes Icon,Post Office Boxes Icon [87] | PO Box Icon Link for PO Boxes [1],GOOD,,,(missing) [88],,(missing) [88],,(missing) [88],,,true,150,150,88,87,http://usps.com/; http://usps.com/apps/informed-delivery.htm; http://usps.com/apps/rapid-drop.htm; http://usps.com/business; http://usps.com/business/advertise-with-mail.htm; http://usps.com/business/api-access.htm; http://usps.com/business/connect; http://usps.com/business/connect/ecommerce.htm; http://usps.com/business/connect/ecommerce-merchants.htm; http://usps.com/business/connect/local.htm; http://usps.com/business/customized-direct-mail.htm; http://usps.com/business/every-door-direct-mail.htm; http://usps.com/business/ground-advantage.htm; http://usps.com/business/informed-delivery.htm; http://usps.com/business/informed-innovations.htm; http://usps.com/business/international-shipping.htm; http://usps.com/business/label-broker.htm; http://usps.com/business/large-business.htm; http://usps.com/business/manage-mail.htm; http://usps.com/business/political-mail.htm; http://usps.com/business/postage-options.htm; http://usps.com/business/postage-options-compare.htm; http://usps.com/business/prices.htm; http://usps.com/business/priority-mail-next-day.htm; http://usps.com/business/promotions-incentives.htm; http://usps.com/business/repositionable-notes-vendors.htm; http://usps.com/business/return-services.htm; http://usps.com/business/vendors.htm; http://usps.com/business/verify-postage.htm; http://usps.com/business/web-tools-apis/documentation-updates.htm; http://usps.com/business/web-tools-apis; http://usps.com/help/claims.htm; http://usps.com/help/contact-us.htm; http://usps.com/help/international-claims.htm; http://usps.com/help/international-refunds.htm; http://usps.com/help/missing-mail.htm; http://usps.com/help/refunds.htm; http://usps.com/international; http://usps.com/international/customs-forms.htm; http://usps.com/international/first-class-mail-international.htm; http://usps.com/international/first-class-package-international-service.htm; http://usps.com/international/insurance-extra-services.htm; http://usps.com/international/international-how-to.htm; http://usps.com/international/letters.htm; http://usps.com/international/mail-shipping-services.htm; http://usps.com/international/money-transfers.htm; http://usps.com/international/new-eu-customs-rules.htm; http://usps.com/international/passports.htm; http://usps.com/international/prepaid-import-duties.htm; http://usps.com/international/preparing-international-shipments.htm; http://usps.com/international/priority-mail-express-international.htm; http://usps.com/international/priority-mail-international.htm; http://usps.com/international/shipping-restrictions.htm; http://usps.com/manage; http://usps.com/manage/forward.htm; http://usps.com/manage/forward-premium.htm; http://usps.com/manage/hold-mail.htm; http://usps.com/manage/informed-delivery.htm; http://usps.com/manage/mailboxes.htm; http://usps.com/manage/mail-for-deceased.htm; http://usps.com/manage/move-campaign.htm; http://usps.com/manage/package-intercept.htm; http://usps.com/manage/po-boxes.htm; http://usps.com/packagemailbox; http://usps.com/perfectlyorchestrated; http://usps.com/priority-mail/map; http://usps.com/service-standards; http://usps.com/ship; http://usps.com/ship/apo-fpo-dpo.htm; http://usps.com/ship/custom-mail.htm; http://usps.com/ship/first-class-mail.htm; http://usps.com/ship/ground-advantage.htm; http://usps.com/ship/insurance-extra-services.htm; http://usps.com/ship/label-broker.htm; http://usps.com/ship/letters.htm; http://usps.com/ship/mail-shipping-services.htm; http://usps.com/ship/online-shipping.htm; http://usps.com/ship/packages.htm; http://usps.com/ship/priority-mail.htm; http://usps.com/ship/priority-mail-express.htm; http://usps.com/ship/shipping-restrictions.htm; http://usps.com/shop/money-orders.htm; http://usps.com/shop/returns-exchanges.htm; http://usps.com/smallbusiness; http://usps.com/vulnerability-disclosure-policy; http://usps.com/taxes/welcome.htm; http://usps.com/holiday/holiday-shipping-dates.htm
https://www.usps.com/global-elements/images/schedule_pickup.svg,Schedule a Pickup Icon,Schedule a Pickup Icon [87] | Box and clock Icon Link for Schedule a Pickup [1],GOOD,,,(missing) [88],,(missing) [88],,(missing) [88],,,true,150,150,88,87,http://usps.com/; http://usps.com/apps/informed-delivery.htm; http://usps.com/apps/rapid-drop.htm; http://usps.com/business; http://usps.com/business/advertise-with-mail.htm; http://usps.com/business/api-access.htm; http://usps.com/business/connect; http://usps.com/business/connect/ecommerce.htm; http://usps.com/business/connect/ecommerce-merchants.htm; http://usps.com/business/connect/local.htm; http://usps.com/business/customized-direct-mail.htm; http://usps.com/business/every-door-direct-mail.htm; http://usps.com/business/ground-advantage.htm; http://usps.com/business/informed-delivery.htm; http://usps.com/business/informed-innovations.htm; http://usps.com/business/international-shipping.htm; http://usps.com/business/label-broker.htm; http://usps.com/business/large-business.htm; http://usps.com/business/manage-mail.htm; http://usps.com/business/political-mail.htm; http://usps.com/business/postage-options.htm; http://usps.com/business/postage-options-compare.htm; http://usps.com/business/prices.htm; http://usps.com/business/priority-mail-next-day.htm; http://usps.com/business/promotions-incentives.htm; http://usps.com/business/repositionable-notes-vendors.htm; http://usps.com/business/return-services.htm; http://usps.com/business/vendors.htm; http://usps.com/business/verify-postage.htm; http://usps.com/business/web-tools-apis/documentation-updates.htm; http://usps.com/business/web-tools-apis; http://usps.com/help/claims.htm; http://usps.com/help/contact-us.htm; http://usps.com/help/international-claims.htm; http://usps.com/help/international-refunds.htm; http://usps.com/help/missing-mail.htm; http://usps.com/help/refunds.htm; http://usps.com/international; http://usps.com/international/customs-forms.htm; http://usps.com/international/first-class-mail-international.htm; http://usps.com/international/first-class-package-international-service.htm; http://usps.com/international/insurance-extra-services.htm; http://usps.com/international/international-how-to.htm; http://usps.com/international/letters.htm; http://usps.com/international/mail-shipping-services.htm; http://usps.com/international/money-transfers.htm; http://usps.com/international/new-eu-customs-rules.htm; http://usps.com/international/passports.htm; http://usps.com/international/prepaid-import-duties.htm; http://usps.com/international/preparing-international-shipments.htm; http://usps.com/international/priority-mail-express-international.htm; http://usps.com/international/priority-mail-international.htm; http://usps.com/international/shipping-restrictions.htm; http://usps.com/manage; http://usps.com/manage/forward.htm; http://usps.com/manage/forward-premium.htm; http://usps.com/manage/hold-mail.htm; http://usps.com/manage/informed-delivery.htm; http://usps.com/manage/mailboxes.htm; http://usps.com/manage/mail-for-deceased.htm; http://usps.com/manage/move-campaign.htm; http://usps.com/manage/package-intercept.htm; http://usps.com/manage/po-boxes.htm; http://usps.com/packagemailbox; http://usps.com/perfectlyorchestrated; http://usps.com/priority-mail/map; http://usps.com/service-standards; http://usps.com/ship; http://usps.com/ship/apo-fpo-dpo.htm; http://usps.com/ship/custom-mail.htm; http://usps.com/ship/first-class-mail.htm; http://usps.com/ship/ground-advantage.htm; http://usps.com/ship/insurance-extra-services.htm; http://usps.com/ship/label-broker.htm; http://usps.com/ship/letters.htm; http://usps.com/ship/mail-shipping-services.htm; http://usps.com/ship/online-shipping.htm; http://usps.com/ship/packages.htm; http://usps.com/ship/priority-mail.htm; http://usps.com/ship/priority-mail-express.htm; http://usps.com/ship/shipping-restrictions.htm; http://usps.com/shop/money-orders.htm; http://usps.com/shop/returns-exchanges.htm; http://usps.com/smallbusiness; http://usps.com/vulnerability-disclosure-policy; http://usps.com/taxes/welcome.htm; http://usps.com/holiday/holiday-shipping-dates.htm
https://www.usps.com/global-elements/images/stamps.svg,Stamps Icon,Stamps Icon [87] | Stamp Icon Link for Buy Stamps [1],GOOD,,,(missing) [88],,(missing) [88],,(missing) [88],,,true,150,150,88,87,http://usps.com/; http://usps.com/apps/informed-delivery.htm; http://usps.com/apps/rapid-drop.htm; http://usps.com/business; http://usps.com/business/advertise-with-mail.htm; http://usps.com/business/api-access.htm; http://usps.com/business/connect; http://usps.com/business/connect/ecommerce.htm; http://usps.com/business/connect/ecommerce-merchants.htm; http://usps.com/business/connect/local.htm; http://usps.com/business/customized-direct-mail.htm; http://usps.com/business/every-door-direct-mail.htm; http://usps.com/business/ground-advantage.htm; http://usps.com/business/informed-delivery.htm; http://usps.com/business/informed-innovations.htm; http://usps.com/business/international-shipping.htm; http://usps.com/business/label-broker.htm; http://usps.com/business/large-business.htm; http://usps.com/business/manage-mail.htm; http://usps.com/business/political-mail.htm; http://usps.com/business/postage-options.htm; http://usps.com/business/postage-options-compare.htm; http://usps.com/business/prices.htm; http://usps.com/business/priority-mail-next-day.htm; http://usps.com/business/promotions-incentives.htm; http://usps.com/business/repositionable-notes-vendors.htm; http://usps.com/business/return-services.htm; http://usps.com/business/vendors.htm; http://usps.com/business/verify-postage.htm; http://usps.com/business/web-tools-apis/documentation-updates.htm; http://usps.com/business/web-tools-apis; http://usps.com/help/claims.htm; http://usps.com/help/contact-us.htm; http://usps.com/help/international-claims.htm; http://usps.com/help/international-refunds.htm; http://usps.com/help/missing-mail.htm; http://usps.com/help/refunds.htm; http://usps.com/international; http://usps.com/international/customs-forms.htm; http://usps.com/international/first-class-mail-international.htm; http://usps.com/international/first-class-package-international-service.htm; http://usps.com/international/insurance-extra-services.htm; http://usps.com/international/international-how-to.htm; http://usps.com/international/letters.htm; http://usps.com/international/mail-shipping-services.htm; http://usps.com/international/money-transfers.htm; http://usps.com/international/new-eu-customs-rules.htm; http://usps.com/international/passports.htm; http://usps.com/international/prepaid-import-duties.htm; http://usps.com/international/preparing-international-shipments.htm; http://usps.com/international/priority-mail-express-international.htm; http://usps.com/international/priority-mail-international.htm; http://usps.com/international/shipping-restrictions.htm; http://usps.com/manage; http://usps.com/manage/forward.htm; http://usps.com/manage/forward-premium.htm; http://usps.com/manage/hold-mail.htm; http://usps.com/manage/informed-delivery.htm; http://usps.com/manage/mailboxes.htm; http://usps.com/manage/mail-for-deceased.htm; http://usps.com/manage/move-campaign.htm; http://usps.com/manage/package-intercept.htm; http://usps.com/manage/po-boxes.htm; http://usps.com/packagemailbox; http://usps.com/perfectlyorchestrated; http://usps.com/priority-mail/map; http://usps.com/service-standards; http://usps.com/ship; http://usps.com/ship/apo-fpo-dpo.htm; http://usps.com/ship/custom-mail.htm; http://usps.com/ship/first-class-mail.htm; http://usps.com/ship/ground-advantage.htm; http://usps.com/ship/insurance-extra-services.htm; http://usps.com/ship/label-broker.htm; http://usps.com/ship/letters.htm; http://usps.com/ship/mail-shipping-services.htm; http://usps.com/ship/online-shipping.htm; http://usps.com/ship/packages.htm; http://usps.com/ship/priority-mail.htm; http://usps.com/ship/priority-mail-express.htm; http://usps.com/ship/shipping-restrictions.htm; http://usps.com/shop/money-orders.htm; http://usps.com/shop/returns-exchanges.htm; http://usps.com/smallbusiness; http://usps.com/vulnerability-disclosure-policy; http://usps.com/taxes/welcome.htm; http://usps.com/holiday/holiday-shipping-dates.htm
https://www.usps.com/global-elements/images/free_boxes.svg,Shipping Supplies Icon,Shipping Supplies Icon [87],GOOD,,,(missing) [87],,(missing) [87],,(missing) [87],,,true,150,150,87,87,http://usps.com/; http://usps.com/apps/informed-delivery.htm; http://usps.com/apps/rapid-drop.htm; http://usps.com/business; http://usps.com/business/advertise-with-mail.htm; http://usps.com/business/api-access.htm; http://usps.com/business/connect; http://usps.com/business/connect/ecommerce.htm; http://usps.com/business/connect/ecommerce-merchants.htm; http://usps.com/business/connect/local.htm; http://usps.com/business/customized-direct-mail.htm; http://usps.com/business/every-door-direct-mail.htm; http://usps.com/business/ground-advantage.htm; http://usps.com/business/informed-delivery.htm; http://usps.com/business/informed-innovations.htm; http://usps.com/business/international-shipping.htm; http://usps.com/business/label-broker.htm; http://usps.com/business/large-business.htm; http://usps.com/business/manage-mail.htm; http://usps.com/business/political-mail.htm; http://usps.com/business/postage-options.htm; http://usps.com/business/postage-options-compare.htm; http://usps.com/business/prices.htm; http://usps.com/business/priority-mail-next-day.htm; http://usps.com/business/promotions-incentives.htm; http://usps.com/business/repositionable-notes-vendors.htm; http://usps.com/business/return-services.htm; http://usps.com/business/vendors.htm; http://usps.com/business/verify-postage.htm; http://usps.com/business/web-tools-apis/documentation-updates.htm; http://usps.com/business/web-tools-apis; http://usps.com/help/claims.htm; http://usps.com/help/contact-us.htm; http://usps.com/help/international-claims.htm; http://usps.com/help/international-refunds.htm; http://usps.com/help/missing-mail.htm; http://usps.com/help/refunds.htm; http://usps.com/international; http://usps.com/international/customs-forms.htm; http://usps.com/international/first-class-mail-international.htm; http://usps.com/international/first-class-package-international-service.htm; http://usps.com/international/insurance-extra-services.htm; http://usps.com/international/international-how-to.htm; http://usps.com/international/letters.htm; http://usps.com/international/mail-shipping-services.htm; http://usps.com/international/money-transfers.htm; http://usps.com/international/new-eu-customs-rules.htm; http://usps.com/international/passports.htm; http://usps.com/international/prepaid-import-duties.htm; http://usps.com/international/preparing-international-shipments.htm; http://usps.com/international/priority-mail-express-international.htm; http://usps.com/international/priority-mail-international.htm; http://usps.com/international/shipping-restrictions.htm; http://usps.com/manage; http://usps.com/manage/forward.htm; http://usps.com/manage/forward-premium.htm; http://usps.com/manage/hold-mail.htm; http://usps.com/manage/informed-delivery.htm; http://usps.com/manage/mailboxes.htm; http://usps.com/manage/mail-for-deceased.htm; http://usps.com/manage/move-campaign.htm; http://usps.com/manage/package-intercept.htm; http://usps.com/manage/po-boxes.htm; http://usps.com/packagemailbox; http://usps.com/perfectlyorchestrated; http://usps.com/priority-mail/map; http://usps.com/service-standards; http://usps.com/ship; http://usps.com/ship/apo-fpo-dpo.htm; http://usps.com/ship/custom-mail.htm; http://usps.com/ship/first-class-mail.htm; http://usps.com/ship/ground-advantage.htm; http://usps.com/ship/insurance-extra-services.htm; http://usps.com/ship/label-broker.htm; http://usps.com/ship/letters.htm; http://usps.com/ship/mail-shipping-services.htm; http://usps.com/ship/online-shipping.htm; http://usps.com/ship/packages.htm; http://usps.com/ship/priority-mail.htm; http://usps.com/ship/priority-mail-express.htm; http://usps.com/ship/shipping-restrictions.htm; http://usps.com/shop/money-orders.htm; http://usps.com/shop/returns-exchanges.htm; http://usps.com/smallbusiness; http://usps.com/vulnerability-disclosure-policy; http://usps.com/taxes/welcome.htm; http://usps.com/holiday/holiday-shipping-dates.htm
https://www.usps.com/global-elements/images/hamburger.svg,hamburger menu Icon,hamburger menu Icon [87],GOOD,,,(missing) [87],,(missing) [87],,(missing) [87],,,true,67,50,87,87,http://usps.com/; http://usps.com/apps/informed-delivery.htm; http://usps.com/apps/rapid-drop.htm; http://usps.com/business; http://usps.com/business/advertise-with-mail.htm; http://usps.com/business/api-access.htm; http://usps.com/business/connect; http://usps.com/business/connect/ecommerce.htm; http://usps.com/business/connect/ecommerce-merchants.htm; http://usps.com/business/connect/local.htm; http://usps.com/business/customized-direct-mail.htm; http://usps.com/business/every-door-direct-mail.htm; http://usps.com/business/ground-advantage.htm; http://usps.com/business/informed-delivery.htm; http://usps.com/business/informed-innovations.htm; http://usps.com/business/international-shipping.htm; http://usps.com/business/label-broker.htm; http://usps.com/business/large-business.htm; http://usps.com/business/manage-mail.htm; http://usps.com/business/political-mail.htm; http://usps.com/business/postage-options.htm; http://usps.com/business/postage-options-compare.htm; http://usps.com/business/prices.htm; http://usps.com/business/priority-mail-next-day.htm; http://usps.com/business/promotions-incentives.htm; http://usps.com/business/repositionable-notes-vendors.htm; http://usps.com/business/return-services.htm; http://usps.com/business/vendors.htm; http://usps.com/business/verify-postage.htm; http://usps.com/business/web-tools-apis/documentation-updates.htm; http://usps.com/business/web-tools-apis; http://usps.com/help/claims.htm; http://usps.com/help/contact-us.htm; http://usps.com/help/international-claims.htm; http://usps.com/help/international-refunds.htm; http://usps.com/help/missing-mail.htm; http://usps.com/help/refunds.htm; http://usps.com/international; http://usps.com/international/customs-forms.htm; http://usps.com/international/first-class-mail-international.htm; http://usps.com/international/first-class-package-international-service.htm; http://usps.com/international/insurance-extra-services.htm; http://usps.com/international/international-how-to.htm; http://usps.com/international/letters.htm; http://usps.com/international/mail-shipping-services.htm; http://usps.com/international/money-transfers.htm; http://usps.com/international/new-eu-customs-rules.htm; http://usps.com/international/passports.htm; http://usps.com/international/prepaid-import-duties.htm; http://usps.com/international/preparing-international-shipments.htm; http://usps.com/international/priority-mail-express-international.htm; http://usps.com/international/priority-mail-international.htm; http://usps.com/international/shipping-restrictions.htm; http://usps.com/manage; http://usps.com/manage/forward.htm; http://usps.com/manage/forward-premium.htm; http://usps.com/manage/hold-mail.htm; http://usps.com/manage/informed-delivery.htm; http://usps.com/manage/mailboxes.htm; http://usps.com/manage/mail-for-deceased.htm; http://usps.com/manage/move-campaign.htm; http://usps.com/manage/package-intercept.htm; http://usps.com/manage/po-boxes.htm; http://usps.com/packagemailbox; http://usps.com/perfectlyorchestrated; http://usps.com/priority-mail/map; http://usps.com/service-standards; http://usps.com/ship; http://usps.com/ship/apo-fpo-dpo.htm; http://usps.com/ship/custom-mail.htm; http://usps.com/ship/first-class-mail.htm; http://usps.com/ship/ground-advantage.htm; http://usps.com/ship/insurance-extra-services.htm; http://usps.com/ship/label-broker.htm; http://usps.com/ship/letters.htm; http://usps.com/ship/mail-shipping-services.htm; http://usps.com/ship/online-shipping.htm; http://usps.com/ship/packages.htm; http://usps.com/ship/priority-mail.htm; http://usps.com/ship/priority-mail-express.htm; http://usps.com/ship/shipping-restrictions.htm; http://usps.com/shop/money-orders.htm; http://usps.com/shop/returns-exchanges.htm; http://usps.com/smallbusiness; http://usps.com/vulnerability-disclosure-policy; http://usps.com/taxes/welcome.htm; http://usps.com/holiday/holiday-shipping-dates.htm
https://www.usps.com/global-elements/images/location.svg,Post Office Locator Icon,Post Office Locator Icon [87],GOOD,,,(missing) [87],,(missing) [87],,(missing) [87],,,true,150,150,87,87,http://usps.com/; http://usps.com/apps/informed-delivery.htm; http://usps.com/apps/rapid-drop.htm; http://usps.com/business; http://usps.com/business/advertise-with-mail.htm; http://usps.com/business/api-access.htm; http://usps.com/business/connect; http://usps.com/business/connect/ecommerce.htm; http://usps.com/business/connect/ecommerce-merchants.htm; http://usps.com/business/connect/local.htm; http://usps.com/business/customized-direct-mail.htm; http://usps.com/business/every-door-direct-mail.htm; http://usps.com/business/ground-advantage.htm; http://usps.com/business/informed-delivery.htm; http://usps.com/business/informed-innovations.htm; http://usps.com/business/international-shipping.htm; http://usps.com/business/label-broker.htm; http://usps.com/business/large-business.htm; http://usps.com/business/manage-mail.htm; http://usps.com/business/political-mail.htm; http://usps.com/business/postage-options.htm; http://usps.com/business/postage-options-compare.htm; http://usps.com/business/prices.htm; http://usps.com/business/priority-mail-next-day.htm; http://usps.com/business/promotions-incentives.htm; http://usps.com/business/repositionable-notes-vendors.htm; http://usps.com/business/return-services.htm; http://usps.com/business/vendors.htm; http://usps.com/business/verify-postage.htm; http://usps.com/business/web-tools-apis/documentation-updates.htm; http://usps.com/business/web-tools-apis; http://usps.com/help/claims.htm; http://usps.com/help/contact-us.htm; http://usps.com/help/international-claims.htm; http://usps.com/help/international-refunds.htm; http://usps.com/help/missing-mail.htm; http://usps.com/help/refunds.htm; http://usps.com/international; http://usps.com/international/customs-forms.htm; http://usps.com/international/first-class-mail-international.htm; http://usps.com/international/first-class-package-international-service.htm; http://usps.com/international/insurance-extra-services.htm; http://usps.com/international/international-how-to.htm; http://usps.com/international/letters.htm; http://usps.com/international/mail-shipping-services.htm; http://usps.com/international/money-transfers.htm; http://usps.com/international/new-eu-customs-rules.htm; http://usps.com/international/passports.htm; http://usps.com/international/prepaid-import-duties.htm; http://usps.com/international/preparing-international-shipments.htm; http://usps.com/international/priority-mail-express-international.htm; http://usps.com/international/priority-mail-international.htm; http://usps.com/international/shipping-restrictions.htm; http://usps.com/manage; http://usps.com/manage/forward.htm; http://usps.com/manage/forward-premium.htm; http://usps.com/manage/hold-mail.htm; http://usps.com/manage/informed-delivery.htm; http://usps.com/manage/mailboxes.htm; http://usps.com/manage/mail-for-deceased.htm; http://usps.com/manage/move-campaign.htm; http://usps.com/manage/package-intercept.htm; http://usps.com/manage/po-boxes.htm; http://usps.com/packagemailbox; http://usps.com/perfectlyorchestrated; http://usps.com/priority-mail/map; http://usps.com/service-standards; http://usps.com/ship; http://usps.com/ship/apo-fpo-dpo.htm; http://usps.com/ship/custom-mail.htm; http://usps.com/ship/first-class-mail.htm; http://usps.com/ship/ground-advantage.htm; http://usps.com/ship/insurance-extra-services.htm; http://usps.com/ship/label-broker.htm; http://usps.com/ship/letters.htm; http://usps.com/ship/mail-shipping-services.htm; http://usps.com/ship/online-shipping.htm; http://usps.com/ship/packages.htm; http://usps.com/ship/priority-mail.htm; http://usps.com/ship/priority-mail-express.htm; http://usps.com/ship/shipping-restrictions.htm; http://usps.com/shop/money-orders.htm; http://usps.com/shop/returns-exchanges.htm; http://usps.com/smallbusiness; http://usps.com/vulnerability-disclosure-policy; http://usps.com/taxes/welcome.htm; http://usps.com/holiday/holiday-shipping-dates.htm
https://www.usps.com/global-elements/images/logo_mobile.svg,USPS mobile logo,USPS mobile logo [87],GOOD,,,(missing) [87],,(missing) [87],,(missing) [87],,,true,285,150,87,87,http://usps.com/; http://usps.com/apps/informed-delivery.htm; http://usps.com/apps/rapid-drop.htm; http://usps.com/business; http://usps.com/business/advertise-with-mail.htm; http://usps.com/business/api-access.htm; http://usps.com/business/connect; http://usps.com/business/connect/ecommerce.htm; http://usps.com/business/connect/ecommerce-merchants.htm; http://usps.com/business/connect/local.htm; http://usps.com/business/customized-direct-mail.htm; http://usps.com/business/every-door-direct-mail.htm; http://usps.com/business/ground-advantage.htm; http://usps.com/business/informed-delivery.htm; http://usps.com/business/informed-innovations.htm; http://usps.com/business/international-shipping.htm; http://usps.com/business/label-broker.htm; http://usps.com/business/large-business.htm; http://usps.com/business/manage-mail.htm; http://usps.com/business/political-mail.htm; http://usps.com/business/postage-options.htm; http://usps.com/business/postage-options-compare.htm; http://usps.com/business/prices.htm; http://usps.com/business/priority-mail-next-day.htm; http://usps.com/business/promotions-incentives.htm; http://usps.com/business/repositionable-notes-vendors.htm; http://usps.com/business/return-services.htm; http://usps.com/business/vendors.htm; http://usps.com/business/verify-postage.htm; http://usps.com/business/web-tools-apis/documentation-updates.htm; http://usps.com/business/web-tools-apis; http://usps.com/help/claims.htm; http://usps.com/help/contact-us.htm; http://usps.com/help/international-claims.htm; http://usps.com/help/international-refunds.htm; http://usps.com/help/missing-mail.htm; http://usps.com/help/refunds.htm; http://usps.com/international; http://usps.com/international/customs-forms.htm; http://usps.com/international/first-class-mail-international.htm; http://usps.com/international/first-class-package-international-service.htm; http://usps.com/international/insurance-extra-services.htm; http://usps.com/international/international-how-to.htm; http://usps.com/international/letters.htm; http://usps.com/international/mail-shipping-services.htm; http://usps.com/international/money-transfers.htm; http://usps.com/international/new-eu-customs-rules.htm; http://usps.com/international/passports.htm; http://usps.com/international/prepaid-import-duties.htm; http://usps.com/international/preparing-international-shipments.htm; http://usps.com/international/priority-mail-express-international.htm; http://usps.com/international/priority-mail-international.htm; http://usps.com/international/shipping-restrictions.htm; http://usps.com/manage; http://usps.com/manage/forward.htm; http://usps.com/manage/forward-premium.htm; http://usps.com/manage/hold-mail.htm; http://usps.com/manage/informed-delivery.htm; http://usps.com/manage/mailboxes.htm; http://usps.com/manage/mail-for-deceased.htm; http://usps.com/manage/move-campaign.htm; http://usps.com/manage/package-intercept.htm; http://usps.com/manage/po-boxes.htm; http://usps.com/packagemailbox; http://usps.com/perfectlyorchestrated; http://usps.com/priority-mail/map; http://usps.com/service-standards; http://usps.com/ship; http://usps.com/ship/apo-fpo-dpo.htm; http://usps.com/ship/custom-mail.htm; http://usps.com/ship/first-class-mail.htm; http://usps.com/ship/ground-advantage.htm; http://usps.com/ship/insurance-extra-services.htm; http://usps.com/ship/label-broker.htm; http://usps.com/ship/letters.htm; http://usps.com/ship/mail-shipping-services.htm; http://usps.com/ship/online-shipping.htm; http://usps.com/ship/packages.htm; http://usps.com/ship/priority-mail.htm; http://usps.com/ship/priority-mail-express.htm; http://usps.com/ship/shipping-restrictions.htm; http://usps.com/shop/money-orders.htm; http://usps.com/shop/returns-exchanges.htm; http://usps.com/smallbusiness; http://usps.com/vulnerability-disclosure-policy; http://usps.com/taxes/welcome.htm; http://usps.com/holiday/holiday-shipping-dates.htm
https://www.usps.com/global-elements/images/search.svg,Search Icon,Search Icon [87],GOOD,,,(missing) [87],,(missing) [87],,(missing) [87],,,true,156,150,87,87,http://usps.com/; http://usps.com/apps/informed-delivery.htm; http://usps.com/apps/rapid-drop.htm; http://usps.com/business; http://usps.com/business/advertise-with-mail.htm; http://usps.com/business/api-access.htm; http://usps.com/business/connect; http://usps.com/business/connect/ecommerce.htm; http://usps.com/business/connect/ecommerce-merchants.htm; http://usps.com/business/connect/local.htm; http://usps.com/business/customized-direct-mail.htm; http://usps.com/business/every-door-direct-mail.htm; http://usps.com/business/ground-advantage.htm; http://usps.com/business/informed-delivery.htm; http://usps.com/business/informed-innovations.htm; http://usps.com/business/international-shipping.htm; http://usps.com/business/label-broker.htm; http://usps.com/business/large-business.htm; http://usps.com/business/manage-mail.htm; http://usps.com/business/political-mail.htm; http://usps.com/business/postage-options.htm; http://usps.com/business/postage-options-compare.htm; http://usps.com/business/prices.htm; http://usps.com/business/priority-mail-next-day.htm; http://usps.com/business/promotions-incentives.htm; http://usps.com/business/repositionable-notes-vendors.htm; http://usps.com/business/return-services.htm; http://usps.com/business/vendors.htm; http://usps.com/business/verify-postage.htm; http://usps.com/business/web-tools-apis/documentation-updates.htm; http://usps.com/business/web-tools-apis; http://usps.com/help/claims.htm; http://usps.com/help/contact-us.htm; http://usps.com/help/international-claims.htm; http://usps.com/help/international-refunds.htm; http://usps.com/help/missing-mail.htm; http://usps.com/help/refunds.htm; http://usps.com/international; http://usps.com/international/customs-forms.htm; http://usps.com/international/first-class-mail-international.htm; http://usps.com/international/first-class-package-international-service.htm; http://usps.com/international/insurance-extra-services.htm; http://usps.com/international/international-how-to.htm; http://usps.com/international/letters.htm; http://usps.com/international/mail-shipping-services.htm; http://usps.com/international/money-transfers.htm; http://usps.com/international/new-eu-customs-rules.htm; http://usps.com/international/passports.htm; http://usps.com/international/prepaid-import-duties.htm; http://usps.com/international/preparing-international-shipments.htm; http://usps.com/international/priority-mail-express-international.htm; http://usps.com/international/priority-mail-international.htm; http://usps.com/international/shipping-restrictions.htm; http://usps.com/manage; http://usps.com/manage/forward.htm; http://usps.com/manage/forward-premium.htm; http://usps.com/manage/hold-mail.htm; http://usps.com/manage/informed-delivery.htm; http://usps.com/manage/mailboxes.htm; http://usps.com/manage/mail-for-deceased.htm; http://usps.com/manage/move-campaign.htm; http://usps.com/manage/package-intercept.htm; http://usps.com/manage/po-boxes.htm; http://usps.com/packagemailbox; http://usps.com/perfectlyorchestrated; http://usps.com/priority-mail/map; http://usps.com/service-standards; http://usps.com/ship; http://usps.com/ship/apo-fpo-dpo.htm; http://usps.com/ship/custom-mail.htm; http://usps.com/ship/first-class-mail.htm; http://usps.com/ship/ground-advantage.htm; http://usps.com/ship/insurance-extra-services.htm; http://usps.com/ship/label-broker.htm; http://usps.com/ship/letters.htm; http://usps.com/ship/mail-shipping-services.htm; http://usps.com/ship/online-shipping.htm; http://usps.com/ship/packages.htm; http://usps.com/ship/priority-mail.htm; http://usps.com/ship/priority-mail-express.htm; http://usps.com/ship/shipping-restrictions.htm; http://usps.com/shop/money-orders.htm; http://usps.com/shop/returns-exchanges.htm; http://usps.com/smallbusiness; http://usps.com/vulnerability-disclosure-policy; http://usps.com/taxes/welcome.htm; http://usps.com/holiday/holiday-shipping-dates.htm
https://www.usps.com/global-elements/images/tracking.svg,Tracking Icon,Tracking Icon [87],GOOD,,,(missing) [87],,(missing) [87],,(missing) [87],,,true,171,150,87,87,http://usps.com/; http://usps.com/apps/informed-delivery.htm; http://usps.com/apps/rapid-drop.htm; http://usps.com/business; http://usps.com/business/advertise-with-mail.htm; http://usps.com/business/api-access.htm; http://usps.com/business/connect; http://usps.com/business/connect/ecommerce.htm; http://usps.com/business/connect/ecommerce-merchants.htm; http://usps.com/business/connect/local.htm; http://usps.com/business/customized-direct-mail.htm; http://usps.com/business/every-door-direct-mail.htm; http://usps.com/business/ground-advantage.htm; http://usps.com/business/informed-delivery.htm; http://usps.com/business/informed-innovations.htm; http://usps.com/business/international-shipping.htm; http://usps.com/business/label-broker.htm; http://usps.com/business/large-business.htm; http://usps.com/business/manage-mail.htm; http://usps.com/business/political-mail.htm; http://usps.com/business/postage-options.htm; http://usps.com/business/postage-options-compare.htm; http://usps.com/business/prices.htm; http://usps.com/business/priority-mail-next-day.htm; http://usps.com/business/promotions-incentives.htm; http://usps.com/business/repositionable-notes-vendors.htm; http://usps.com/business/return-services.htm; http://usps.com/business/vendors.htm; http://usps.com/business/verify-postage.htm; http://usps.com/business/web-tools-apis/documentation-updates.htm; http://usps.com/business/web-tools-apis; http://usps.com/help/claims.htm; http://usps.com/help/contact-us.htm; http://usps.com/help/international-claims.htm; http://usps.com/help/international-refunds.htm; http://usps.com/help/missing-mail.htm; http://usps.com/help/refunds.htm; http://usps.com/international; http://usps.com/international/customs-forms.htm; http://usps.com/international/first-class-mail-international.htm; http://usps.com/international/first-class-package-international-service.htm; http://usps.com/international/insurance-extra-services.htm; http://usps.com/international/international-how-to.htm; http://usps.com/international/letters.htm; http://usps.com/international/mail-shipping-services.htm; http://usps.com/international/money-transfers.htm; http://usps.com/international/new-eu-customs-rules.htm; http://usps.com/international/passports.htm; http://usps.com/international/prepaid-import-duties.htm; http://usps.com/international/preparing-international-shipments.htm; http://usps.com/international/priority-mail-express-international.htm; http://usps.com/international/priority-mail-international.htm; http://usps.com/international/shipping-restrictions.htm; http://usps.com/manage; http://usps.com/manage/forward.htm; http://usps.com/manage/forward-premium.htm; http://usps.com/manage/hold-mail.htm; http://usps.com/manage/informed-delivery.htm; http://usps.com/manage/mailboxes.htm; http://usps.com/manage/mail-for-deceased.htm; http://usps.com/manage/move-campaign.htm; http://usps.com/manage/package-intercept.htm; http://usps.com/manage/po-boxes.htm; http://usps.com/packagemailbox; http://usps.com/perfectlyorchestrated; http://usps.com/priority-mail/map; http://usps.com/service-standards; http://usps.com/ship; http://usps.com/ship/apo-fpo-dpo.htm; http://usps.com/ship/custom-mail.htm; http://usps.com/ship/first-class-mail.htm; http://usps.com/ship/ground-advantage.htm; http://usps.com/ship/insurance-extra-services.htm; http://usps.com/ship/label-broker.htm; http://usps.com/ship/letters.htm; http://usps.com/ship/mail-shipping-services.htm; http://usps.com/ship/online-shipping.htm; http://usps.com/ship/packages.htm; http://usps.com/ship/priority-mail.htm; http://usps.com/ship/priority-mail-express.htm; http://usps.com/ship/shipping-restrictions.htm; http://usps.com/shop/money-orders.htm; http://usps.com/shop/returns-exchanges.htm; http://usps.com/smallbusiness; http://usps.com/vulnerability-disclosure-policy; http://usps.com/taxes/welcome.htm; http://usps.com/holiday/holiday-shipping-dates.htm
https://www.usps.com/email/footer/badge-appleappstore.png,App Store Icon,App Store Icon [7],GOOD,,,(missing) [7],,(missing) [7],,(missing) [7],,,true,282,84,7,5,http://usps.com/apps/informed-delivery.htm; http://usps.com/apps/rapid-drop.htm; http://usps.com/business/manage-mail.htm; http://usps.com/manage; http://usps.com/manage/informed-delivery.htm
https://www.usps.com/email/footer/badge-googleplay.png,Google Play Icon,Google Play Icon [7],GOOD,,,(missing) [7],,(missing) [7],,(missing) [7],,,true,282,84,7,5,http://usps.com/apps/informed-delivery.htm; http://usps.com/apps/rapid-drop.htm; http://usps.com/business/manage-mail.htm; http://usps.com/manage; http://usps.com/manage/informed-delivery.htm
https://www.usps.com/assets/images/campaigns/postmark/postmark.png,"A postmark stamp that shows a cancellation date of January 13, 2025, in New York, NY.","A postmark stamp that shows a cancellation date of January 13, 2025, in New York, NY. [3]",GOOD,,,(missing) [3],,(missing) [3],,(missing) [3],,,true,113,113,3,3,http://usps.com/ship/first-class-mail.htm; http://usps.com/ship/letters.htm; http://usps.com/taxes/welcome.htm
https://www.usps.com/priority-mail/map/origination-icon.svg,origination icon,origination icon [3],GOOD,,,(missing) [3],,(missing) [3],,(missing) [3],,,true,42,65,3,3,http://usps.com/business/large-business.htm; http://usps.com/business/priority-mail-next-day.htm; http://usps.com/service-standards
https://www.usps.com/assets/images/international/coworkers-shipping-shipping.jpg,Two online sellers preparing to ship USPS packages.,Two online sellers preparing to ship USPS packages. [4],GOOD,,,(missing) [4],,(missing) [4],,(missing) [4],,,true,550,300,4,2,http://usps.com/international; http://usps.com/international/international-how-to.htm
https://www.usps.com/assets/images/international/guidance-acceptance-desc.jpg,Graphic demonstrating acceptable and unacceptable descriptions,Graphic demonstrating acceptable and unacceptable descriptions [4],GOOD,,,(missing) [4],,(missing) [4],,(missing) [4],,,true,718,402,4,2,http://usps.com/international/customs-forms.htm; http://usps.com/international/new-eu-customs-rules.htm
https://www.usps.com/assets/images/business/advertise-with-mail/logos/growmail_logo-2.png,Growmail Logo.,Growmail Logo. [3],GOOD,,,(missing) [3],,(missing) [3],,(missing) [3],,,true,380,155,3,2,http://usps.com/business/vendors.htm; http://usps.com/manage/move-campaign.htm
https://www.usps.com/assets/images/business/connect/solutions/phone-ecommerce.jpg,Person using a smartphone to shop on an ecommerce platform or marketplace.,Person using a smartphone to shop on an ecommerce platform or marketplace. [3],GOOD,,,(missing) [3],,(missing) [3],,(missing) [3],,,true,485,250,3,2,http://usps.com/business/connect; http://usps.com/smallbusiness
https://www.usps.com/assets/images/business/advertise-with-mail/logos/amazingmail_logo.png,Amazing Mail Logo,Amazing Mail Logo [2],GOOD,,,(missing) [2],,(missing) [2],,(missing) [2],,,true,380,155,2,2,http://usps.com/business/vendors.htm; http://usps.com/manage/move-campaign.htm
https://www.usps.com/assets/images/business/advertise-with-mail/logos/click2mail_logo.png,Click2Mail Logo,Click2Mail Logo [2],GOOD,,,(missing) [2],,(missing) [2],,(missing) [2],,,true,380,155,2,2,http://usps.com/business/vendors.htm; http://usps.com/manage/move-campaign.htm
https://www.usps.com/assets/images/business/dfa-business-cf-m.jpg,"A required customs form, printed from a computer, for a package being sent out of the U.S.","A required customs form, printed from a computer, for a package being sent out of the U.S. [2]",GOOD,,,(missing) [2],,(missing) [2],,(missing) [2],,,true,990,225,2,2,http://usps.com/international/customs-forms.htm; http://usps.com/international/new-eu-customs-rules.htm
https://www.usps.com/assets/images/business/dfa-business-cf.jpg,"A required customs form, printed from a computer, for a package being sent out of the U.S.","A required customs form, printed from a computer, for a package being sent out of the U.S. [2]",GOOD,,,(missing) [2],,(missing) [2],,(missing) [2],,,true,887,444,2,2,http://usps.com/international/customs-forms.htm; http://usps.com/international/new-eu-customs-rules.htm
https://www.usps.com/assets/images/campaigns/postmark/postmark-logo-send.jpg,"An envelope showing a U.S. Flag Forever stamp that has been cancelled with a postmark for January 13, 2026, in New York, NY.","An envelope showing a U.S. Flag Forever stamp that has been cancelled with a postmark for January 13, 2026, in New York, NY. [2]",GOOD,,,(missing) [2],,(missing) [2],,(missing) [2],,,true,351,159,2,2,http://usps.com/ship; http://usps.com/holiday/holiday-shipping-dates.htm
https://www.usps.com/assets/images/mailship/hero_mail-and-ship.jpg,Woman sitting with coffee cup behind a Priority Mail box.,Woman sitting with coffee cup behind a Priority Mail box. [2],GOOD,,,(missing) [2],,(missing) [2],,(missing) [2],,,true,953,425,2,2,http://usps.com/ship; http://usps.com/holiday/holiday-shipping-dates.htm
https://www.usps.com/assets/images/mailship/m-hero_mail-and-ship.jpg,Woman sitting with coffee cup behind a Priority Mail box.,Woman sitting with coffee cup behind a Priority Mail box. [2],GOOD,,,(missing) [2],,(missing) [2],,(missing) [2],,,true,990,225,2,2,http://usps.com/ship; http://usps.com/holiday/holiday-shipping-dates.htm
https://www.usps.com/assets/images/mailship/mail-and-ship-insurance.jpg,Customer at a Post Office counter handing the USPS retail associate a package.,Customer at a Post Office counter handing the USPS retail associate a package. [2],GOOD,,,(missing) [2],,(missing) [2],,(missing) [2],,,true,550,250,2,2,http://usps.com/ship; http://usps.com/holiday/holiday-shipping-dates.htm
https://www.usps.com/assets/images/mailship/mail-and-ship-military-mail.jpg,Military service member holding Priority Mail box.,Military service member holding Priority Mail box. [2],GOOD,,,(missing) [2],,(missing) [2],,(missing) [2],,,true,1011,461,2,2,http://usps.com/ship; http://usps.com/holiday/holiday-shipping-dates.htm
https://www.usps.com/assets/images/mailship/mail-and-ship-money-order.jpg,Sample postal money order.,Sample postal money order. [2],GOOD,,,(missing) [2],,(missing) [2],,(missing) [2],,,true,550,250,2,2,http://usps.com/ship; http://usps.com/holiday/holiday-shipping-dates.htm
https://www.usps.com/assets/images/mailship/mail-and-ship-personalize-mail.jpg,Custom Save the Date card with a personalized photo.,Custom Save the Date card with a personalized photo. [2],GOOD,,,(missing) [2],,(missing) [2],,(missing) [2],,,true,550,250,2,2,http://usps.com/ship; http://usps.com/holiday/holiday-shipping-dates.htm
https://www.usps.com/assets/images/mailship/mail-and-ship-prepare-your-mail.jpg,Customer addressing a letter.,Customer addressing a letter. [2],GOOD,,,(missing) [2],,(missing) [2],,(missing) [2],,,true,550,250,2,2,http://usps.com/ship; http://usps.com/holiday/holiday-shipping-dates.htm
https://www.usps.com/assets/images/mailship/mail-and-ship-prepare-your-package.jpg,Customer using packaging tape to close a box.,Customer using packaging tape to close a box. [2],GOOD,,,(missing) [2],,(missing) [2],,(missing) [2],,,true,550,250,2,2,http://usps.com/ship; http://usps.com/holiday/holiday-shipping-dates.htm
https://www.usps.com/assets/images/mailship/mail-and-ship-stamps.jpg,Variety of USPS stamps.,Variety of USPS stamps. [2],GOOD,,,(missing) [2],,(missing) [2],,(missing) [2],,,true,550,250,2,2,http://usps.com/ship; http://usps.com/holiday/holiday-shipping-dates.htm
https://www.usps.com/assets/images/mailship/sm-cns-pm.jpg,Boxes outside a residence for USPS package pickup.,Boxes outside a residence for USPS package pickup. [2],GOOD,,,(missing) [2],,(missing) [2],,(missing) [2],,,true,550,251,2,2,http://usps.com/ship; http://usps.com/holiday/holiday-shipping-dates.htm
https://www.usps.com/assets/images/ship/mail-ship/amazingmail_logo.png,Amazing Mail Logo,Amazing Mail Logo [2],GOOD,,,(missing) [2],,(missing) [2],,(missing) [2],,,true,380,155,2,2,http://usps.com/manage/move-campaign.htm; http://usps.com/ship/custom-mail.htm
https://www.usps.com/assets/images/ship/mail-ship/click2mail_logo.png,Click2Mail Logo,Click2Mail Logo [2],GOOD,,,(missing) [2],,(missing) [2],,(missing) [2],,,true,380,155,2,2,http://usps.com/manage/move-campaign.htm; http://usps.com/ship/custom-mail.htm
https://www.usps.com/assets/images/ship/mail-ship/eddmtaradel.png,EDDM Taradel logo,EDDM Taradel logo [2],GOOD,,,(missing) [2],,(missing) [2],,(missing) [2],,,true,380,155,2,2,http://usps.com/business/vendors.htm; http://usps.com/manage/move-campaign.htm
https://www.usps.com/assets/images/ship/online-shipping/left-arrow.svg,Arrow to move the carousel backward.,Arrow to move the carousel backward. [2],GOOD,,,(missing) [2],,(missing) [2],,(missing) [2],,,true,32,32,2,2,http://usps.com/business/ground-advantage.htm; http://usps.com/ship/online-shipping.htm
https://www.usps.com/assets/images/ship/online-shipping/right-arrow.svg,Arrow to move the carousel forward.,Arrow to move the carousel forward. [2],GOOD,,,(missing) [2],,(missing) [2],,(missing) [2],,,true,32,32,2,2,http://usps.com/business/ground-advantage.htm; http://usps.com/ship/online-shipping.htm
https://www.usps.com/assets/images/ship/step-1-env.jpg,No. 10 envelope compared to the minimum and maximum envelope sizes,No. 10 envelope compared to the minimum and maximum envelope sizes [2],GOOD,,,(missing) [2],,(missing) [2],,(missing) [2],,,true,440,225,2,2,http://usps.com/international/letters.htm; http://usps.com/ship/letters.htm
https://about.usps.com/root/global/images/usps_about_logo_white.png,USPS about logo,USPS about logo [6],GOOD,,,(missing) [6],,(missing) [6],,(missing) [6],,,true,596,115,6,1,http://usps.com/holiday/holiday-schedule.htm
https://www.usps.com/assets/images/components/icons/icon-search-white@2x.png,Magnifying glass indicating the ability to zoom in.,Magnifying glass indicating the ability to zoom in. [4],GOOD,,,(missing) [4],,(missing) [4],,(missing) [4],,,true,42,42,4,1,http://usps.com/shop/money-orders.htm
https://www.usps.com/assets/images/ship/ground-adv/benefits.png,"Savings Potential. No Fuel, Delivery or Residential Surchages. Secure Your Budget. Business Rate Card. Negotiated Service Agreement. Savings Alert.","Savings Potential. No Fuel, Delivery or Residential Surchages. Secure Your Budget. Business Rate Card. Negotiated Service Agreement. Savings Alert. [3]",GOOD,,,(missing) [3],,(missing) [3],,(missing) [3],,,true,1827,71,3,1,http://usps.com/business/ground-advantage.htm
https://www.usps.com/assets/images/business/api-access-resources.jpg,Two people with headsets looking at a computer screen.,Two people with headsets looking at a computer screen. [2],GOOD,,,(missing) [2],,(missing) [2],,(missing) [2],,,true,512,283,2,1,http://usps.com/business/api-access.htm
https://www.usps.com/assets/images/business/bus-id-how-it-works.jpg,An Informed Delivery preview email on a smartphone.,An Informed Delivery preview email on a smartphone. [2],GOOD,,,(missing) [2],,(missing) [2],,(missing) [2],,,true,547,364,2,1,http://usps.com/business/manage-mail.htm
https://www.usps.com/assets/images/business/connect/solutions/connect-local-mail.jpg,USPS Connect Local Mail envelope being pulled out of a cluster unit box.,USPS Connect Local Mail envelope being pulled out of a cluster unit box. [2],GOOD,,,(missing) [2],,(missing) [2],,(missing) [2],,,true,486,250,2,1,http://usps.com/business/connect
https://www.usps.com/assets/images/business/connect/solutions/connect-local.jpg,Person taping a brown box with a USPS Connect Local shipping label on it.,Person taping a brown box with a USPS Connect Local shipping label on it. [2],GOOD,,,(missing) [2],,(missing) [2],,(missing) [2],,,true,486,250,2,1,http://usps.com/business/connect
https://www.usps.com/assets/images/business/connect/solutions/connect-regional.jpg,Regional carrier delivering packages.,Regional carrier delivering packages. [2],GOOD,,,(missing) [2],,(missing) [2],,(missing) [2],,,true,486,250,2,1,http://usps.com/business/connect
https://www.usps.com/assets/images/business/id-for-business-sign-up.jpg,An Informed Delivery preview email on a smartphone.,An Informed Delivery preview email on a smartphone. [2],GOOD,,,(missing) [2],,(missing) [2],,(missing) [2],,,true,547,364,2,1,http://usps.com/business/informed-delivery.htm
https://www.usps.com/assets/images/business/informed-delivery/bus-id-how-it-works.jpg,Man holding a smartphone.,Man holding a smartphone. [2],GOOD,,,(missing) [2],,(missing) [2],,(missing) [2],,,true,550,330,2,1,http://usps.com/business/informed-delivery.htm
https://www.usps.com/assets/images/business/informed-delivery/busy-person-red-shirt.jpg,"Person looking at a phone while holding a baby, with a view of an informed delivery preview on the phone screen.","Person looking at a phone while holding a baby, with a view of an informed delivery preview on the phone screen. [2]",GOOD,,,(missing) [2],,(missing) [2],,(missing) [2],,,true,533,315,2,1,http://usps.com/manage/informed-delivery.htm
https://www.usps.com/assets/images/business/informed-delivery/package-image.jpg,Closeup view of a person's hand over a phone screen showing Informed Delivery with a package status for an incoming package.,Closeup view of a person's hand over a phone screen showing Informed Delivery with a package status for an incoming package. [2],GOOD,,,(missing) [2],,(missing) [2],,(missing) [2],,,true,844,457,2,1,http://usps.com/manage/informed-delivery.htm
https://www.usps.com/assets/images/business/informed-delivery/woman-at-mailbox.jpg,Woman reading letters that she got from her mailbox.,Woman reading letters that she got from her mailbox. [2],GOOD,,,(missing) [2],,(missing) [2],,(missing) [2],,,true,550,330,2,1,http://usps.com/business/informed-delivery.htm
https://www.usps.com/assets/images/business/lady-looking-at-phone-holding-page.jpg,Woman looking at her phone while holding a small package.,Woman looking at her phone while holding a small package. [2],GOOD,,,(missing) [2],,(missing) [2],,(missing) [2],,,true,519,266,2,1,http://usps.com/business/postage-options.htm
https://www.usps.com/assets/images/campaigns/next-generation-mailbox/ngm-ipad-554x442.jpg,test Image,test Image [2],GOOD,,,(missing) [2],,(missing) [2],,(missing) [2],,,true,554,442,2,1,http://usps.com/packagemailbox
https://www.usps.com/assets/images/international/ddp.jpg,Customer taking items out of an open shipping box.,Customer taking items out of an open shipping box. [2],GOOD,,,(missing) [2],,(missing) [2],,(missing) [2],,,true,586,334,2,1,http://usps.com/international/prepaid-import-duties.htm
https://www.usps.com/assets/images/international/international-money-order-fraud.jpg,Fake Money Order Image showing fake described in section How to Spot a Fake Money Order,Fake Money Order Image showing fake described in section How to Spot a Fake Money Order [1] | Image showing fake money order. [1],GOOD,,,(missing) [2],,(missing) [2],,(missing) [2],,,true,573,263,2,1,http://usps.com/international/money-transfers.htm
https://www.usps.com/assets/images/international/ship_customsforms.jpg,Online Click-N-Ship form showing an international address field.,Online Click-N-Ship form showing an international address field. [2],GOOD,,,(missing) [2],,(missing) [2],,(missing) [2],,,true,550,300,2,1,http://usps.com/international/international-how-to.htm
https://www.usps.com/assets/images/international/ship_insurance.jpg,Person drops off Priority Mail package to USPS retail associate at a Post Office counter.,Person drops off Priority Mail package to USPS retail associate at a Post Office counter. [2],GOOD,,,(missing) [2],,(missing) [2],,(missing) [2],,,true,550,300,2,1,http://usps.com/international/international-how-to.htm
https://www.usps.com/assets/images/manage/po-boxes/l_staged_expanded.jpg,"Large PO Box, Size 4, with small and medium-sized packages and other mail.","Large PO Box, Size 4, with small and medium-sized packages and other mail. [2]",GOOD,,,(missing) [2],,(missing) [2],,(missing) [2],,,true,320,220,2,1,http://usps.com/manage/po-boxes.htm
https://www.usps.com/assets/images/manage/po-boxes/m_staged_expanded.jpg,"Medium PO Box, Size 3, with small packages stacked on top of magazines and large envelopes.","Medium PO Box, Size 3, with small packages stacked on top of magazines and large envelopes. [2]",GOOD,,,(missing) [2],,(missing) [2],,(missing) [2],,,true,320,220,2,1,http://usps.com/manage/po-boxes.htm
https://www.usps.com/assets/images/manage/po-boxes/s_staged_expanded.jpg,"Small PO Box, Size 2, with a small package and mail inside.","Small PO Box, Size 2, with a small package and mail inside. [2]",GOOD,,,(missing) [2],,(missing) [2],,(missing) [2],,,true,320,219,2,1,http://usps.com/manage/po-boxes.htm
https://www.usps.com/assets/images/manage/po-boxes/xl_staged_expanded.jpg,"Extra Large PO Box, Size 5, with multiple medium-sized packages.","Extra Large PO Box, Size 5, with multiple medium-sized packages. [2]",GOOD,,,(missing) [2],,(missing) [2],,(missing) [2],,,true,320,220,2,1,http://usps.com/manage/po-boxes.htm
https://www.usps.com/assets/images/manage/po-boxes/xs_staged_expanded.jpg,"Extra Small PO Box, Size 1, with letters and rolled magazines inside.","Extra Small PO Box, Size 1, with letters and rolled magazines inside. [2]",GOOD,,,(missing) [2],,(missing) [2],,(missing) [2],,,true,320,219,2,1,http://usps.com/manage/po-boxes.htm
https://www.usps.com/assets/images/manage/usps_mailbox_requirements_illustration.jpg,Mailbox installation requirements. Place the mailbox 6 to 8 inches in from the curb. Dig the post hole so you can bury the mailbox post with 41 to 45 inches of mailbox post showing above the ground.,Mailbox installation requirements. Place the mailbox 6 to 8 inches in from the curb. Dig the post hole so you can bury the mailbox post with 41 to 45 inches of mailbox post showing above the ground. [1] | Mailbox installation requirements. Place the mailbox 6 to 8 inches in from the curb. Dig the post hole so you can bury the mailbox post with 41 to 45 inches of mailbox post showing above the ground. Touch or click to open modal. [1],GOOD,,,(missing) [2],,(missing) [2],,(missing) [2],,,true,909,502,2,1,http://usps.com/manage/mailboxes.htm
https://www.usps.com/assets/images/ship/label-broker/click-n-ship-label-broker-mobile.jpg,"Person with a sealed package, holding a smartphone showing a Click-N-Ship screen and the option to 'Print later at Post Office.'","Person with a sealed package, holding a smartphone showing a Click-N-Ship screen and the option to 'Print later at Post Office.' [2]",GOOD,,,(missing) [2],,(missing) [2],,(missing) [2],,,true,544,296,2,1,http://usps.com/ship/label-broker.htm
https://www.usps.com/assets/images/ship/label-broker/click-n-ship-mobile-print-later-at-post-office.jpg,Click-N-Ship screen showing the option to 'Print later at Post Office.',Click-N-Ship screen showing the option to 'Print later at Post Office.' [2],GOOD,,,(missing) [2],,(missing) [2],,(missing) [2],,,true,864,484,2,1,http://usps.com/ship/label-broker.htm
https://www.usps.com/assets/images/ship/label-broker/usps-kiosk-label-broker-scan-qr-code-for-label.jpg,Hand pointing to the Label Broker menu option to 'Scan QR Code for Label' on a self-service kiosk.,Hand pointing to the Label Broker menu option to 'Scan QR Code for Label' on a self-service kiosk. [2],GOOD,,,(missing) [2],,(missing) [2],,(missing) [2],,,true,864,484,2,1,http://usps.com/ship/label-broker.htm
https://www.usps.com/assets/images/ship/label-broker/usps-label-delivery-service-phone-laptop.jpg,"Person talking into a phone while using a laptop, with a USPS Priority Mail box in front.","Person talking into a phone while using a laptop, with a USPS Priority Mail box in front. [2]",GOOD,,,(missing) [2],,(missing) [2],,(missing) [2],,,true,544,296,2,1,http://usps.com/ship/label-broker.htm
https://www.usps.com/assets/images/ship/label-broker/usps-label-delivery-service.jpg,Person taking their custom-printed labels out of an envelope marked ‘USPS Label Delivery.',Person taking their custom-printed labels out of an envelope marked ‘USPS Label Delivery.' [2],GOOD,,,(missing) [2],,(missing) [2],,(missing) [2],,,true,864,484,2,1,http://usps.com/ship/label-broker.htm
https://www.usps.com/assets/images/ship/mail-ship/apo-box.png,Large Priority Mail box.,Large Priority Mail box. [2],GOOD,,,(missing) [2],,(missing) [2],,(missing) [2],,,true,550,300,2,1,http://usps.com/ship/apo-fpo-dpo.htm
https://www.usps.com/assets/images/ship/mail-ship/fcpis-first-class-package-international-service.jpg,Packages that can be shipped using First Class Package International service.,Packages that can be shipped using First Class Package International service. [2],GOOD,,,(missing) [2],,(missing) [2],,(missing) [2],,,true,638,426,2,1,http://usps.com/international/mail-shipping-services.htm
https://www.usps.com/assets/images/ship/mail-ship/usps_mili_mail_video_635x358.jpg,"A Priority Mail box surrounded by items that can be shipped inside it including a family photo, a hat designed to look like an american flag, game paddles, birthday cards, trail mix, coffee, and small electronics.","A Priority Mail box surrounded by items that can be shipped inside it including a family photo, a hat designed to look like an american flag, game paddles, birthday cards, trail mix, coffee, and small electronics. [1] | A Priority Mail box surrounded by items that can be shipped inside it including a family photo, a hat designed to look like an American flag, game paddles, birthday cards, trail mix, coffee, and small electronics. [1]",GOOD,,,(missing) [2],,(missing) [2],,(missing) [2],,,true,1270,716,2,1,http://usps.com/ship/apo-fpo-dpo.htm
https://www.usps.com/assets/images/ship/packages/address-a-package.jpg,How to address a package. Package with to and from sections filled out neatly.,How to address a package. Package with to and from sections filled out neatly. [2],GOOD,,,(missing) [2],,(missing) [2],,(missing) [2],,,true,445,251,2,1,http://usps.com/ship/packages.htm
https://www.usps.com/assets/images/ship/packages/pack-a-box.jpg,How to pack a box video image. Include to and from information on a card inside the box.,How to pack a box video image. Include to and from information on a card inside the box. [2],GOOD,,,(missing) [2],,(missing) [2],,(missing) [2],,,true,445,251,2,1,http://usps.com/ship/packages.htm
https://www.usps.com/assets/images/ship/packages/send-package-steps-1-6.gif,"Things you’ll need: Address, supplies, postage.","Things you’ll need: Address, supplies, postage. [2]",GOOD,,,(missing) [2],,(missing) [2],,(missing) [2],,,true,640,360,2,1,http://usps.com/ship/packages.htm
https://www.usps.com/assets/images/ship/packages/send-packages-drawer-graphics_step-0.jpg,"Things you’ll need: Address, supplies, postage.","Things you’ll need: Address, supplies, postage. [2]",GOOD,,,(missing) [2],,(missing) [2],,(missing) [2],,,true,432,243,2,1,http://usps.com/ship/packages.htm
https://www.usps.com/assets/images/ship/packages/send-packages-drawer-graphics_step-1.jpg,"Ask, ‘Can I Send This?’ Prohibited items include ammunition and gasoline. Restricted items include batteries, hand sanitizer, and perfumes.","Ask, ‘Can I Send This?’ Prohibited items include ammunition and gasoline. Restricted items include batteries, hand sanitizer, and perfumes. [2]",GOOD,,,(missing) [2],,(missing) [2],,(missing) [2],,,true,432,243,2,1,http://usps.com/ship/packages.htm
https://www.usps.com/assets/images/ship/packages/send-packages-drawer-graphics_step-2.jpg,"Choose a Shipping Service, including Priority Mail Express and Priority Mail services; USPS Ground Advantage Service; First-Class Mail Service; and Media Mail Service.","Choose a Shipping Service, including Priority Mail Express and Priority Mail services; USPS Ground Advantage Service; First-Class Mail Service; and Media Mail Service. [2]",GOOD,,,(missing) [2],,(missing) [2],,(missing) [2],,,true,432,243,2,1,http://usps.com/ship/packages.htm
https://www.usps.com/assets/images/ship/packages/send-packages-drawer-graphics_step-3.jpg,"Pick and prepare your packaging; options include box, padded envelope, and tube.","Pick and prepare your packaging; options include box, padded envelope, and tube. [2]",GOOD,,,(missing) [2],,(missing) [2],,(missing) [2],,,true,432,243,2,1,http://usps.com/ship/packages.htm
https://www.usps.com/assets/images/ship/packages/send-packages-drawer-graphics_step-4.jpg,Address Your Package: Place your shipping label parallel to the longest side of the package. Place return address in the upper left corner; place delivery address below and to the right of the return address.,Address Your Package: Place your shipping label parallel to the longest side of the package. Place return address in the upper left corner; place delivery address below and to the right of the return address. [2],GOOD,,,(missing) [2],,(missing) [2],,(missing) [2],,,true,432,243,2,1,http://usps.com/ship/packages.htm
https://www.usps.com/assets/images/ship/packages/send-packages-drawer-graphics_step-5.jpg,"Pay for Postage and Add Insurance or Extra Services: Visit a Post Office, Use Stamps, or Print a Label.","Pay for Postage and Add Insurance or Extra Services: Visit a Post Office, Use Stamps, or Print a Label. [2]",GOOD,,,(missing) [2],,(missing) [2],,(missing) [2],,,true,432,243,2,1,http://usps.com/ship/packages.htm
https://www.usps.com/assets/images/ship/packages/send-packages-drawer-graphics_step-6.jpg,"Ship Your Package: Schedule a pickup, use a blue collection box, or visit a Post Office.","Ship Your Package: Schedule a pickup, use a blue collection box, or visit a Post Office. [2]",GOOD,,,(missing) [2],,(missing) [2],,(missing) [2],,,true,432,243,2,1,http://usps.com/ship/packages.htm
https://www.usps.com/business/images/easypost-logo.png,EasyPost logo,EasyPost logo [2],GOOD,,,(missing) [2],,(missing) [2],,(missing) [2],,,true,170,39,2,1,http://usps.com/business/postage-options.htm
https://www.usps.com/business/images/endicia-logo.gif,Endicia logo,Endicia logo [2],GOOD,,,(missing) [2],,(missing) [2],,(missing) [2],,,true,170,50,2,1,http://usps.com/business/postage-options.htm
https://www.usps.com/business/images/pitneybowes-logo.png,PitneyBowes logo,PitneyBowes logo [2],GOOD,,,(missing) [2],,(missing) [2],,(missing) [2],,,true,170,35,2,1,http://usps.com/business/postage-options.htm
https://www.usps.com/business/images/stamps_logo.gif,Stamps.com logo,Stamps.com logo [2],GOOD,,,(missing) [2],,(missing) [2],,(missing) [2],,,true,170,69,2,1,http://usps.com/business/postage-options.htm
https://about.usps.com/root/global/images/linkedin-icon-64.png,LinkedIn logo,LinkedIn logo [1],GOOD,,,(missing) [1],,(missing) [1],,(missing) [1],,,true,64,64,1,1,http://usps.com/holiday/holiday-schedule.htm
https://about.usps.com/root/global/images/social/facebook_logo.png,Facebook logo,Facebook logo [1],GOOD,,,(missing) [1],,(missing) [1],,(missing) [1],,,true,38,38,1,1,http://usps.com/holiday/holiday-schedule.htm
https://about.usps.com/root/global/images/social/instagram_logo.png,Instagram logo,Instagram logo [1],GOOD,,,(missing) [1],,(missing) [1],,(missing) [1],,,true,38,38,1,1,http://usps.com/holiday/holiday-schedule.htm
https://about.usps.com/root/global/images/social/pinterest_logo.png,Pinterest logo,Pinterest logo [1],GOOD,,,(missing) [1],,(missing) [1],,(missing) [1],,,true,38,38,1,1,http://usps.com/holiday/holiday-schedule.htm
https://about.usps.com/root/global/images/social/threads_logo.png,Threads logo,Threads logo [1],GOOD,,,(missing) [1],,(missing) [1],,(missing) [1],,,true,38,44,1,1,http://usps.com/holiday/holiday-schedule.htm
https://about.usps.com/root/global/images/social/x_logo.png,X logo (formally Twitter),X logo (formally Twitter) [1],GOOD,,,(missing) [1],,(missing) [1],,(missing) [1],,,true,38,39,1,1,http://usps.com/holiday/holiday-schedule.htm
https://about.usps.com/root/global/images/social/youtube_logo.png,YouTube logo,YouTube logo [1],GOOD,,,(missing) [1],,(missing) [1],,(missing) [1],,,true,38,27,1,1,http://usps.com/holiday/holiday-schedule.htm
https://about.usps.com/root/global/images/usps_about_logo.png,USPS About website nameplate,USPS About website nameplate [1],GOOD,,,(missing) [1],,(missing) [1],,(missing) [1],,,true,596,115,1,1,http://usps.com/holiday/holiday-schedule.htm
https://about.usps.com/root/global/images/usps_hor-logo-white.png,USPS logo,USPS logo [1],GOOD,,,(missing) [1],,(missing) [1],,(missing) [1],,,true,352,60,1,1,http://usps.com/holiday/holiday-schedule.htm
https://sp.analytics.yahoo.com/sp.pl?a=10000&d=Sun%2C%2017%20May%202026%2021%3A26%3A18%20GMT&n=0&b=Welcome%20%7C%20USPS&.yp=10214073&f=https%3A%2F%2Fwww.usps.com%2F&enc=windows-1252&yv=1.16.6&tagmgr=gtm,dot image pixel,dot image pixel [1],GOOD,,,(missing) [1],,(missing) [1],,(missing) [1],,,false,,,1,1,http://usps.com/
https://sp.analytics.yahoo.com/sp.pl?a=10000&d=Sun%2C%2017%20May%202026%2021%3A26%3A34%20GMT&n=0&b=USPS%20Ground%20Advantage%20for%20Business%20%7C%20USPS&.yp=10214073&f=https%3A%2F%2Fwww.usps.com%2Fbusiness%2Fground-advantage.htm&enc=UTF-8&yv=1.16.6&tagmgr=gtm,dot image pixel,dot image pixel [1],GOOD,,,(missing) [1],,(missing) [1],,(missing) [1],,,false,1,1,1,1,http://usps.com/business/ground-advantage.htm
https://www.usps.com/assets/images/business/advertise-with-mail/advertising-with-mail-alt.jpg,Local small business owner preparing to send mail.,Local small business owner preparing to send mail. [1],GOOD,,,(missing) [1],,(missing) [1],,(missing) [1],,,true,783,350,1,1,http://usps.com/business/advertise-with-mail.htm
https://www.usps.com/assets/images/business/advertise-with-mail/advertising-with-mail-mobile-alt.jpg,Local small business owner preparing to send mail.,Local small business owner preparing to send mail. [1],GOOD,,,(missing) [1],,(missing) [1],,(missing) [1],,,true,991,225,1,1,http://usps.com/business/advertise-with-mail.htm
https://www.usps.com/assets/images/business/advertise-with-mail/advmail-hero-m.jpg,A smartphone being used to take a picure of a mailpiece of a fictional company.,A smartphone being used to take a picure of a mailpiece of a fictional company. [1],GOOD,,,(missing) [1],,(missing) [1],,(missing) [1],,,true,990,225,1,1,http://usps.com/business/promotions-incentives.htm
https://www.usps.com/assets/images/business/advertise-with-mail/advmail-hero.jpg,A smartphone being used to take a picure of a mailpiece of a fictional company.,A smartphone being used to take a picure of a mailpiece of a fictional company. [1],GOOD,,,(missing) [1],,(missing) [1],,(missing) [1],,,true,783,350,1,1,http://usps.com/business/promotions-incentives.htm
https://www.usps.com/assets/images/business/advertise-with-mail/irr-mail-m.jpg,The word 'Irresistible' on a background of the moon and stars.,The word 'Irresistible' on a background of the moon and stars. [1],GOOD,,,(missing) [1],,(missing) [1],,(missing) [1],,,true,990,225,1,1,http://usps.com/business/advertise-with-mail.htm
https://www.usps.com/assets/images/business/advertise-with-mail/irr-mail.jpg,The word 'Irresistible' on a background of the moon and stars.,The word 'Irresistible' on a background of the moon and stars. [1],GOOD,,,(missing) [1],,(missing) [1],,(missing) [1],,,true,585,300,1,1,http://usps.com/business/advertise-with-mail.htm
https://www.usps.com/assets/images/business/advertise-with-mail/logos/amplifiedmail_logo.png,Amplified Mail Logo,Amplified Mail Logo [1],GOOD,,,(missing) [1],,(missing) [1],,(missing) [1],,,true,380,155,1,1,http://usps.com/manage/move-campaign.htm
https://www.usps.com/assets/images/business/advertise-with-mail/logos/pfl_logo.png,PFL Logo,PFL Logo [1],GOOD,,,(missing) [1],,(missing) [1],,(missing) [1],,,true,380,155,1,1,http://usps.com/manage/move-campaign.htm
https://www.usps.com/assets/images/business/advertise-with-mail/m_usps_adv_mail_informeddelivery_585x300.jpg,A phone with an Informed Delivery marketing email open.,A phone with an Informed Delivery marketing email open. [1],GOOD,,,(missing) [1],,(missing) [1],,(missing) [1],,,true,1000,200,1,1,http://usps.com/business/advertise-with-mail.htm
https://www.usps.com/assets/images/business/advertise-with-mail/usps_adv_mail_informeddelivery_585x300.jpg,A phone with an Informed Delivery marketing email open.,A phone with an Informed Delivery marketing email open. [1],GOOD,,,(missing) [1],,(missing) [1],,(missing) [1],,,true,586,300,1,1,http://usps.com/business/advertise-with-mail.htm
https://www.usps.com/assets/images/business/api-access-m.jpg,A person sitting at a desk that holds multiple computer monitors with computer code showing.,A person sitting at a desk that holds multiple computer monitors with computer code showing. [1],GOOD,,,(missing) [1],,(missing) [1],,(missing) [1],,,true,990,225,1,1,http://usps.com/business/api-access.htm
https://www.usps.com/assets/images/business/automated-package-verification-hero-desktop.jpg,Woman checking shipping box weight and postage.,Woman checking shipping box weight and postage. [1],GOOD,,,(missing) [1],,(missing) [1],,(missing) [1],,,true,783,350,1,1,http://usps.com/business/verify-postage.htm
https://www.usps.com/assets/images/business/automated-package-verification-hero-mobile.jpg,Woman checking shipping box weight and postage.,Woman checking shipping box weight and postage. [1],GOOD,,,(missing) [1],,(missing) [1],,(missing) [1],,,true,991,225,1,1,http://usps.com/business/verify-postage.htm
https://www.usps.com/assets/images/business/business-eddm-mobile.jpg,An aerial view highlighting a neighborhood postal route.,An aerial view highlighting a neighborhood postal route. [1],GOOD,,,(missing) [1],,(missing) [1],,(missing) [1],,,true,1000,200,1,1,http://usps.com/business
https://www.usps.com/assets/images/business/business-eddm.jpg,An aerial view highlighting a neighborhood postal route.,An aerial view highlighting a neighborhood postal route. [1],GOOD,,,(missing) [1],,(missing) [1],,(missing) [1],,,true,752,600,1,1,http://usps.com/business
https://www.usps.com/assets/images/business/business-pmnd-m.jpg,USPS mail carrier scanning a Priority Mail box while standing in front of a Next Generation Delivery Vehicle (NGDV).,USPS mail carrier scanning a Priority Mail box while standing in front of a Next Generation Delivery Vehicle (NGDV). [1],GOOD,,,(missing) [1],,(missing) [1],,(missing) [1],,,true,1000,200,1,1,http://usps.com/business
https://www.usps.com/assets/images/business/business-pmnd.jpg,USPS mail carrier scanning a Priority Mail box while standing in front of a Next Generation Delivery Vehicle (NGDV).,USPS mail carrier scanning a Priority Mail box while standing in front of a Next Generation Delivery Vehicle (NGDV). [1],GOOD,,,(missing) [1],,(missing) [1],,(missing) [1],,,true,599,300,1,1,http://usps.com/business
https://www.usps.com/assets/images/business/cdm-hero-mobile.jpg,A customer engaging with customized marketing mail.,A customer engaging with customized marketing mail. [1],GOOD,,,(missing) [1],,(missing) [1],,(missing) [1],,,true,991,225,1,1,http://usps.com/business/customized-direct-mail.htm
https://www.usps.com/assets/images/business/cdm-hero.jpg,A customer engaging with customized marketing mail.,A customer engaging with customized marketing mail. [1],GOOD,,,(missing) [1],,(missing) [1],,(missing) [1],,,true,783,350,1,1,http://usps.com/business/customized-direct-mail.htm
https://www.usps.com/assets/images/business/connect/actionship.jpg,Teapplix Inc. logo,Teapplix Inc. logo [1],GOOD,,,(missing) [1],,(missing) [1],,(missing) [1],,,true,173,87,1,1,http://usps.com/business/connect/ecommerce-merchants.htm
https://www.usps.com/assets/images/business/connect/adulis-logo.jpg,"Adulis, Inc. logo","Adulis, Inc. logo [1]",GOOD,,,(missing) [1],,(missing) [1],,(missing) [1],,,true,173,88,1,1,http://usps.com/business/connect/ecommerce-merchants.htm
https://www.usps.com/assets/images/business/connect/ams-ship-logo.jpg,AMS Ship logo,AMS Ship logo [1],GOOD,,,(missing) [1],,(missing) [1],,(missing) [1],,,true,173,87,1,1,http://usps.com/business/connect/ecommerce-merchants.htm
https://www.usps.com/assets/images/business/connect/ams-webship-logo.jpg,AMS Ship logo,AMS Ship logo [1],GOOD,,,(missing) [1],,(missing) [1],,(missing) [1],,,true,173,87,1,1,http://usps.com/business/connect/ecommerce-merchants.htm
https://www.usps.com/assets/images/business/connect/buku-logo.jpg,Buku Ship logo,Buku Ship logo [1],GOOD,,,(missing) [1],,(missing) [1],,(missing) [1],,,true,173,87,1,1,http://usps.com/business/connect/ecommerce-merchants.htm
https://www.usps.com/assets/images/business/connect/cabrella-logo.jpg,Cabrella logo,Cabrella logo [1],GOOD,,,(missing) [1],,(missing) [1],,(missing) [1],,,true,173,87,1,1,http://usps.com/business/connect/ecommerce-merchants.htm
https://www.usps.com/assets/images/business/connect/cahoot-logo.jpg,Cahoot logo,Cahoot logo [1],GOOD,,,(missing) [1],,(missing) [1],,(missing) [1],,,true,173,87,1,1,http://usps.com/business/connect/ecommerce-merchants.htm
https://www.usps.com/assets/images/business/connect/cloud-9-express-logo.jpg,Cloud9express logo,Cloud9express logo [1],GOOD,,,(missing) [1],,(missing) [1],,(missing) [1],,,true,173,87,1,1,http://usps.com/business/connect/ecommerce-merchants.htm
https://www.usps.com/assets/images/business/connect/collx-logo.png,CollX logo,CollX logo [1],GOOD,,,(missing) [1],,(missing) [1],,(missing) [1],,,true,173,87,1,1,http://usps.com/business/connect/ecommerce-merchants.htm
https://www.usps.com/assets/images/business/connect/commerceship-logo.jpg,CommerceShip logo,CommerceShip logo [1],GOOD,,,(missing) [1],,(missing) [1],,(missing) [1],,,true,404,174,1,1,http://usps.com/business/connect/ecommerce-merchants.htm
https://www.usps.com/assets/images/business/connect/d-shiprush-logo.jpg,Descartes ShipRush  logo,Descartes ShipRush  logo [1],GOOD,,,(missing) [1],,(missing) [1],,(missing) [1],,,true,173,87,1,1,http://usps.com/business/connect/ecommerce-merchants.htm
https://www.usps.com/assets/images/business/connect/deftship-logo.jpg,DeftShip logo,DeftShip logo [1],GOOD,,,(missing) [1],,(missing) [1],,(missing) [1],,,true,173,87,1,1,http://usps.com/business/connect/ecommerce-merchants.htm
https://www.usps.com/assets/images/business/connect/digital_postal_service.jpg,Digital Postal Service logo,Digital Postal Service logo [1],GOOD,,,(missing) [1],,(missing) [1],,(missing) [1],,,true,173,87,1,1,http://usps.com/business/connect/ecommerce-merchants.htm
https://www.usps.com/assets/images/business/connect/easypost-logo.jpg,EasyPost logo,EasyPost logo [1],GOOD,,,(missing) [1],,(missing) [1],,(missing) [1],,,true,173,87,1,1,http://usps.com/business/connect/ecommerce-merchants.htm
https://www.usps.com/assets/images/business/connect/easyship-logo.jpg,EasyShip logo,EasyShip logo [1],GOOD,,,(missing) [1],,(missing) [1],,(missing) [1],,,true,173,87,1,1,http://usps.com/business/connect/ecommerce-merchants.htm
https://www.usps.com/assets/images/business/connect/ebay.jpg,eBay logo,eBay logo [1],GOOD,,,(missing) [1],,(missing) [1],,(missing) [1],,,true,173,87,1,1,http://usps.com/business/connect/ecommerce-merchants.htm
https://www.usps.com/assets/images/business/connect/ecomm_label-box.jpg,Person preparing a shipping label for a Priority Mail box.,Person preparing a shipping label for a Priority Mail box. [1],GOOD,,,(missing) [1],,(missing) [1],,(missing) [1],,,true,683,449,1,1,http://usps.com/business/connect/ecommerce-merchants.htm
https://www.usps.com/assets/images/business/connect/ecomm-phone.jpg,Person using a smartphone to shop on an ecommerce platform or marketplace.,Person using a smartphone to shop on an ecommerce platform or marketplace. [1],GOOD,,,(missing) [1],,(missing) [1],,(missing) [1],,,true,683,449,1,1,http://usps.com/business/connect/ecommerce.htm
https://www.usps.com/assets/images/business/connect/eliteworks-logo.jpg,EliteWorks logo,EliteWorks logo [1],GOOD,,,(missing) [1],,(missing) [1],,(missing) [1],,,true,173,87,1,1,http://usps.com/business/connect/ecommerce-merchants.htm
https://www.usps.com/assets/images/business/connect/endicia-logo.jpg,Endicia  logo,Endicia  logo [1],GOOD,,,(missing) [1],,(missing) [1],,(missing) [1],,,true,173,87,1,1,http://usps.com/business/connect/ecommerce-merchants.htm
https://www.usps.com/assets/images/business/connect/envia_shipping.jpg,Envia Shipping Logo,Envia Shipping Logo [1],GOOD,,,(missing) [1],,(missing) [1],,(missing) [1],,,true,173,87,1,1,http://usps.com/business/connect/ecommerce-merchants.htm
https://www.usps.com/assets/images/business/connect/flatworld-logo.jpg,Flat World Global Solutions logo,Flat World Global Solutions logo [1],GOOD,,,(missing) [1],,(missing) [1],,(missing) [1],,,true,173,87,1,1,http://usps.com/business/connect/ecommerce-merchants.htm
https://www.usps.com/assets/images/business/connect/flowspace-logo.jpg,Flowspace logo,Flowspace logo [1],GOOD,,,(missing) [1],,(missing) [1],,(missing) [1],,,true,173,87,1,1,http://usps.com/business/connect/ecommerce-merchants.htm
https://www.usps.com/assets/images/business/connect/freight-chick.jpg,FreightChick Logo,FreightChick Logo [1],GOOD,,,(missing) [1],,(missing) [1],,(missing) [1],,,true,173,87,1,1,http://usps.com/business/connect/ecommerce-merchants.htm
https://www.usps.com/assets/images/business/connect/grand_shipper.jpg,GrandShipper Logo,GrandShipper Logo [1],GOOD,,,(missing) [1],,(missing) [1],,(missing) [1],,,true,173,87,1,1,http://usps.com/business/connect/ecommerce-merchants.htm
https://www.usps.com/assets/images/business/connect/gtms-logo.jpg,GTMS logo,GTMS logo [1],GOOD,,,(missing) [1],,(missing) [1],,(missing) [1],,,true,172,88,1,1,http://usps.com/business/connect/ecommerce-merchants.htm
https://www.usps.com/assets/images/business/connect/imagine-supply-chain-logo.jpg,Imagine Supply Chain logo,Imagine Supply Chain logo [1],GOOD,,,(missing) [1],,(missing) [1],,(missing) [1],,,true,173,87,1,1,http://usps.com/business/connect/ecommerce-merchants.htm
https://www.usps.com/assets/images/business/connect/inmar-logo.jpg,Inmar logo,Inmar logo [1],GOOD,,,(missing) [1],,(missing) [1],,(missing) [1],,,true,173,87,1,1,http://usps.com/business/connect/ecommerce-merchants.htm
https://www.usps.com/assets/images/business/connect/international-bridge-logo.jpg,International Bridge logo,International Bridge logo [1],GOOD,,,(missing) [1],,(missing) [1],,(missing) [1],,,true,173,87,1,1,http://usps.com/business/connect/ecommerce-merchants.htm
https://www.usps.com/assets/images/business/connect/inventoryy-logo.jpg,Inventoryy logo,Inventoryy logo [1],GOOD,,,(missing) [1],,(missing) [1],,(missing) [1],,,true,173,87,1,1,http://usps.com/business/connect/ecommerce-merchants.htm
https://www.usps.com/assets/images/business/connect/labl-logo.jpg,LABL logo,LABL logo [1],GOOD,,,(missing) [1],,(missing) [1],,(missing) [1],,,true,173,87,1,1,http://usps.com/business/connect/ecommerce-merchants.htm
https://www.usps.com/assets/images/business/connect/lightspeed-logo.jpg,Lightspeed logo,Lightspeed logo [1],GOOD,,,(missing) [1],,(missing) [1],,(missing) [1],,,true,173,87,1,1,http://usps.com/business/connect/ecommerce-merchants.htm
https://www.usps.com/assets/images/business/connect/loop-logo.jpg,Loop logo,Loop logo [1],GOOD,,,(missing) [1],,(missing) [1],,(missing) [1],,,true,173,87,1,1,http://usps.com/business/connect/ecommerce-merchants.htm
https://www.usps.com/assets/images/business/connect/m-ecomm_label-box.jpg,Person preparing a shipping label for a Priority Mail box.,Person preparing a shipping label for a Priority Mail box. [1],GOOD,,,(missing) [1],,(missing) [1],,(missing) [1],,,true,990,225,1,1,http://usps.com/business/connect/ecommerce-merchants.htm
https://www.usps.com/assets/images/business/connect/m-ecomm-phone.jpg,Person using a smartphone to shop on an ecommerce platform or marketplace.,Person using a smartphone to shop on an ecommerce platform or marketplace. [1],GOOD,,,(missing) [1],,(missing) [1],,(missing) [1],,,true,990,225,1,1,http://usps.com/business/connect/ecommerce.htm
https://www.usps.com/assets/images/business/connect/maersk-logo.jpg,Maersk logo,Maersk logo [1],GOOD,,,(missing) [1],,(missing) [1],,(missing) [1],,,true,173,87,1,1,http://usps.com/business/connect/ecommerce-merchants.htm
https://www.usps.com/assets/images/business/connect/man-laptop-ecomm.jpg,Merchant on a laptop preparing to ship a package.,Merchant on a laptop preparing to ship a package. [1],GOOD,,,(missing) [1],,(missing) [1],,(missing) [1],,,true,687,459,1,1,http://usps.com/business/connect/ecommerce.htm
https://www.usps.com/assets/images/business/connect/metapack-logo.jpg,Metapack  logo,Metapack  logo [1],GOOD,,,(missing) [1],,(missing) [1],,(missing) [1],,,true,173,87,1,1,http://usps.com/business/connect/ecommerce-merchants.htm
https://www.usps.com/assets/images/business/connect/my_shipping_post.jpg,My Shipping Post logo,My Shipping Post logo [1],GOOD,,,(missing) [1],,(missing) [1],,(missing) [1],,,true,173,87,1,1,http://usps.com/business/connect/ecommerce-merchants.htm
https://www.usps.com/assets/images/business/connect/orangemailer-logo.jpg,Orange Mailer logo,Orange Mailer logo [1],GOOD,,,(missing) [1],,(missing) [1],,(missing) [1],,,true,173,87,1,1,http://usps.com/business/connect/ecommerce-merchants.htm
https://www.usps.com/assets/images/business/connect/ordoro-logo.jpg,Ordoro logo,Ordoro logo [1],GOOD,,,(missing) [1],,(missing) [1],,(missing) [1],,,true,173,87,1,1,http://usps.com/business/connect/ecommerce-merchants.htm
https://www.usps.com/assets/images/business/connect/pacejet-logo.jpg,Pacejet logo,Pacejet logo [1],GOOD,,,(missing) [1],,(missing) [1],,(missing) [1],,,true,173,87,1,1,http://usps.com/business/connect/ecommerce-merchants.htm
https://www.usps.com/assets/images/business/connect/paid-logo.jpg,Paid Inc. logo,Paid Inc. logo [1],GOOD,,,(missing) [1],,(missing) [1],,(missing) [1],,,true,173,87,1,1,http://usps.com/business/connect/ecommerce-merchants.htm
https://www.usps.com/assets/images/business/connect/parcelpath-logo.jpg,ParcelPath.com logo,ParcelPath.com logo [1],GOOD,,,(missing) [1],,(missing) [1],,(missing) [1],,,true,692,348,1,1,http://usps.com/business/connect/ecommerce-merchants.htm
https://www.usps.com/assets/images/business/connect/parcelprep-logo.jpg,ParcelPrep logo,ParcelPrep logo [1],GOOD,,,(missing) [1],,(missing) [1],,(missing) [1],,,true,173,87,1,1,http://usps.com/business/connect/ecommerce-merchants.htm
https://www.usps.com/assets/images/business/connect/pdq-logo.jpg,PDQ logo,PDQ logo [1],GOOD,,,(missing) [1],,(missing) [1],,(missing) [1],,,true,173,87,1,1,http://usps.com/business/connect/ecommerce-merchants.htm
https://www.usps.com/assets/images/business/connect/pirate-ship.jpg,Pirate Ship logo,Pirate Ship logo [1],GOOD,,,(missing) [1],,(missing) [1],,(missing) [1],,,true,173,97,1,1,http://usps.com/business/connect/ecommerce-merchants.htm
https://www.usps.com/assets/images/business/connect/pitneybowes-logo.png,PitneyShip logo,PitneyShip logo [1],GOOD,,,(missing) [1],,(missing) [1],,(missing) [1],,,true,173,87,1,1,http://usps.com/business/connect/ecommerce-merchants.htm
https://www.usps.com/assets/images/business/connect/postdale-logo.jpg,Postsale logo,Postsale logo [1],GOOD,,,(missing) [1],,(missing) [1],,(missing) [1],,,true,173,88,1,1,http://usps.com/business/connect/ecommerce-merchants.htm
https://www.usps.com/assets/images/business/connect/revolutionparts-logo.jpg,RevolutionParts logo,RevolutionParts logo [1],GOOD,,,(missing) [1],,(missing) [1],,(missing) [1],,,true,173,87,1,1,http://usps.com/business/connect/ecommerce-merchants.htm
https://www.usps.com/assets/images/business/connect/sendflex-logo.jpg,"SendFlex Technology, Inc. logo","SendFlex Technology, Inc. logo [1]",GOOD,,,(missing) [1],,(missing) [1],,(missing) [1],,,true,173,87,1,1,http://usps.com/business/connect/ecommerce-merchants.htm
https://www.usps.com/assets/images/business/connect/sendle-logo.jpg,Sendle logo,Sendle logo [1],GOOD,,,(missing) [1],,(missing) [1],,(missing) [1],,,true,173,87,1,1,http://usps.com/business/connect/ecommerce-merchants.htm
https://www.usps.com/assets/images/business/connect/ship-hero.jpg,Ship Hero Logo,Ship Hero Logo [1],GOOD,,,(missing) [1],,(missing) [1],,(missing) [1],,,true,173,87,1,1,http://usps.com/business/connect/ecommerce-merchants.htm
https://www.usps.com/assets/images/business/connect/ship-saving.jpg,Ship Saving logo,Ship Saving logo [1],GOOD,,,(missing) [1],,(missing) [1],,(missing) [1],,,true,173,87,1,1,http://usps.com/business/connect/ecommerce-merchants.htm
https://www.usps.com/assets/images/business/connect/shipbuy-logo.jpg,Shipbuy logo,Shipbuy logo [1],GOOD,,,(missing) [1],,(missing) [1],,(missing) [1],,,true,692,348,1,1,http://usps.com/business/connect/ecommerce-merchants.htm
https://www.usps.com/assets/images/business/connect/shipcom-logo.jpg,Ship.com logo,Ship.com logo [1],GOOD,,,(missing) [1],,(missing) [1],,(missing) [1],,,true,173,87,1,1,http://usps.com/business/connect/ecommerce-merchants.htm
https://www.usps.com/assets/images/business/connect/shipedge-logo.jpg,Shipedge logo,Shipedge logo [1],GOOD,,,(missing) [1],,(missing) [1],,(missing) [1],,,true,173,87,1,1,http://usps.com/business/connect/ecommerce-merchants.htm
https://www.usps.com/assets/images/business/connect/shipengine-logo.jpg,ShipEngine  logo,ShipEngine  logo [1],GOOD,,,(missing) [1],,(missing) [1],,(missing) [1],,,true,173,87,1,1,http://usps.com/business/connect/ecommerce-merchants.htm
https://www.usps.com/assets/images/business/connect/shiphawk-logo.jpg,ShipHawk logo,ShipHawk logo [1],GOOD,,,(missing) [1],,(missing) [1],,(missing) [1],,,true,173,87,1,1,http://usps.com/business/connect/ecommerce-merchants.htm
https://www.usps.com/assets/images/business/connect/shipjunction-logo.jpg,ShipJunction logo,ShipJunction logo [1],GOOD,,,(missing) [1],,(missing) [1],,(missing) [1],,,true,174,87,1,1,http://usps.com/business/connect/ecommerce-merchants.htm
https://www.usps.com/assets/images/business/connect/shipkasa-logo.png,ShipKasa logo,ShipKasa logo [1],GOOD,,,(missing) [1],,(missing) [1],,(missing) [1],,,true,172,48,1,1,http://usps.com/business/connect/ecommerce-merchants.htm
https://www.usps.com/assets/images/business/connect/shipkey-logo.jpg,ShipKey logo,ShipKey logo [1],GOOD,,,(missing) [1],,(missing) [1],,(missing) [1],,,true,173,87,1,1,http://usps.com/business/connect/ecommerce-merchants.htm
https://www.usps.com/assets/images/business/connect/shipleap-logo.jpg,ShipLeap logo,ShipLeap logo [1],GOOD,,,(missing) [1],,(missing) [1],,(missing) [1],,,true,173,87,1,1,http://usps.com/business/connect/ecommerce-merchants.htm
https://www.usps.com/assets/images/business/connect/shiplinc-logo.jpg,Shiplinc logo,Shiplinc logo [1],GOOD,,,(missing) [1],,(missing) [1],,(missing) [1],,,true,173,87,1,1,http://usps.com/business/connect/ecommerce-merchants.htm
https://www.usps.com/assets/images/business/connect/shipmoo-logo.jpg,Shipmoo logo,Shipmoo logo [1],GOOD,,,(missing) [1],,(missing) [1],,(missing) [1],,,true,173,87,1,1,http://usps.com/business/connect/ecommerce-merchants.htm
https://www.usps.com/assets/images/business/connect/shippingeasy-logo.jpg,ShippingEasy  logo,ShippingEasy  logo [1],GOOD,,,(missing) [1],,(missing) [1],,(missing) [1],,,true,173,87,1,1,http://usps.com/business/connect/ecommerce-merchants.htm
https://www.usps.com/assets/images/business/connect/shippo-logo.jpg,Shippo logo,Shippo logo [1],GOOD,,,(missing) [1],,(missing) [1],,(missing) [1],,,true,173,87,1,1,http://usps.com/business/connect/ecommerce-merchants.htm
https://www.usps.com/assets/images/business/connect/shipstation-logo.jpg,ShipStation  logo,ShipStation  logo [1],GOOD,,,(missing) [1],,(missing) [1],,(missing) [1],,,true,173,87,1,1,http://usps.com/business/connect/ecommerce-merchants.htm
https://www.usps.com/assets/images/business/connect/shipstore-logo.jpg,Shipstore logo,Shipstore logo [1],GOOD,,,(missing) [1],,(missing) [1],,(missing) [1],,,true,173,87,1,1,http://usps.com/business/connect/ecommerce-merchants.htm
https://www.usps.com/assets/images/business/connect/shipvia-logo.jpg,ShipVia logo,ShipVia logo [1],GOOD,,,(missing) [1],,(missing) [1],,(missing) [1],,,true,173,87,1,1,http://usps.com/business/connect/ecommerce-merchants.htm
https://www.usps.com/assets/images/business/connect/shipvista-logo.jpg,ShipVista logo,ShipVista logo [1],GOOD,,,(missing) [1],,(missing) [1],,(missing) [1],,,true,173,87,1,1,http://usps.com/business/connect/ecommerce-merchants.htm
https://www.usps.com/assets/images/business/connect/shipwise-logo.jpg,ShipWise logo,ShipWise logo [1],GOOD,,,(missing) [1],,(missing) [1],,(missing) [1],,,true,346,174,1,1,http://usps.com/business/connect/ecommerce-merchants.htm
https://www.usps.com/assets/images/business/connect/shipworks-logo.jpg,ShipWorks  logo,ShipWorks  logo [1],GOOD,,,(missing) [1],,(missing) [1],,(missing) [1],,,true,173,87,1,1,http://usps.com/business/connect/ecommerce-merchants.htm
https://www.usps.com/assets/images/business/connect/shopify-logo.jpg,Shopify logo,Shopify logo [1],GOOD,,,(missing) [1],,(missing) [1],,(missing) [1],,,true,173,87,1,1,http://usps.com/business/connect/ecommerce-merchants.htm
https://www.usps.com/assets/images/business/connect/shopkeeper-tablet-ecomm.jpg,Merchant on a tablet in a flower shop.,Merchant on a tablet in a flower shop. [1],GOOD,,,(missing) [1],,(missing) [1],,(missing) [1],,,true,687,459,1,1,http://usps.com/business/connect/ecommerce.htm
https://www.usps.com/assets/images/business/connect/sidelineswap-logo.jpg,SidelineSwap logo,SidelineSwap logo [1],GOOD,,,(missing) [1],,(missing) [1],,(missing) [1],,,true,173,87,1,1,http://usps.com/business/connect/ecommerce-merchants.htm
https://www.usps.com/assets/images/business/connect/sire-logo.jpg,Sire logo,Sire logo [1],GOOD,,,(missing) [1],,(missing) [1],,(missing) [1],,,true,173,87,1,1,http://usps.com/business/connect/ecommerce-merchants.htm
https://www.usps.com/assets/images/business/connect/skulabs-logo.jpg,SKULabs logo,SKULabs logo [1],GOOD,,,(missing) [1],,(missing) [1],,(missing) [1],,,true,173,87,1,1,http://usps.com/business/connect/ecommerce-merchants.htm
https://www.usps.com/assets/images/business/connect/skupreme-logo.jpg,Skupreme logo,Skupreme logo [1],GOOD,,,(missing) [1],,(missing) [1],,(missing) [1],,,true,173,87,1,1,http://usps.com/business/connect/ecommerce-merchants.htm
https://www.usps.com/assets/images/business/connect/soapbox-logo.jpg,"Soapbox SaaS, Inc. logo","Soapbox SaaS, Inc. logo [1]",GOOD,,,(missing) [1],,(missing) [1],,(missing) [1],,,true,173,87,1,1,http://usps.com/business/connect/ecommerce-merchants.htm
https://www.usps.com/assets/images/business/connect/solutions/connect-national.jpg,Nationwide network employee cataloging packages in warehouse.,Nationwide network employee cataloging packages in warehouse. [1],GOOD,,,(missing) [1],,(missing) [1],,(missing) [1],,,true,486,250,1,1,http://usps.com/business/connect
https://www.usps.com/assets/images/business/connect/solutions/connect-returns.jpg,Returned package being scanned.,Returned package being scanned. [1],GOOD,,,(missing) [1],,(missing) [1],,(missing) [1],,,true,485,249,1,1,http://usps.com/business/connect
https://www.usps.com/assets/images/business/connect/solutions/m-connect-hero.jpg,Preparing goods to be shipped in packages.,Preparing goods to be shipped in packages. [1],GOOD,,,(missing) [1],,(missing) [1],,(missing) [1],,,true,990,225,1,1,http://usps.com/business/connect
https://www.usps.com/assets/images/business/connect/solutions/usps-connect.jpg,Preparing goods to be shipped in packages.,Preparing goods to be shipped in packages. [1],GOOD,,,(missing) [1],,(missing) [1],,(missing) [1],,,true,593,358,1,1,http://usps.com/business/connect
https://www.usps.com/assets/images/business/connect/squarespace-logo.jpg,Squarespace logo,Squarespace logo [1],GOOD,,,(missing) [1],,(missing) [1],,(missing) [1],,,true,173,87,1,1,http://usps.com/business/connect/ecommerce-merchants.htm
https://www.usps.com/assets/images/business/connect/stampsdotcom-logo.jpg,Stamps.com  logo,Stamps.com  logo [1],GOOD,,,(missing) [1],,(missing) [1],,(missing) [1],,,true,173,87,1,1,http://usps.com/business/connect/ecommerce-merchants.htm
https://www.usps.com/assets/images/business/connect/vipparcel-logo.jpg,VIPparcel logo,VIPparcel logo [1],GOOD,,,(missing) [1],,(missing) [1],,(missing) [1],,,true,173,87,1,1,http://usps.com/business/connect/ecommerce-merchants.htm
https://www.usps.com/assets/images/business/connect/wisetech-logo.jpg,Wisetech Global logo,Wisetech Global logo [1],GOOD,,,(missing) [1],,(missing) [1],,(missing) [1],,,true,173,87,1,1,http://usps.com/business/connect/ecommerce-merchants.htm
https://www.usps.com/assets/images/business/connect/xps-connect-logo.jpg,XPSconnect logo,XPSconnect logo [1],GOOD,,,(missing) [1],,(missing) [1],,(missing) [1],,,true,173,87,1,1,http://usps.com/business/connect/ecommerce-merchants.htm
https://www.usps.com/assets/images/business/custom-forms-card.jpg,A closeup of a customs form.,A closeup of a customs form. [1],GOOD,,,(missing) [1],,(missing) [1],,(missing) [1],,,true,340,154,1,1,http://usps.com/international
https://www.usps.com/assets/images/business/dfa-business.jpg,Letter carrier ready to deliver packages unloaded from the back of a USPS Next-Generation Delivery Vehicle.,Letter carrier ready to deliver packages unloaded from the back of a USPS Next-Generation Delivery Vehicle. [1],GOOD,,,(missing) [1],,(missing) [1],,(missing) [1],,,true,784,375,1,1,http://usps.com/business
https://www.usps.com/assets/images/business/dfa-mobile.jpg,Letter carrier ready to deliver packages unloaded from the back of a USPS Next-Generation Delivery Vehicle.,Letter carrier ready to deliver packages unloaded from the back of a USPS Next-Generation Delivery Vehicle. [1],GOOD,,,(missing) [1],,(missing) [1],,(missing) [1],,,true,990,225,1,1,http://usps.com/business
https://www.usps.com/assets/images/business/eddm/hero-image-mobile.jpg,"EDDM flyers and postcards promoting small business menus, services, and sales.","EDDM flyers and postcards promoting small business menus, services, and sales. [1]",GOOD,,,(missing) [1],,(missing) [1],,(missing) [1],,,true,991,225,1,1,http://usps.com/business/every-door-direct-mail.htm
https://www.usps.com/assets/images/business/eddm/printing-and-mailing-hero-image5.jpg,"EDDM flyers and postcards promoting small business menus, services, and sales.","EDDM flyers and postcards promoting small business menus, services, and sales. [1]",GOOD,,,(missing) [1],,(missing) [1],,(missing) [1],,,true,783,350,1,1,http://usps.com/business/every-door-direct-mail.htm
https://www.usps.com/assets/images/business/hero_international-biz-mail-desktop.jpg,Priority Mail International and Priority Mail Express International Flat Rate boxes for fast delivery and USPS Tracking.,Priority Mail International and Priority Mail Express International Flat Rate boxes for fast delivery and USPS Tracking. [1],GOOD,,,(missing) [1],,(missing) [1],,(missing) [1],,,true,863,385,1,1,http://usps.com/business/international-shipping.htm
https://www.usps.com/assets/images/business/hero-image-prices.jpg,USPS retail associate selling products and services at the Post Office counter.,USPS retail associate selling products and services at the Post Office counter. [1],GOOD,,,(missing) [1],,(missing) [1],,(missing) [1],,,true,783,350,1,1,http://usps.com/business/prices.htm
https://www.usps.com/assets/images/business/hero-mobile-prices.jpg,USPS retail associate selling products and services at the Post Office counter.,USPS retail associate selling products and services at the Post Office counter. [1],GOOD,,,(missing) [1],,(missing) [1],,(missing) [1],,,true,991,225,1,1,http://usps.com/business/prices.htm
https://www.usps.com/assets/images/business/informed-delivery/bus-id-hero-mobile.jpg,A smartphone showing a digital promo ad in an Informed Delivery email.,A smartphone showing a digital promo ad in an Informed Delivery email. [1],GOOD,,,(missing) [1],,(missing) [1],,(missing) [1],,,true,990,225,1,1,http://usps.com/business/informed-delivery.htm
https://www.usps.com/assets/images/business/informed-delivery/bus-id-hero.jpg,A smartphone showing a digital promo ad in an Informed Delivery email.,A smartphone showing a digital promo ad in an Informed Delivery email. [1],GOOD,,,(missing) [1],,(missing) [1],,(missing) [1],,,true,769,340,1,1,http://usps.com/business/informed-delivery.htm
https://www.usps.com/assets/images/business/informed-delivery/id_mockups-1.png,List of the text and email notification options for package tracking updates.,List of the text and email notification options for package tracking updates. [1],GOOD,,,(missing) [1],,(missing) [1],,(missing) [1],,,true,459,661,1,1,http://usps.com/manage/informed-delivery.htm
https://www.usps.com/assets/images/business/informed-delivery/id_mockups-3.png,Screen showing the opt-in screen for the Electronic Signature Online feature.,Screen showing the opt-in screen for the Electronic Signature Online feature. [1],GOOD,,,(missing) [1],,(missing) [1],,(missing) [1],,,true,459,663,1,1,http://usps.com/manage/informed-delivery.htm
https://www.usps.com/assets/images/business/informed-delivery/id-tutorial.jpg,Step-by-step process of how to submit an Informed Delivery campaign in the Mailer Campaign Portal.,Step-by-step process of how to submit an Informed Delivery campaign in the Mailer Campaign Portal. [1],GOOD,,,(missing) [1],,(missing) [1],,(missing) [1],,,true,650,325,1,1,http://usps.com/business/informed-delivery.htm
https://www.usps.com/assets/images/business/informed-delivery/mail-delivery-notification-opt-in.png,The Mail Delivery Notifications opt-in screen.,The Mail Delivery Notifications opt-in screen. [1],GOOD,,,(missing) [1],,(missing) [1],,(missing) [1],,,true,459,661,1,1,http://usps.com/manage/informed-delivery.htm
https://www.usps.com/assets/images/business/informed-innovations/adv-mail.jpg,Phone screen showing an Informed Delivery package campaign.,Phone screen showing an Informed Delivery package campaign. [1],GOOD,,,(missing) [1],,(missing) [1],,(missing) [1],,,true,585,300,1,1,http://usps.com/business/informed-innovations.htm
https://www.usps.com/assets/images/business/informed-innovations/apis.jpg,Computer screen reflected in the glasses worn by a programmer.,Computer screen reflected in the glasses worn by a programmer. [1],GOOD,,,(missing) [1],,(missing) [1],,(missing) [1],,,true,585,300,1,1,http://usps.com/business/informed-innovations.htm
https://www.usps.com/assets/images/business/informed-innovations/id-mobileapp.jpg,Person holding up a phone showing the Informed Delivery Mobile App.,Person holding up a phone showing the Informed Delivery Mobile App. [1],GOOD,,,(missing) [1],,(missing) [1],,(missing) [1],,,true,514,288,1,1,http://usps.com/business/informed-innovations.htm
https://www.usps.com/assets/images/business/informed-innovations/informed-greetings.jpg,Person on a laptop computer designing an Informed Greetings label.,Person on a laptop computer designing an Informed Greetings label. [1],GOOD,,,(missing) [1],,(missing) [1],,(missing) [1],,,true,514,288,1,1,http://usps.com/business/informed-innovations.htm
https://www.usps.com/assets/images/business/informed-innovations/informed-images.jpg,Grid of coupon images available for use in Informed Delivery Marketing campaigns.,Grid of coupon images available for use in Informed Delivery Marketing campaigns. [1],GOOD,,,(missing) [1],,(missing) [1],,(missing) [1],,,true,585,300,1,1,http://usps.com/business/informed-innovations.htm
https://www.usps.com/assets/images/business/informed-innovations/innovation-hero-m.jpg,Woman looking at a tablet.,Woman looking at a tablet. [1],GOOD,,,(missing) [1],,(missing) [1],,(missing) [1],,,true,990,225,1,1,http://usps.com/business/informed-innovations.htm
https://www.usps.com/assets/images/business/informed-innovations/innovation-hero.jpg,Woman looking at a tablet.,Woman looking at a tablet. [1],GOOD,,,(missing) [1],,(missing) [1],,(missing) [1],,,true,783,350,1,1,http://usps.com/business/informed-innovations.htm
https://www.usps.com/assets/images/business/informed-innovations/mdn.jpg,Smartphone screen showing a Mail Delivery Notification message.,Smartphone screen showing a Mail Delivery Notification message. [1],GOOD,,,(missing) [1],,(missing) [1],,(missing) [1],,,true,514,288,1,1,http://usps.com/business/informed-innovations.htm
https://www.usps.com/assets/images/business/insurance-extra-card.jpg,A person using their hands to protect miniature shipping containers.,A person using their hands to protect miniature shipping containers. [1],GOOD,,,(missing) [1],,(missing) [1],,(missing) [1],,,true,339,154,1,1,http://usps.com/international
https://www.usps.com/assets/images/business/int-bus.jpg,Customer taping a box to prepare for shipping.,Customer taping a box to prepare for shipping. [1],GOOD,,,(missing) [1],,(missing) [1],,(missing) [1],,,true,550,250,1,1,http://usps.com/international
https://www.usps.com/assets/images/business/internationa-insurace-550x250.jpg,Young woman labeling a USPS Priority Mail International package.,Young woman labeling a USPS Priority Mail International package. [1],GOOD,,,(missing) [1],,(missing) [1],,(missing) [1],,,true,550,250,1,1,http://usps.com/international
https://www.usps.com/assets/images/business/international-landing-mobile.jpg,London skyline featuring Elizabeth Tower (Big Ben).,London skyline featuring Elizabeth Tower (Big Ben). [1],GOOD,,,(missing) [1],,(missing) [1],,(missing) [1],,,true,991,225,1,1,http://usps.com/international
https://www.usps.com/assets/images/business/international-landing.jpg,London skyline featuring Elizabeth Tower (Big Ben).,London skyline featuring Elizabeth Tower (Big Ben). [1],GOOD,,,(missing) [1],,(missing) [1],,(missing) [1],,,true,783,393,1,1,http://usps.com/international
https://www.usps.com/assets/images/business/international-passport-550x250.jpg,First-time applicant holding a US passport.,First-time applicant holding a US passport. [1],GOOD,,,(missing) [1],,(missing) [1],,(missing) [1],,,true,550,250,1,1,http://usps.com/international
https://www.usps.com/assets/images/business/label-broker-hero-mobile.jpg,Customer presenting a USPS Label Broker QR code to print a label and ship a package at the Post Office counter.,Customer presenting a USPS Label Broker QR code to print a label and ship a package at the Post Office counter. [1],GOOD,,,(missing) [1],,(missing) [1],,(missing) [1],,,true,991,225,1,1,http://usps.com/business/label-broker.htm
https://www.usps.com/assets/images/business/label-broker-hero.jpg,Customer presenting a USPS Label Broker QR code to print a label and ship a package at the Post Office counter.,Customer presenting a USPS Label Broker QR code to print a label and ship a package at the Post Office counter. [1],GOOD,,,(missing) [1],,(missing) [1],,(missing) [1],,,true,783,350,1,1,http://usps.com/business/label-broker.htm
https://www.usps.com/assets/images/business/large-business/contacts.jpg,Two people working together using a laptop to optimize shipping,Two people working together using a laptop to optimize shipping [1],GOOD,,,(missing) [1],,(missing) [1],,(missing) [1],,,true,328,16,1,1,http://usps.com/business/large-business.htm
https://www.usps.com/assets/images/business/large-business/ground-advantage-b2b.png,Business shipper sitting behind USPS Ground Advantage boxes while on the phone,Business shipper sitting behind USPS Ground Advantage boxes while on the phone [1],GOOD,,,(missing) [1],,(missing) [1],,(missing) [1],,,true,1180,531,1,1,http://usps.com/business/large-business.htm
https://www.usps.com/assets/images/business/large-business/icon/close.png,close icon,close icon [1],GOOD,,,(missing) [1],,(missing) [1],,(missing) [1],,,false,20,20,1,1,http://usps.com/business/large-business.htm
https://www.usps.com/assets/images/business/large-business/icon/customer-service.png,customer service icon,customer service icon [1],GOOD,,,(missing) [1],,(missing) [1],,(missing) [1],,,true,28,28,1,1,http://usps.com/business/large-business.htm
https://www.usps.com/assets/images/business/large-business/icon/lock.svg,Security Icon,Security Icon [1],GOOD,,,(missing) [1],,(missing) [1],,(missing) [1],,,true,37,48,1,1,http://usps.com/business/large-business.htm
https://www.usps.com/assets/images/business/large-business/icon/packages.svg,Packages Icon,Packages Icon [1],GOOD,,,(missing) [1],,(missing) [1],,(missing) [1],,,true,62,48,1,1,http://usps.com/business/large-business.htm
https://www.usps.com/assets/images/business/large-business/icon/ready-pack-ship.svg,easy shipping icon,easy shipping icon [1],GOOD,,,(missing) [1],,(missing) [1],,(missing) [1],,,true,28,28,1,1,http://usps.com/business/large-business.htm
https://www.usps.com/assets/images/business/large-business/icon/ready-post.svg,packages icon,packages icon [1],GOOD,,,(missing) [1],,(missing) [1],,(missing) [1],,,true,28,25,1,1,http://usps.com/business/large-business.htm
https://www.usps.com/assets/images/business/large-business/icon/retail-rates.svg,Easy package pickup icon,Easy package pickup icon [1],GOOD,,,(missing) [1],,(missing) [1],,(missing) [1],,,true,54,48,1,1,http://usps.com/business/large-business.htm
https://www.usps.com/assets/images/business/large-business/icon/savings.svg,Savings Icon,Savings Icon [1],GOOD,,,(missing) [1],,(missing) [1],,(missing) [1],,,true,59,48,1,1,http://usps.com/business/large-business.htm
https://www.usps.com/assets/images/business/large-business/icon/stats.svg,stats icon,stats icon [1],GOOD,,,(missing) [1],,(missing) [1],,(missing) [1],,,true,28,25,1,1,http://usps.com/business/large-business.htm
https://www.usps.com/assets/images/business/large-business/icon/tracking.svg,Tracking Icon,Tracking Icon [1],GOOD,,,(missing) [1],,(missing) [1],,(missing) [1],,,true,47,48,1,1,http://usps.com/business/large-business.htm
https://www.usps.com/assets/images/business/large-business/icon/van.svg,Round the clock icon,Round the clock icon [1],GOOD,,,(missing) [1],,(missing) [1],,(missing) [1],,,true,76,48,1,1,http://usps.com/business/large-business.htm
https://www.usps.com/assets/images/business/large-business/informed-delivery.png,Person standing with Ground Advantage service shipped package,Person standing with Ground Advantage service shipped package [1],GOOD,,,(missing) [1],,(missing) [1],,(missing) [1],,,true,514,344,1,1,http://usps.com/business/large-business.htm
https://www.usps.com/assets/images/business/m-hero_international-biz-mail-desktop.jpg,Priority Mail International and Priority Mail Express International Flat Rate boxes for fast delivery and USPS Tracking.,Priority Mail International and Priority Mail Express International Flat Rate boxes for fast delivery and USPS Tracking. [1],GOOD,,,(missing) [1],,(missing) [1],,(missing) [1],,,true,990,225,1,1,http://usps.com/business/international-shipping.htm
https://www.usps.com/assets/images/business/mail-and-ship-prepare-your-package.jpg,Customer taping a box to prepare for shipping.,Customer taping a box to prepare for shipping. [1],GOOD,,,(missing) [1],,(missing) [1],,(missing) [1],,,true,550,250,1,1,http://usps.com/international
https://www.usps.com/assets/images/business/manage-biz-mail-hero-desktop.jpg,Small business owner opening customer reply mail envelopes.,Small business owner opening customer reply mail envelopes. [1],GOOD,,,(missing) [1],,(missing) [1],,(missing) [1],,,true,783,350,1,1,http://usps.com/business/manage-mail.htm
https://www.usps.com/assets/images/business/manage-biz-mail-hero-mobile.jpg,Small business owner opening customer reply mail envelopes.,Small business owner opening customer reply mail envelopes. [1],GOOD,,,(missing) [1],,(missing) [1],,(missing) [1],,,true,991,225,1,1,http://usps.com/business/manage-mail.htm
https://www.usps.com/assets/images/business/manage-biz-mail-pobox-1000x200.jpg,A man checking his PO Box.,A man checking his PO Box. [1],GOOD,,,(missing) [1],,(missing) [1],,(missing) [1],,,true,1000,200,1,1,http://usps.com/business/manage-mail.htm
https://www.usps.com/assets/images/business/manage-biz-mail-pobox-554x442.jpg,A man checking his PO Box.,A man checking his PO Box. [1],GOOD,,,(missing) [1],,(missing) [1],,(missing) [1],,,true,554,442,1,1,http://usps.com/business/manage-mail.htm
https://www.usps.com/assets/images/business/postage-options-hero-desktop.jpg,"Two envelopes, one showing a permit imprint indicia and the other showing a Patriotic Banner presorted standard stamp.","Two envelopes, one showing a permit imprint indicia and the other showing a Patriotic Banner presorted standard stamp. [1]",GOOD,,,(missing) [1],,(missing) [1],,(missing) [1],,,true,783,350,1,1,http://usps.com/business/postage-options.htm
https://www.usps.com/assets/images/business/postage-options-hero-mobile.jpg,"Two envelopes, one showing a permit imprint indicia and the other showing a Patriotic Banner presorted standard stamp.","Two envelopes, one showing a permit imprint indicia and the other showing a Patriotic Banner presorted standard stamp. [1]",GOOD,,,(missing) [1],,(missing) [1],,(missing) [1],,,true,991,225,1,1,http://usps.com/business/postage-options.htm
https://www.usps.com/assets/images/business/prepay-import-duties.jpg,A closeup of a customs form.,A closeup of a customs form. [1],GOOD,,,(missing) [1],,(missing) [1],,(missing) [1],,,true,339,154,1,1,http://usps.com/international
https://www.usps.com/assets/images/business/printing-and-mailing-hero-mobile.jpg,A woman reading a direct mail advertising piece promoting a sale.,A woman reading a direct mail advertising piece promoting a sale. [1],GOOD,,,(missing) [1],,(missing) [1],,(missing) [1],,,true,991,225,1,1,http://usps.com/business/vendors.htm
https://www.usps.com/assets/images/business/printing-and-mailing-hero.jpg,A woman reading a direct mail advertising piece promoting a sale.,A woman reading a direct mail advertising piece promoting a sale. [1],GOOD,,,(missing) [1],,(missing) [1],,(missing) [1],,,true,783,350,1,1,http://usps.com/business/vendors.htm
https://www.usps.com/assets/images/business/priority-mail-next-day/pmnd-hero.png,A mail carrier preparing to delivery packages.,A mail carrier preparing to delivery packages. [1],GOOD,,,(missing) [1],,(missing) [1],,(missing) [1],,,true,409,446,1,1,http://usps.com/business/priority-mail-next-day.htm
https://www.usps.com/assets/images/business/promotions-incentives/promo-incentives-m.jpg,A promotion appearing on a smartphone that reads 'Tap to access smartphone exclusive content.',A promotion appearing on a smartphone that reads 'Tap to access smartphone exclusive content.' [1],GOOD,,,(missing) [1],,(missing) [1],,(missing) [1],,,true,990,225,1,1,http://usps.com/business/advertise-with-mail.htm
https://www.usps.com/assets/images/business/promotions-incentives/promo-incentives.jpg,A promotion appearing on a smartphone that reads 'Tap to access smartphone exclusive content.',A promotion appearing on a smartphone that reads 'Tap to access smartphone exclusive content.' [1],GOOD,,,(missing) [1],,(missing) [1],,(missing) [1],,,true,585,300,1,1,http://usps.com/business/advertise-with-mail.htm
https://www.usps.com/assets/images/business/repositionablenotes-hero-mobile.jpg,Envelopes that have sticky notes attached to the outside with marketing messages on them.,Envelopes that have sticky notes attached to the outside with marketing messages on them. [1],GOOD,,,(missing) [1],,(missing) [1],,(missing) [1],,,true,991,225,1,1,http://usps.com/business/repositionable-notes-vendors.htm
https://www.usps.com/assets/images/business/repositionablenotes-hero.png,Envelopes that have sticky notes attached to the outside with marketing messages on them.,Envelopes that have sticky notes attached to the outside with marketing messages on them. [1],GOOD,,,(missing) [1],,(missing) [1],,(missing) [1],,,true,783,350,1,1,http://usps.com/business/repositionable-notes-vendors.htm
https://www.usps.com/assets/images/business/return-services-hero-mobile.jpg,Customer packing return merchandise in box needing return label.,Customer packing return merchandise in box needing return label. [1],GOOD,,,(missing) [1],,(missing) [1],,(missing) [1],,,true,991,225,1,1,http://usps.com/business/return-services.htm
https://www.usps.com/assets/images/business/returns-services-hero.jpg,Customer packing return merchandise in box needing return label.,Customer packing return merchandise in box needing return label. [1],GOOD,,,(missing) [1],,(missing) [1],,(missing) [1],,,true,783,350,1,1,http://usps.com/business/return-services.htm
https://www.usps.com/assets/images/business/sm_mail-and-ship-military-mail.jpg,Military service member holding a special Priority Mail APO/FPO Large Flat Rate Box.,Military service member holding a special Priority Mail APO/FPO Large Flat Rate Box. [1],GOOD,,,(missing) [1],,(missing) [1],,(missing) [1],,,true,550,251,1,1,http://usps.com/international
https://www.usps.com/assets/images/business/vendors/3M-logo.png,3M Science. Applied to Life.,3M Science. Applied to Life. [1],GOOD,,,(missing) [1],,(missing) [1],,(missing) [1],,,true,230,43,1,1,http://usps.com/business/repositionable-notes-vendors.htm
https://www.usps.com/assets/images/business/vendors/Century-Printing-&-Packaging.png,Farrington Transportation logo,Farrington Transportation logo [1],GOOD,,,(missing) [1],,(missing) [1],,(missing) [1],,,true,301,55,1,1,http://usps.com/business/repositionable-notes-vendors.htm
https://www.usps.com/assets/images/business/vendors/Kennedy-Group.png,Kaleidoscope services inc. Solutions in Motion logo,Kaleidoscope services inc. Solutions in Motion logo [1],GOOD,,,(missing) [1],,(missing) [1],,(missing) [1],,,true,124,69,1,1,http://usps.com/business/repositionable-notes-vendors.htm
https://www.usps.com/assets/images/business/vendors/Lauterbach-Group.png,Newgistics Experience Delivered logo,Newgistics Experience Delivered logo [1],GOOD,,,(missing) [1],,(missing) [1],,(missing) [1],,,true,323,69,1,1,http://usps.com/business/repositionable-notes-vendors.htm
https://www.usps.com/assets/images/business/vendors/mrlabel_logo.png,On-Demand Mail Services logo,On-Demand Mail Services logo [1],GOOD,,,(missing) [1],,(missing) [1],,(missing) [1],,,true,232,69,1,1,http://usps.com/business/repositionable-notes-vendors.htm
https://www.usps.com/assets/images/business/vendors/NA-Star-Inc.png,OnTrac logo,OnTrac logo [1],GOOD,,,(missing) [1],,(missing) [1],,(missing) [1],,,true,251,61,1,1,http://usps.com/business/repositionable-notes-vendors.htm
https://www.usps.com/assets/images/business/vendors/NewsNotes-LLC.png,OSM Worldwide logo,OSM Worldwide logo [1],GOOD,,,(missing) [1],,(missing) [1],,(missing) [1],,,true,315,69,1,1,http://usps.com/business/repositionable-notes-vendors.htm
https://www.usps.com/assets/images/business/vendors/Olympic-Packaging-Corp.png,Phoenix logo,Phoenix logo [1],GOOD,,,(missing) [1],,(missing) [1],,(missing) [1],,,true,330,65,1,1,http://usps.com/business/repositionable-notes-vendors.htm
https://www.usps.com/assets/images/business/vendors/Phenix-Label.gif,Pitney Bowes Parcel Mailing Solutions logo,Pitney Bowes Parcel Mailing Solutions logo [1],GOOD,,,(missing) [1],,(missing) [1],,(missing) [1],,,true,204,53,1,1,http://usps.com/business/repositionable-notes-vendors.htm
https://www.usps.com/assets/images/business/vendors/Repacorp-Label-Properties.gif,PARCELite Solutions logo,PARCELite Solutions logo [1],GOOD,,,(missing) [1],,(missing) [1],,(missing) [1],,,true,75,69,1,1,http://usps.com/business/repositionable-notes-vendors.htm
https://www.usps.com/assets/images/business/vendors/River-Cities-Printing.png,Skymail International logo,Skymail International logo [1],GOOD,,,(missing) [1],,(missing) [1],,(missing) [1],,,true,403,69,1,1,http://usps.com/business/repositionable-notes-vendors.htm
https://www.usps.com/assets/images/business/vendors/Valley-Forge-Tape-&-Label-Co.png,UPS logo,UPS logo [1],GOOD,,,(missing) [1],,(missing) [1],,(missing) [1],,,true,234,69,1,1,http://usps.com/business/repositionable-notes-vendors.htm
https://www.usps.com/assets/images/business/web-tools-apis/hero-webtools-documentaion-hero-desktop.jpg,A person looking at computer code on a monitor.,A person looking at computer code on a monitor. [1],GOOD,,,(missing) [1],,(missing) [1],,(missing) [1],,,true,783,350,1,1,http://usps.com/business/web-tools-apis/documentation-updates.htm
https://www.usps.com/assets/images/business/web-tools-apis/hero-webtools-documentaion-hero-mobile.jpg,A person looking at computer code on a monitor.,A person looking at computer code on a monitor. [1],GOOD,,,(missing) [1],,(missing) [1],,(missing) [1],,,true,991,225,1,1,http://usps.com/business/web-tools-apis/documentation-updates.htm
https://www.usps.com/assets/images/business/web-tools-apis/webtools-chart-half.jpg,USPS API Functional Equivalents chart,USPS API Functional Equivalents chart [1],GOOD,,,(missing) [1],,(missing) [1],,(missing) [1],,,true,383,215,1,1,http://usps.com/business/web-tools-apis
https://www.usps.com/assets/images/campaigns/apps/id/id-app-hero.png,A smartphone with the Informed Delivery app.,A smartphone with the Informed Delivery app. [1],GOOD,,,(missing) [1],,(missing) [1],,(missing) [1],,,true,500,544,1,1,http://usps.com/apps/informed-delivery.htm
https://www.usps.com/assets/images/campaigns/apps/id/id-faceid.svg,Ilustration of a face.,Ilustration of a face. [1],GOOD,,,(missing) [1],,(missing) [1],,(missing) [1],,,true,171,170,1,1,http://usps.com/apps/informed-delivery.htm
https://www.usps.com/assets/images/campaigns/apps/id/id-fingerprint.svg,Single finger print.,Single finger print. [1],GOOD,,,(missing) [1],,(missing) [1],,(missing) [1],,,true,177,182,1,1,http://usps.com/apps/informed-delivery.htm
https://www.usps.com/assets/images/campaigns/apps/id/id-manage-incoming.png,Phone displaying notification from Informed Delivery app showing incoming mail.,Phone displaying notification from Informed Delivery app showing incoming mail. [1],GOOD,,,(missing) [1],,(missing) [1],,(missing) [1],,,true,305,388,1,1,http://usps.com/apps/informed-delivery.htm
https://www.usps.com/assets/images/campaigns/apps/id/id-stayknow.png,Phone displaying notification from Informed Delivery app.,Phone displaying notification from Informed Delivery app. [1],GOOD,,,(missing) [1],,(missing) [1],,(missing) [1],,,true,481,528,1,1,http://usps.com/apps/informed-delivery.htm
https://www.usps.com/assets/images/campaigns/apps/id/id-track-packages.png,Phone displaying notification from Informed Delivery app showing packages being tracked.,Phone displaying notification from Informed Delivery app showing packages being tracked. [1],GOOD,,,(missing) [1],,(missing) [1],,(missing) [1],,,true,305,388,1,1,http://usps.com/apps/informed-delivery.htm
https://www.usps.com/assets/images/campaigns/apps/rapid-drop/from-home.png,A mailing box and a smart phone showing the USPS® Rapid Drop App.,A mailing box and a smart phone showing the USPS® Rapid Drop App. [1],GOOD,,,(missing) [1],,(missing) [1],,(missing) [1],,,true,1434,882,1,1,http://usps.com/apps/rapid-drop.htm
https://www.usps.com/assets/images/campaigns/apps/rapid-drop/id-map-mobile.png,A smartphone showing the USPS Rapid Drop application with a map of the United States behind it.,A smartphone showing the USPS Rapid Drop application with a map of the United States behind it. [1],GOOD,,,(missing) [1],,(missing) [1],,(missing) [1],,,false,1026,1047,1,1,http://usps.com/apps/rapid-drop.htm
https://www.usps.com/assets/images/campaigns/apps/rapid-drop/id-map.png,A smartphone showing the USPS Rapid Drop application with a map of the United States behind it.,A smartphone showing the USPS Rapid Drop application with a map of the United States behind it. [1],GOOD,,,(missing) [1],,(missing) [1],,(missing) [1],,,true,2958,1776,1,1,http://usps.com/apps/rapid-drop.htm
https://www.usps.com/assets/images/campaigns/apps/rapid-drop/rapid-drop.png,A smartphone displaying the USPS® Rapid Drop App with Priority Mail boxes behind it.,A smartphone displaying the USPS® Rapid Drop App with Priority Mail boxes behind it. [1],GOOD,,,(missing) [1],,(missing) [1],,(missing) [1],,,true,2055,1476,1,1,http://usps.com/apps/rapid-drop.htm
https://www.usps.com/assets/images/campaigns/apps/rapid-drop/to-post-office.png,A mailing box and a smart phone showing the USPS® Rapid Drop App,A mailing box and a smart phone showing the USPS® Rapid Drop App [1],GOOD,,,(missing) [1],,(missing) [1],,(missing) [1],,,true,1434,882,1,1,http://usps.com/apps/rapid-drop.htm
https://www.usps.com/assets/images/campaigns/connect/connect-local.jpg,Package being prepared to ship with a sticker on it. saying 'USPS Connect Local. Thank you for supporting local businesses.',Package being prepared to ship with a sticker on it. saying 'USPS Connect Local. Thank you for supporting local businesses.' [1],GOOD,,,(missing) [1],,(missing) [1],,(missing) [1],,,true,540,324,1,1,http://usps.com/smallbusiness
https://www.usps.com/assets/images/campaigns/next-generation-mailbox/logo-homedepot.jpg,Image Home Depot Logo.,Image Home Depot Logo. [1],GOOD,,,(missing) [1],,(missing) [1],,(missing) [1],,,true,550,250,1,1,http://usps.com/packagemailbox
https://www.usps.com/assets/images/campaigns/next-generation-mailbox/logo-lowes.jpg,Lowe's logo,Lowe's logo [1],GOOD,,,(missing) [1],,(missing) [1],,(missing) [1],,,true,550,250,1,1,http://usps.com/packagemailbox
https://www.usps.com/assets/images/campaigns/next-generation-mailbox/logo-truevalue.jpg,True Value logo,True Value logo [1],GOOD,,,(missing) [1],,(missing) [1],,(missing) [1],,,true,550,250,1,1,http://usps.com/packagemailbox
https://www.usps.com/assets/images/campaigns/next-generation-mailbox/logo-walmart.jpg,Walmart logo,Walmart logo [1],GOOD,,,(missing) [1],,(missing) [1],,(missing) [1],,,true,550,250,1,1,http://usps.com/packagemailbox
https://www.usps.com/assets/images/campaigns/next-generation-mailbox/ngm-compare-1000x200.jpg,A package mailbox side-by-side with a traditional mailbox.,A package mailbox side-by-side with a traditional mailbox. [1],GOOD,,,(missing) [1],,(missing) [1],,(missing) [1],,,true,991,225,1,1,http://usps.com/packagemailbox
https://www.usps.com/assets/images/campaigns/next-generation-mailbox/ngm-compare-554x442.jpg,A package mailbox side-by-side with a traditional mailbox.,A package mailbox side-by-side with a traditional mailbox. [1],GOOD,,,(missing) [1],,(missing) [1],,(missing) [1],,,true,554,442,1,1,http://usps.com/packagemailbox
https://www.usps.com/assets/images/campaigns/next-generation-mailbox/ngm-hero-mobile.jpg,Packages placed in a package mailbox.,Packages placed in a package mailbox. [1],GOOD,,,(missing) [1],,(missing) [1],,(missing) [1],,,true,991,225,1,1,http://usps.com/packagemailbox
https://www.usps.com/assets/images/campaigns/next-generation-mailbox/ngm-hero.png,Packages placed in a package mailbox.,Packages placed in a package mailbox. [1],GOOD,,,(missing) [1],,(missing) [1],,(missing) [1],,,true,783,350,1,1,http://usps.com/packagemailbox
https://www.usps.com/assets/images/campaigns/next-generation-mailbox/ngm-sizing-554x442.png,Package mailbox with measurements along the bottom and sides.,Package mailbox with measurements along the bottom and sides. [1],GOOD,,,(missing) [1],,(missing) [1],,(missing) [1],,,true,554,442,1,1,http://usps.com/packagemailbox
https://www.usps.com/assets/images/campaigns/next-generation-mailbox/ngm-sizing-991x299.jpg,"package mailbox showing proper dimensions of 3.63 inches wide by 7.75 inches tall on sides, 12 inches tall at center by 16.5 inches deep.","package mailbox showing proper dimensions of 3.63 inches wide by 7.75 inches tall on sides, 12 inches tall at center by 16.5 inches deep. [1]",GOOD,,,(missing) [1],,(missing) [1],,(missing) [1],,,true,991,299,1,1,http://usps.com/packagemailbox
https://www.usps.com/assets/images/campaigns/postmark/hero-taxes-mail-m.jpg,2025 1040 tax return form in the foreground with a man filling out paperwork in the background.,2025 1040 tax return form in the foreground with a man filling out paperwork in the background. [1],GOOD,,,(missing) [1],,(missing) [1],,(missing) [1],,,true,990,225,1,1,http://usps.com/taxes/welcome.htm
https://www.usps.com/assets/images/campaigns/postmark/hero-taxes-mail.jpg,2025 1040 tax return form in the foreground with a man filling out paperwork in the background.,2025 1040 tax return form in the foreground with a man filling out paperwork in the background. [1],GOOD,,,(missing) [1],,(missing) [1],,(missing) [1],,,true,1037,465,1,1,http://usps.com/taxes/welcome.htm
https://www.usps.com/assets/images/campaigns/postmark/postmark-home.png,"A postmark stamp that shows a cancellation date of January 13, 2026, in New York, NY.","A postmark stamp that shows a cancellation date of January 13, 2026, in New York, NY. [1]",GOOD,,,(missing) [1],,(missing) [1],,(missing) [1],,,true,113,113,1,1,http://usps.com/
https://www.usps.com/assets/images/campaigns/postmark/postmark-logo.png,"A postmark stamp that shows a cancellation date of January 13, 2025, in New York, NY.","A postmark stamp that shows a cancellation date of January 13, 2025, in New York, NY. [1]",GOOD,,,(missing) [1],,(missing) [1],,(missing) [1],,,true,920,332,1,1,http://usps.com/ship/apo-fpo-dpo.htm
https://www.usps.com/assets/images/campaigns/smallbusiness/Small-Business-Card-FlatRate.jpg,Priority Mail box being mailed.,Priority Mail box being mailed. [1],GOOD,,,(missing) [1],,(missing) [1],,(missing) [1],,,true,550,250,1,1,http://usps.com/smallbusiness
https://www.usps.com/assets/images/campaigns/smallbusiness/Small-Business-Card-PrintaLabel.jpg,Person typing on their laptop.,Person typing on their laptop. [1],GOOD,,,(missing) [1],,(missing) [1],,(missing) [1],,,true,550,250,1,1,http://usps.com/smallbusiness
https://www.usps.com/assets/images/campaigns/smallbusiness/Small-Business-Card-ScheduleAPickup.jpg,Stacked mailable boxes awaiting pickup.,Stacked mailable boxes awaiting pickup. [1],GOOD,,,(missing) [1],,(missing) [1],,(missing) [1],,,true,550,250,1,1,http://usps.com/smallbusiness
https://www.usps.com/assets/images/campaigns/smallbusiness/smallbiz-desktop.jpg,Small business owner preparing to ship Priority Mail packages.,Small business owner preparing to ship Priority Mail packages. [1],GOOD,,,(missing) [1],,(missing) [1],,(missing) [1],,,true,606,292,1,1,http://usps.com/smallbusiness
https://www.usps.com/assets/images/campaigns/smallbusiness/smallbiz-mobile.jpg,Small business owner preparing to ship Priority Mail packages.,Small business owner preparing to ship Priority Mail packages. [1],GOOD,,,(missing) [1],,(missing) [1],,(missing) [1],,,true,640,160,1,1,http://usps.com/smallbusiness
https://www.usps.com/assets/images/help/dom-refunds-hero.jpg,Customer viewing USPS service refunds online app on a tablet.,Customer viewing USPS service refunds online app on a tablet. [1],GOOD,,,(missing) [1],,(missing) [1],,(missing) [1],,,true,783,350,1,1,http://usps.com/help/refunds.htm
https://www.usps.com/assets/images/help/dom-refunds-mobile.jpg,Customer viewing USPS service refunds online app on a tablet.,Customer viewing USPS service refunds online app on a tablet. [1],GOOD,,,(missing) [1],,(missing) [1],,(missing) [1],,,true,991,225,1,1,http://usps.com/help/refunds.htm
https://www.usps.com/assets/images/help/file-a-claim-hero-desktop.jpg,Person using a laptop to file a domestic claim online.,Person using a laptop to file a domestic claim online. [1],GOOD,,,(missing) [1],,(missing) [1],,(missing) [1],,,true,783,389,1,1,http://usps.com/help/claims.htm
https://www.usps.com/assets/images/help/file-a-claim-hero-mobile.jpg,Person using a laptop to file a domestic claim online.,Person using a laptop to file a domestic claim online. [1],GOOD,,,(missing) [1],,(missing) [1],,(missing) [1],,,true,991,225,1,1,http://usps.com/help/claims.htm
https://www.usps.com/assets/images/help/file-a-claim-international-hero-desktop.jpg,Person using a laptop to file an international claim online.,Person using a laptop to file an international claim online. [1],GOOD,,,(missing) [1],,(missing) [1],,(missing) [1],,,true,783,397,1,1,http://usps.com/help/international-claims.htm
https://www.usps.com/assets/images/help/file-a-claim-international-hero-mobile.jpg,Person using a laptop to file an international claim online.,Person using a laptop to file an international claim online. [1],GOOD,,,(missing) [1],,(missing) [1],,(missing) [1],,,true,991,225,1,1,http://usps.com/help/international-claims.htm
https://www.usps.com/assets/images/help/hero-contact-us-mobile.jpg,A man sitting at a computer looking at the computer screen.,A man sitting at a computer looking at the computer screen. [1],GOOD,,,(missing) [1],,(missing) [1],,(missing) [1],,,true,991,225,1,1,http://usps.com/help/contact-us.htm
https://www.usps.com/assets/images/help/hero-contact-us.jpg,A man sitting at a computer looking at the computer screen.,A man sitting at a computer looking at the computer screen. [1],GOOD,,,(missing) [1],,(missing) [1],,(missing) [1],,,true,783,350,1,1,http://usps.com/help/contact-us.htm
https://www.usps.com/assets/images/help/int-refunds-hero.jpg,Man using a laptop.,Man using a laptop. [1],GOOD,,,(missing) [1],,(missing) [1],,(missing) [1],,,true,783,435,1,1,http://usps.com/help/international-refunds.htm
https://www.usps.com/assets/images/help/int-refunds-mobile.jpg,Man using a laptop.,Man using a laptop. [1],GOOD,,,(missing) [1],,(missing) [1],,(missing) [1],,,true,991,225,1,1,http://usps.com/help/international-refunds.htm
https://www.usps.com/assets/images/help/missing-mail-hero-mobile.jpg,A magnifying glass on a wooden floor.,A magnifying glass on a wooden floor. [1],GOOD,,,(missing) [1],,(missing) [1],,(missing) [1],,,true,991,225,1,1,http://usps.com/help/missing-mail.htm
https://www.usps.com/assets/images/help/missing-mail-hero.jpg,A magnifying glass on a wooden floor.,A magnifying glass on a wooden floor. [1],GOOD,,,(missing) [1],,(missing) [1],,(missing) [1],,,true,783,350,1,1,http://usps.com/help/missing-mail.htm
https://www.usps.com/assets/images/international/ddp-hero-m.jpg,Customer with shipping boxes around them holding an item from an open shipping box nearby.,Customer with shipping boxes around them holding an item from an open shipping box nearby. [1],GOOD,,,(missing) [1],,(missing) [1],,(missing) [1],,,true,990,225,1,1,http://usps.com/international/prepaid-import-duties.htm
https://www.usps.com/assets/images/international/ddp-hero.jpg,Customer with shipping boxes around them holding an item from an open shipping box nearby.,Customer with shipping boxes around them holding an item from an open shipping box nearby. [1],GOOD,,,(missing) [1],,(missing) [1],,(missing) [1],,,true,926,507,1,1,http://usps.com/international/prepaid-import-duties.htm
https://www.usps.com/assets/images/international/digital-passport-m.jpg,"A desk containing a U.S. passport, 2 passport photos, and a digital version of the passport photo on a phone.","A desk containing a U.S. passport, 2 passport photos, and a digital version of the passport photo on a phone. [1]",GOOD,,,(missing) [1],,(missing) [1],,(missing) [1],,,true,990,225,1,1,http://usps.com/international/passports.htm
https://www.usps.com/assets/images/international/digital-passport.jpg,"A desk containing a U.S. passport, 2 passport photos, and a digital version of the passport photo on a phone.","A desk containing a U.S. passport, 2 passport photos, and a digital version of the passport photo on a phone. [1]",GOOD,,,(missing) [1],,(missing) [1],,(missing) [1],,,true,878,430,1,1,http://usps.com/international/passports.htm
https://www.usps.com/assets/images/international/hero-image-international-insurance-mobile.jpg,Person packing a box to ship internationally.,Person packing a box to ship internationally. [1],GOOD,,,(missing) [1],,(missing) [1],,(missing) [1],,,true,991,225,1,1,http://usps.com/international/insurance-extra-services.htm
https://www.usps.com/assets/images/international/hero-image-international-insurance.jpg,Person packing a box to ship internationally .,Person packing a box to ship internationally . [1],GOOD,,,(missing) [1],,(missing) [1],,(missing) [1],,,true,783,350,1,1,http://usps.com/international/insurance-extra-services.htm
https://www.usps.com/assets/images/international/hero-image-print-and-ship-international-mobile.jpg,A view of various colorful homes on a canal.,A view of various colorful homes on a canal. [1],GOOD,,,(missing) [1],,(missing) [1],,(missing) [1],,,true,763,195,1,1,http://usps.com/international/international-how-to.htm
https://www.usps.com/assets/images/international/hero-image-print-and-ship-international.jpg,A view of various colorful homes on a canal.,A view of various colorful homes on a canal. [1],GOOD,,,(missing) [1],,(missing) [1],,(missing) [1],,,true,783,390,1,1,http://usps.com/international/international-how-to.htm
https://www.usps.com/assets/images/international/int-first-class-package-mobile.jpg,Brown boxes with First Class Package International Service shipping labels.,Brown boxes with First Class Package International Service shipping labels. [1],GOOD,,,(missing) [1],,(missing) [1],,(missing) [1],,,true,413,127,1,1,http://usps.com/international/first-class-package-international-service.htm
https://www.usps.com/assets/images/international/int-first-class-package.jpg,Brown boxes with First Class Package International Service shipping labels.,Brown boxes with First Class Package International Service shipping labels. [1],GOOD,,,(missing) [1],,(missing) [1],,(missing) [1],,,true,746,350,1,1,http://usps.com/international/first-class-package-international-service.htm
https://www.usps.com/assets/images/international/int-letter-mobile.jpg,Person preparing to send a letter using First-Class Mail International service.,Person preparing to send a letter using First-Class Mail International service. [1],GOOD,,,(missing) [1],,(missing) [1],,(missing) [1],,,true,354,88,1,1,http://usps.com/international/letters.htm
https://www.usps.com/assets/images/international/int-letter.jpg,Person preparing to send a letter using First-Class Mail International service.,Person preparing to send a letter using First-Class Mail International service. [1],GOOD,,,(missing) [1],,(missing) [1],,(missing) [1],,,true,783,356,1,1,http://usps.com/international/letters.htm
https://www.usps.com/assets/images/international/int-package-mobile.jpg,Person preparing to send a package using First-Class Package International service.,Person preparing to send a package using First-Class Package International service. [1],GOOD,,,(missing) [1],,(missing) [1],,(missing) [1],,,true,355,90,1,1,http://usps.com/international/preparing-international-shipments.htm
https://www.usps.com/assets/images/international/int-package.jpg,Person preparing to send a package using First-Class Package International service.,Person preparing to send a package using First-Class Package International service. [1],GOOD,,,(missing) [1],,(missing) [1],,(missing) [1],,,true,784,447,1,1,http://usps.com/international/preparing-international-shipments.htm
https://www.usps.com/assets/images/international/int-ship-restrictions-mobile.jpg,Alcohol and tobacco products in a packing box and crossed out to indicate that they cannot be shipped.,Alcohol and tobacco products in a packing box and crossed out to indicate that they cannot be shipped. [1],GOOD,,,(missing) [1],,(missing) [1],,(missing) [1],,,true,991,225,1,1,http://usps.com/international/shipping-restrictions.htm
https://www.usps.com/assets/images/international/int-ship-restrictions.jpg,Alcohol and tobacco products in a packing box and crossed out to indicate that they cannot be shipped.,Alcohol and tobacco products in a packing box and crossed out to indicate that they cannot be shipped. [1],GOOD,,,(missing) [1],,(missing) [1],,(missing) [1],,,true,783,350,1,1,http://usps.com/international/shipping-restrictions.htm
https://www.usps.com/assets/images/international/international-money-order-hero-desktop.png,Sample international money order.,Sample international money order. [1],GOOD,,,(missing) [1],,(missing) [1],,(missing) [1],,,true,783,350,1,1,http://usps.com/international/money-transfers.htm
https://www.usps.com/assets/images/international/international-money-order-hero-mobile.jpg,Sample international money order.,Sample international money order. [1],GOOD,,,(missing) [1],,(missing) [1],,(missing) [1],,,true,991,225,1,1,http://usps.com/international/money-transfers.htm
https://www.usps.com/assets/images/international/send-international-mail-step01.jpg,"Step 1: Ask, 'Can I send this?'","Step 1: Ask, 'Can I send this?' [1]",GOOD,,,(missing) [1],,(missing) [1],,(missing) [1],,,true,432,242,1,1,http://usps.com/international/letters.htm
https://www.usps.com/assets/images/international/send-international-mail-step02.jpg,Step 2: Choose your envelope or postcard.,Step 2: Choose your envelope or postcard. [1],GOOD,,,(missing) [1],,(missing) [1],,(missing) [1],,,true,432,242,1,1,http://usps.com/international/letters.htm
https://www.usps.com/assets/images/international/send-international-mail-step03.jpg,"Step 3: Address your mail: Write the return address in the top left corner, and put USA on the bottom line. In the center, write the delivery address, with the destination country on the bottom line. Also write AIR MAIL / PAR AVION in an available space.","Step 3: Address your mail: Write the return address in the top left corner, and put USA on the bottom line. In the center, write the delivery address, with the destination country on the bottom line. Also write AIR MAIL / PAR AVION in an available space. [1]",GOOD,,,(missing) [1],,(missing) [1],,(missing) [1],,,true,432,242,1,1,http://usps.com/international/letters.htm
https://www.usps.com/assets/images/international/send-international-mail-step04.jpg,"Step 4: Calculate and apply postage, putting a Global Forever stamp on the same side as the address: top right for envelopes, and in the provided space on postcards.","Step 4: Calculate and apply postage, putting a Global Forever stamp on the same side as the address: top right for envelopes, and in the provided space on postcards. [1]",GOOD,,,(missing) [1],,(missing) [1],,(missing) [1],,,true,432,242,1,1,http://usps.com/international/letters.htm
https://www.usps.com/assets/images/international/send-international-mail-step05.jpg,"Step 5: Send your mail by putting it in your mailbox, Blue Box, or Post Office.","Step 5: Send your mail by putting it in your mailbox, Blue Box, or Post Office. [1]",GOOD,,,(missing) [1],,(missing) [1],,(missing) [1],,,true,432,242,1,1,http://usps.com/international/letters.htm
https://www.usps.com/assets/images/manage/hero-image-deceased-mobile.jpg,A white lily on a table.,A white lily on a table. [1],GOOD,,,(missing) [1],,(missing) [1],,(missing) [1],,,true,991,225,1,1,http://usps.com/manage/mail-for-deceased.htm
https://www.usps.com/assets/images/manage/hero-image-deceased.jpg,A white lily on a table.,A white lily on a table. [1],GOOD,,,(missing) [1],,(missing) [1],,(missing) [1],,,true,783,350,1,1,http://usps.com/manage/mail-for-deceased.htm
https://www.usps.com/assets/images/manage/hero-image-mailbox-guidelines-mobile.jpg,A standard curbside mailbox on a tree-lined street.,A standard curbside mailbox on a tree-lined street. [1],GOOD,,,(missing) [1],,(missing) [1],,(missing) [1],,,true,991,225,1,1,http://usps.com/manage/mailboxes.htm
https://www.usps.com/assets/images/manage/hero-image-mailbox-guidelines.jpg,A standard curbside mailbox on a tree-lined street.,A standard curbside mailbox on a tree-lined street. [1],GOOD,,,(missing) [1],,(missing) [1],,(missing) [1],,,true,783,350,1,1,http://usps.com/manage/mailboxes.htm
https://www.usps.com/assets/images/manage/hero-image-manage-forward-mail-mobile.jpg,Person holding stack of forwarded USPS mail.,Person holding stack of forwarded USPS mail. [1],GOOD,,,(missing) [1],,(missing) [1],,(missing) [1],,,true,991,225,1,1,http://usps.com/manage/forward.htm
https://www.usps.com/assets/images/manage/hero-image-manage-forward-mail.jpg,Person holding stack of forwarded USPS mail.,Person holding stack of forwarded USPS mail. [1],GOOD,,,(missing) [1],,(missing) [1],,(missing) [1],,,true,783,350,1,1,http://usps.com/manage/forward.htm
https://www.usps.com/assets/images/manage/hero-image-movers-biz-mobile.jpg,Business owner holding a custom designed postcard to announce a move to a new location.”,Business owner holding a custom designed postcard to announce a move to a new location.” [1],GOOD,,,(missing) [1],,(missing) [1],,(missing) [1],,,true,991,225,1,1,http://usps.com/manage/move-campaign.htm
https://www.usps.com/assets/images/manage/hero-image-movers-biz.jpg,Business owner holding a custom designed postcard to announce a move to a new location.”,Business owner holding a custom designed postcard to announce a move to a new location.” [1],GOOD,,,(missing) [1],,(missing) [1],,(missing) [1],,,true,783,350,1,1,http://usps.com/manage/move-campaign.htm
https://www.usps.com/assets/images/manage/hero-image-movers-consumer-mobile.jpg,A custom photo postcard with a family announcing they just moved to a new home.,A custom photo postcard with a family announcing they just moved to a new home. [1],GOOD,,,(missing) [1],,(missing) [1],,(missing) [1],,,true,991,225,1,1,http://usps.com/manage/move-campaign.htm
https://www.usps.com/assets/images/manage/hero-image-movers-consumer.jpg,A custom photo postcard with a family announcing they just moved to a new home.,A custom photo postcard with a family announcing they just moved to a new home. [1],GOOD,,,(missing) [1],,(missing) [1],,(missing) [1],,,true,783,350,1,1,http://usps.com/manage/move-campaign.htm
https://www.usps.com/assets/images/manage/hero-image-redirecting-package-mobile.jpg,USPS package on a conveyor belt.,USPS package on a conveyor belt. [1],GOOD,,,(missing) [1],,(missing) [1],,(missing) [1],,,true,991,225,1,1,http://usps.com/manage/package-intercept.htm
https://www.usps.com/assets/images/manage/hero-image-redirecting-package.jpg,USPS package on a conveyor belt.,USPS package on a conveyor belt. [1],GOOD,,,(missing) [1],,(missing) [1],,(missing) [1],,,true,783,350,1,1,http://usps.com/manage/package-intercept.htm
https://www.usps.com/assets/images/manage/hero-image-track-and-manage-mobile.jpg,Person retrieving mail from package mailbox.,Person retrieving mail from package mailbox. [1],GOOD,,,(missing) [1],,(missing) [1],,(missing) [1],,,true,991,225,1,1,http://usps.com/manage
https://www.usps.com/assets/images/manage/hero-image-track-and-manage.jpg,Person retrieving mail from package mailbox.,Person retrieving mail from package mailbox. [1],GOOD,,,(missing) [1],,(missing) [1],,(missing) [1],,,true,783,350,1,1,http://usps.com/manage
https://www.usps.com/assets/images/manage/hero-premium-forwarding-services-mobile.jpg,A woman looking at letters that were in a weekly shipment of mail.,A woman looking at letters that were in a weekly shipment of mail. [1],GOOD,,,(missing) [1],,(missing) [1],,(missing) [1],,,true,991,225,1,1,http://usps.com/manage/forward-premium.htm
https://www.usps.com/assets/images/manage/hero-premium-forwarding-services.jpg,A woman looking at letters that were in a weekly shipment of mail.,A woman looking at letters that were in a weekly shipment of mail. [1],GOOD,,,(missing) [1],,(missing) [1],,(missing) [1],,,true,783,350,1,1,http://usps.com/manage/forward-premium.htm
https://www.usps.com/assets/images/manage/po-boxes/Accessibility_Landing.svg,Icon of 24 inside of a circular arrow.,Icon of 24 inside of a circular arrow. [1],GOOD,,,(missing) [1],,(missing) [1],,(missing) [1],,,true,150,150,1,1,http://usps.com/manage/po-boxes.htm
https://www.usps.com/assets/images/manage/po-boxes/benefits.jpg,Person retrieving Priority Mail packages from an Extra Large PO Box.,Person retrieving Priority Mail packages from an Extra Large PO Box. [1],GOOD,,,(missing) [1],,(missing) [1],,(missing) [1],,,true,976,509,1,1,http://usps.com/manage/po-boxes.htm
https://www.usps.com/assets/images/manage/po-boxes/hero_po-box.jpg,A person retrieving an item from a PO box.,A person retrieving an item from a PO box. [1],GOOD,,,(missing) [1],,(missing) [1],,(missing) [1],,,true,944,506,1,1,http://usps.com/manage/po-boxes.htm
https://www.usps.com/assets/images/manage/po-boxes/l_empty_expanded.jpg,"Large PO Box, Size 4, seen open and empty.","Large PO Box, Size 4, seen open and empty. [1]",GOOD,,,(missing) [1],,(missing) [1],,(missing) [1],,,true,320,220,1,1,http://usps.com/manage/po-boxes.htm
https://www.usps.com/assets/images/manage/po-boxes/l_staged_landing.jpg,"Large PO Box, Size 4","Large PO Box, Size 4 [1]",GOOD,,,(missing) [1],,(missing) [1],,(missing) [1],,,true,200,137,1,1,http://usps.com/manage/po-boxes.htm
https://www.usps.com/assets/images/manage/po-boxes/m_empty_expanded.jpg,"Medium PO Box, Size 3, seen open and empty.","Medium PO Box, Size 3, seen open and empty. [1]",GOOD,,,(missing) [1],,(missing) [1],,(missing) [1],,,true,320,220,1,1,http://usps.com/manage/po-boxes.htm
https://www.usps.com/assets/images/manage/po-boxes/m_staged_landing.jpg,"Medium PO Box, Size 3","Medium PO Box, Size 3 [1]",GOOD,,,(missing) [1],,(missing) [1],,(missing) [1],,,true,200,137,1,1,http://usps.com/manage/po-boxes.htm
https://www.usps.com/assets/images/manage/po-boxes/m-hero_po-box.jpg,A person retrieving an item from a PO box.,A person retrieving an item from a PO box. [1],GOOD,,,(missing) [1],,(missing) [1],,(missing) [1],,,true,990,225,1,1,http://usps.com/manage/po-boxes.htm
https://www.usps.com/assets/images/manage/po-boxes/po-box-diagram-size1.jpg,"Extra Small PO Box, Size 1, diagram: 3\","Extra Small PO Box, Size 1, diagram: 3\ [1]",GOOD,,,(missing) [1],,(missing) [1],,(missing) [1],,,true,320,222,1,1,http://usps.com/manage/po-boxes.htm
https://www.usps.com/assets/images/manage/po-boxes/po-box-diagram-size2.jpg,"Small PO Box, Size 2, diagram: 5\","Small PO Box, Size 2, diagram: 5\ [1]",GOOD,,,(missing) [1],,(missing) [1],,(missing) [1],,,true,320,220,1,1,http://usps.com/manage/po-boxes.htm
https://www.usps.com/assets/images/manage/po-boxes/po-box-diagram-size3.jpg,"Medium PO Box, Size 3, diagram: 5.5\","Medium PO Box, Size 3, diagram: 5.5\ [1]",GOOD,,,(missing) [1],,(missing) [1],,(missing) [1],,,true,320,220,1,1,http://usps.com/manage/po-boxes.htm
https://www.usps.com/assets/images/manage/po-boxes/po-box-diagram-size4.jpg,"Large PO Box, Size 4, diagram: 11\","Large PO Box, Size 4, diagram: 11\ [1]",GOOD,,,(missing) [1],,(missing) [1],,(missing) [1],,,true,321,220,1,1,http://usps.com/manage/po-boxes.htm
https://www.usps.com/assets/images/manage/po-boxes/po-box-diagram-size5.jpg,"Extra Large PO Box, Size 5, diagram: 12\","Extra Large PO Box, Size 5, diagram: 12\ [1]",GOOD,,,(missing) [1],,(missing) [1],,(missing) [1],,,true,320,220,1,1,http://usps.com/manage/po-boxes.htm
https://www.usps.com/assets/images/manage/po-boxes/Privacy_Landing.svg,Icon of an eye.,Icon of an eye. [1],GOOD,,,(missing) [1],,(missing) [1],,(missing) [1],,,true,229,150,1,1,http://usps.com/manage/po-boxes.htm
https://www.usps.com/assets/images/manage/po-boxes/s_empty_expanded.jpg,"Small PO Box, Size 2, seen open and empty.","Small PO Box, Size 2, seen open and empty. [1]",GOOD,,,(missing) [1],,(missing) [1],,(missing) [1],,,true,320,219,1,1,http://usps.com/manage/po-boxes.htm
https://www.usps.com/assets/images/manage/po-boxes/s_staged_landing.jpg,"Small PO Box, Size 2","Small PO Box, Size 2 [1]",GOOD,,,(missing) [1],,(missing) [1],,(missing) [1],,,true,200,137,1,1,http://usps.com/manage/po-boxes.htm
https://www.usps.com/assets/images/manage/po-boxes/security.svg,Icon of a locked padlock.,Icon of a locked padlock. [1],GOOD,,,(missing) [1],,(missing) [1],,(missing) [1],,,true,36,48,1,1,http://usps.com/manage/po-boxes.htm
https://www.usps.com/assets/images/manage/po-boxes/size-option.jpg,Priority Mail boxes inside a PO box.,Priority Mail boxes inside a PO box. [1],GOOD,,,(missing) [1],,(missing) [1],,(missing) [1],,,true,1039,497,1,1,http://usps.com/manage/po-boxes.htm
https://www.usps.com/assets/images/manage/po-boxes/xl_empty_expanded.jpg,"Extra Large PO Box, Size 5, seen open and empty.","Extra Large PO Box, Size 5, seen open and empty. [1]",GOOD,,,(missing) [1],,(missing) [1],,(missing) [1],,,true,320,220,1,1,http://usps.com/manage/po-boxes.htm
https://www.usps.com/assets/images/manage/po-boxes/xl_staged_landing.jpg,"Extra large PO Box, Size 5","Extra large PO Box, Size 5 [1]",GOOD,,,(missing) [1],,(missing) [1],,(missing) [1],,,true,200,137,1,1,http://usps.com/manage/po-boxes.htm
https://www.usps.com/assets/images/manage/po-boxes/xs_empty_expanded.jpg,"Extra Small PO Box, Size 1, seen open and empty.","Extra Small PO Box, Size 1, seen open and empty. [1]",GOOD,,,(missing) [1],,(missing) [1],,(missing) [1],,,true,320,219,1,1,http://usps.com/manage/po-boxes.htm
https://www.usps.com/assets/images/manage/po-boxes/xs_staged_landing.jpg,"Extra small PO Box, Size 1","Extra small PO Box, Size 1 [1]",GOOD,,,(missing) [1],,(missing) [1],,(missing) [1],,,true,200,137,1,1,http://usps.com/manage/po-boxes.htm
https://www.usps.com/assets/images/manage/woman-phone-track-and-manage.jpg,A woman on her smartphone smiling.,A woman on her smartphone smiling. [1],GOOD,,,(missing) [1],,(missing) [1],,(missing) [1],,,true,1000,200,1,1,http://usps.com/manage
https://www.usps.com/assets/images/ship/ground-adv/ground-adv-shipping.png,Business person shipping with USPS Ground Advantage.,Business person shipping with USPS Ground Advantage. [1],GOOD,,,(missing) [1],,(missing) [1],,(missing) [1],,,true,371,252,1,1,http://usps.com/business/ground-advantage.htm
https://www.usps.com/assets/images/ship/ground-adv/ground-adv-warehouse.png,Person pushing a cart full with USPS Ground Advantage shipping boxes on it.,Person pushing a cart full with USPS Ground Advantage shipping boxes on it. [1],GOOD,,,(missing) [1],,(missing) [1],,(missing) [1],,,true,356,426,1,1,http://usps.com/business/ground-advantage.htm
https://www.usps.com/assets/images/ship/ground-adv/mail-carrier-unloading-truck.jpg,USPS mail truck with mail person outside of it delivering packages.,USPS mail truck with mail person outside of it delivering packages. [1],GOOD,,,(missing) [1],,(missing) [1],,(missing) [1],,,true,645,375,1,1,http://usps.com/business/ground-advantage.htm
https://www.usps.com/assets/images/ship/ground-adv/shipping-for-biz.jpg,A pile of USPS Ground Advantage packages ready to be shipped.,A pile of USPS Ground Advantage packages ready to be shipped. [1],GOOD,,,(missing) [1],,(missing) [1],,(missing) [1],,,true,486,249,1,1,http://usps.com/ship/ground-advantage.htm
https://www.usps.com/assets/images/ship/ground-adv/take-adv.png,"A person on a tablet with blurbs highlighting the advantages of USPS Ground Advantage around them. Savings Potential. No Fuel, Delivery or Residential Surchages. Secure Your Budget. Business Rate Card. Negotiated Service Agreement. Savings Alert.","A person on a tablet with blurbs highlighting the advantages of USPS Ground Advantage around them. Savings Potential. No Fuel, Delivery or Residential Surchages. Secure Your Budget. Business Rate Card. Negotiated Service Agreement. Savings Alert. [1]",GOOD,,,(missing) [1],,(missing) [1],,(missing) [1],,,false,320,376,1,1,http://usps.com/business/ground-advantage.htm
https://www.usps.com/assets/images/ship/ground-adv/usps-truck.png,A truck and trailer with the USPS logo on the trailer.,A truck and trailer with the USPS logo on the trailer. [1],GOOD,,,(missing) [1],,(missing) [1],,(missing) [1],,,true,339,354,1,1,http://usps.com/business/ground-advantage.htm
https://www.usps.com/assets/images/ship/international/fcmi-hero-image-generic.jpg,First-Class Mail International® envelope with an international address and the Global Forever® Chrysanthemum stamp.,First-Class Mail International® envelope with an international address and the Global Forever® Chrysanthemum stamp. [1],GOOD,,,(missing) [1],,(missing) [1],,(missing) [1],,,true,783,350,1,1,http://usps.com/international/first-class-mail-international.htm
https://www.usps.com/assets/images/ship/international/fcmi-hero-mobile-generic.jpg,First-Class Mail International® envelope with an international address and the Global Forever® Chrysanthemum stamp.,First-Class Mail International® envelope with an international address and the Global Forever® Chrysanthemum stamp. [1],GOOD,,,(missing) [1],,(missing) [1],,(missing) [1],,,true,991,225,1,1,http://usps.com/international/first-class-mail-international.htm
https://www.usps.com/assets/images/ship/international/hero_mssi-image-generic.jpg,Woman on a laptop preparing to send a Priority Mail Express International® box and a Priority Mail International® box.,Woman on a laptop preparing to send a Priority Mail Express International® box and a Priority Mail International® box. [1],GOOD,,,(missing) [1],,(missing) [1],,(missing) [1],,,true,810,362,1,1,http://usps.com/international/mail-shipping-services.htm
https://www.usps.com/assets/images/ship/international/hero_pmei-image-generic.jpg,Two Priority Mail Express International® boxes sitting on a table.,Two Priority Mail Express International® boxes sitting on a table. [1],GOOD,,,(missing) [1],,(missing) [1],,(missing) [1],,,true,1134,507,1,1,http://usps.com/international/priority-mail-express-international.htm
https://www.usps.com/assets/images/ship/international/hero_pmi-image-generic.jpg,Two Priority Mail International® boxes sitting on a table.,Two Priority Mail International® boxes sitting on a table. [1],GOOD,,,(missing) [1],,(missing) [1],,(missing) [1],,,true,863,385,1,1,http://usps.com/international/priority-mail-international.htm
https://www.usps.com/assets/images/ship/international/m-hero_mssi-image-generic.jpg,Woman on a laptop preparing to send a Priority Mail Express International® box and a Priority Mail International® box.,Woman on a laptop preparing to send a Priority Mail Express International® box and a Priority Mail International® box. [1],GOOD,,,(missing) [1],,(missing) [1],,(missing) [1],,,true,990,225,1,1,http://usps.com/international/mail-shipping-services.htm
https://www.usps.com/assets/images/ship/international/m-hero_pmei-image-generic.jpg,Two Priority Mail Express International® boxes sitting on a table.,Two Priority Mail Express International® boxes sitting on a table. [1],GOOD,,,(missing) [1],,(missing) [1],,(missing) [1],,,true,990,225,1,1,http://usps.com/international/priority-mail-express-international.htm
https://www.usps.com/assets/images/ship/international/m-hero_pmi-image-generic.jpg,Two Priority Mail International® boxes sitting on a table.,Two Priority Mail International® boxes sitting on a table. [1],GOOD,,,(missing) [1],,(missing) [1],,(missing) [1],,,true,990,225,1,1,http://usps.com/international/priority-mail-international.htm
https://www.usps.com/assets/images/ship/label-broker/usps-label-broker-id-qr-code-mobile.jpg,Person holding a smartphone showing a Label Broker ID (a QR Code) in front of a package.,Person holding a smartphone showing a Label Broker ID (a QR Code) in front of a package. [1],GOOD,,,(missing) [1],,(missing) [1],,(missing) [1],,,true,991,225,1,1,http://usps.com/ship/label-broker.htm
https://www.usps.com/assets/images/ship/label-broker/usps-label-broker-id-qr-code.jpg,Person holding a smartphone showing a Label Broker ID (a QR Code) in front of a package.,Person holding a smartphone showing a Label Broker ID (a QR Code) in front of a package. [1],GOOD,,,(missing) [1],,(missing) [1],,(missing) [1],,,true,685,375,1,1,http://usps.com/ship/label-broker.htm
https://www.usps.com/assets/images/ship/m-shipping-restrictions-hero.jpg,"Brown boxes marked with symbols for ammunition, mercury, and radioactive and flammable items, next to a red circle with a slash through it.","Brown boxes marked with symbols for ammunition, mercury, and radioactive and flammable items, next to a red circle with a slash through it. [1]",GOOD,,,(missing) [1],,(missing) [1],,(missing) [1],,,true,990,225,1,1,http://usps.com/ship/shipping-restrictions.htm
https://www.usps.com/assets/images/ship/mail-ship/amplifiedmail_logo.png,Amplified Mail Logo,Amplified Mail Logo [1],GOOD,,,(missing) [1],,(missing) [1],,(missing) [1],,,true,380,155,1,1,http://usps.com/manage/move-campaign.htm
https://www.usps.com/assets/images/ship/mail-ship/create-mail-stamps-hero.jpg,"collection of personalized photo invitations and postcards to announce a move, wedding, baby, and other special life event.","collection of personalized photo invitations and postcards to announce a move, wedding, baby, and other special life event. [1]",GOOD,,,(missing) [1],,(missing) [1],,(missing) [1],,,true,783,350,1,1,http://usps.com/ship/custom-mail.htm
https://www.usps.com/assets/images/ship/mail-ship/create-mail-stamps-mobile.jpg,"collection of personalized photo invitations and postcards to announce a move, wedding, baby, and other special life event.","collection of personalized photo invitations and postcards to announce a move, wedding, baby, and other special life event. [1]",GOOD,,,(missing) [1],,(missing) [1],,(missing) [1],,,true,991,225,1,1,http://usps.com/ship/custom-mail.htm
https://www.usps.com/assets/images/ship/mail-ship/fcm-hero-envelope-colors-mobile.jpg,"Assortment of colored envelopes with the Love, Waterfalls, and U.S. Flag First-Class Mail Forever stamps.","Assortment of colored envelopes with the Love, Waterfalls, and U.S. Flag First-Class Mail Forever stamps. [1]",GOOD,,,(missing) [1],,(missing) [1],,(missing) [1],,,true,990,225,1,1,http://usps.com/ship/first-class-mail.htm
https://www.usps.com/assets/images/ship/mail-ship/fcm-hero-envelope-colors.jpg,"Assortment of colored envelopes with the Love, Waterfalls, and U.S. Flag First-Class Mail Forever stamps.","Assortment of colored envelopes with the Love, Waterfalls, and U.S. Flag First-Class Mail Forever stamps. [1]",GOOD,,,(missing) [1],,(missing) [1],,(missing) [1],,,true,783,350,1,1,http://usps.com/ship/first-class-mail.htm
https://www.usps.com/assets/images/ship/mail-ship/hero_mss-hero-image-generic.jpg,Domestic mail and shipping service product boxes sitting on a table.,Domestic mail and shipping service product boxes sitting on a table. [1],GOOD,,,(missing) [1],,(missing) [1],,(missing) [1],,,true,727,325,1,1,http://usps.com/ship/mail-shipping-services.htm
https://www.usps.com/assets/images/ship/mail-ship/hero_pm-image-generic.jpg,Two Priority Mail<sup>®</sup> boxes sitting on a couch.,Two Priority Mail<sup>®</sup> boxes sitting on a couch. [1],GOOD,,,(missing) [1],,(missing) [1],,(missing) [1],,,true,863,385,1,1,http://usps.com/ship/priority-mail.htm
https://www.usps.com/assets/images/ship/mail-ship/hero-image-military-shipping.jpg,Man in military uniform holding an open package.,Man in military uniform holding an open package. [1],GOOD,,,(missing) [1],,(missing) [1],,(missing) [1],,,true,783,350,1,1,http://usps.com/ship/apo-fpo-dpo.htm
https://www.usps.com/assets/images/ship/mail-ship/hero-military-shipping-mobile.jpg,Man in military uniform holding an open package.,Man in military uniform holding an open package. [1],GOOD,,,(missing) [1],,(missing) [1],,(missing) [1],,,true,991,225,1,1,http://usps.com/ship/apo-fpo-dpo.htm
https://www.usps.com/assets/images/ship/mail-ship/m-hero_mss-image-generic.jpg,Domestic mail and shipping service product boxes sitting on a table.,Domestic mail and shipping service product boxes sitting on a table. [1],GOOD,,,(missing) [1],,(missing) [1],,(missing) [1],,,true,990,225,1,1,http://usps.com/ship/mail-shipping-services.htm
https://www.usps.com/assets/images/ship/mail-ship/m-hero_pm-image-generic.jpg,Two Priority Mail<sup>®</sup> boxes sitting on a couch.,Two Priority Mail<sup>®</sup> boxes sitting on a couch. [1],GOOD,,,(missing) [1],,(missing) [1],,(missing) [1],,,true,990,225,1,1,http://usps.com/ship/priority-mail.htm
https://www.usps.com/assets/images/ship/mail-ship/pme-hero-image-generic.jpg,Two Priority Mail Express® boxes sitting on a table.,Two Priority Mail Express® boxes sitting on a table. [1],GOOD,,,(missing) [1],,(missing) [1],,(missing) [1],,,true,863,385,1,1,http://usps.com/ship/priority-mail-express.htm
https://www.usps.com/assets/images/ship/mail-ship/pme-hero-mobile-generic.jpg,Two Priority Mail Express® boxes sitting on a table.,Two Priority Mail Express® boxes sitting on a table. [1],GOOD,,,(missing) [1],,(missing) [1],,(missing) [1],,,true,990,225,1,1,http://usps.com/ship/priority-mail-express.htm
https://www.usps.com/assets/images/ship/measuring-tips.jpg,"How to measure length and girth of a normal package, triangular tube, guitar case, round hat box, car tire, and cylinder. Length is the longest dimension; girth is measured around the item at its widest point, perpendicular to the length.","How to measure length and girth of a normal package, triangular tube, guitar case, round hat box, car tire, and cylinder. Length is the longest dimension; girth is measured around the item at its widest point, perpendicular to the length. [1]",GOOD,,,(missing) [1],,(missing) [1],,(missing) [1],,,true,510,519,1,1,http://usps.com/ship/packages.htm
https://www.usps.com/assets/images/ship/online-shipping/hero.png,People using online shipping.,People using online shipping. [1],GOOD,,,(missing) [1],,(missing) [1],,(missing) [1],,,true,626,578,1,1,http://usps.com/ship/online-shipping.htm
https://www.usps.com/assets/images/ship/online-shipping/prep-materials.png,Person taping a shipping box closed.,Person taping a shipping box closed. [1],GOOD,,,(missing) [1],,(missing) [1],,(missing) [1],,,true,339,354,1,1,http://usps.com/ship/online-shipping.htm
https://www.usps.com/assets/images/ship/online-shipping/ready-ship.png,Mail carrier scanning a label on a shipping box.,Mail carrier scanning a label on a shipping box. [1],GOOD,,,(missing) [1],,(missing) [1],,(missing) [1],,,true,339,355,1,1,http://usps.com/ship/online-shipping.htm
https://www.usps.com/assets/images/ship/online-shipping/shipping-label.png,Person placing a shipping label on a shipping box.,Person placing a shipping label on a shipping box. [1],GOOD,,,(missing) [1],,(missing) [1],,(missing) [1],,,true,339,354,1,1,http://usps.com/ship/online-shipping.htm
https://www.usps.com/assets/images/ship/packages/how-to-measure-a-package.jpg,"How to measure length and girth of a normal package, triangular tube, guitar case, round hat box, car tire, and cylinder. Length is the longest dimension; girth is measured around the item at its widest point, perpendicular to the length.","How to measure length and girth of a normal package, triangular tube, guitar case, round hat box, car tire, and cylinder. Length is the longest dimension; girth is measured around the item at its widest point, perpendicular to the length. [1]",GOOD,,,(missing) [1],,(missing) [1],,(missing) [1],,,true,975,550,1,1,http://usps.com/ship/packages.htm
https://www.usps.com/assets/images/ship/packages/send-packages-drawer-graphics_step-4B.jpg,"Don’t fold labels, bend them over edges, or overlap them","Don’t fold labels, bend them over edges, or overlap them [1]",GOOD,,,(missing) [1],,(missing) [1],,(missing) [1],,,true,432,243,1,1,http://usps.com/ship/packages.htm
https://www.usps.com/assets/images/ship/prevent-damage.jpg,"Flexible and flat items only (like paper or photos, less than 1/4 inch thick). Rigid or lumpy Items (like keys or flash drives) can tear your envelope.","Flexible and flat items only (like paper or photos, less than 1/4 inch thick). Rigid or lumpy Items (like keys or flash drives) can tear your envelope. [1]",GOOD,,,(missing) [1],,(missing) [1],,(missing) [1],,,true,432,243,1,1,http://usps.com/ship/letters.htm
https://www.usps.com/assets/images/ship/protect-special-envelopes.jpg,"Protect Special Envelopes: Using Wax Seals, String, or Ribbons? Put it inside another envelope.","Protect Special Envelopes: Using Wax Seals, String, or Ribbons? Put it inside another envelope. [1]",GOOD,,,(missing) [1],,(missing) [1],,(missing) [1],,,true,432,243,1,1,http://usps.com/ship/letters.htm
https://www.usps.com/assets/images/ship/send-letter-test.gif,Video preview of How to Send a Letter showing an envelope with return address in the top left corner and delivery address in the bottom center,Video preview of How to Send a Letter showing an envelope with return address in the top left corner and delivery address in the bottom center [1],GOOD,,,(missing) [1],,(missing) [1],,(missing) [1],,,true,640,360,1,1,http://usps.com/ship/letters.htm
https://www.usps.com/assets/images/ship/send-letter.gif,Video preview of How to Send a Letter showing an envelope with return address in the top left corner and delivery address in the bottom center.,Video preview of How to Send a Letter showing an envelope with return address in the top left corner and delivery address in the bottom center. [1],GOOD,,,(missing) [1],,(missing) [1],,(missing) [1],,,true,640,360,1,1,http://usps.com/ship/letters.htm
https://www.usps.com/assets/images/ship/send-step-1.jpg,Envelope and postcard,Envelope and postcard [1],GOOD,,,(missing) [1],,(missing) [1],,(missing) [1],,,true,432,243,1,1,http://usps.com/ship/letters.htm
https://www.usps.com/assets/images/ship/send-step-2.jpg,Envelope and postcard with return address written in the top left corner and delivery address in the bottom center.,Envelope and postcard with return address written in the top left corner and delivery address in the bottom center. [1],GOOD,,,(missing) [1],,(missing) [1],,(missing) [1],,,true,432,243,1,1,http://usps.com/ship/letters.htm
https://www.usps.com/assets/images/ship/send-step-3.jpg,"Envelope and postcard, each with a stamp in the upper right corner","Envelope and postcard, each with a stamp in the upper right corner [1]",GOOD,,,(missing) [1],,(missing) [1],,(missing) [1],,,true,432,243,1,1,http://usps.com/ship/letters.htm
https://www.usps.com/assets/images/ship/send-step-4.jpg,"Send your letter or postcard from your mailbox, a blue collection box, or Post Office.","Send your letter or postcard from your mailbox, a blue collection box, or Post Office. [1]",GOOD,,,(missing) [1],,(missing) [1],,(missing) [1],,,true,432,243,1,1,http://usps.com/ship/letters.htm
https://www.usps.com/assets/images/ship/shipping-restrictions-hero.jpg,"Brown boxes marked with symbols for ammunition, mercury, and radioactive and flammable items, next to a red circle with a slash through it.","Brown boxes marked with symbols for ammunition, mercury, and radioactive and flammable items, next to a red circle with a slash through it. [1]",GOOD,,,(missing) [1],,(missing) [1],,(missing) [1],,,true,664,392,1,1,http://usps.com/ship/shipping-restrictions.htm
https://www.usps.com/assets/images/shop/hero-money-order-m.jpg,Sample postal money orders,Sample postal money orders [1],GOOD,,,(missing) [1],,(missing) [1],,(missing) [1],,,true,990,225,1,1,http://usps.com/shop/money-orders.htm
https://www.usps.com/assets/images/shop/hero-money-order.jpg,Sample postal money orders,Sample postal money orders [1],GOOD,,,(missing) [1],,(missing) [1],,(missing) [1],,,true,783,350,1,1,http://usps.com/shop/money-orders.htm
https://www.usps.com/assets/images/shop/legacy-money-order-paymaster-detailed.jpg,Green postal money order circles emphasizing the details that reveal its authenticity,Green postal money order circles emphasizing the details that reveal its authenticity [1],GOOD,,,(missing) [1],,(missing) [1],,(missing) [1],,,true,1298,728,1,1,http://usps.com/shop/money-orders.htm
https://www.usps.com/assets/images/shop/legacy-money-order-paymaster.jpg,Green postal money order with circled designs showing how to spot a fake,Green postal money order with circled designs showing how to spot a fake [1],GOOD,,,(missing) [1],,(missing) [1],,(missing) [1],,,true,786,355,1,1,http://usps.com/shop/money-orders.htm
https://www.usps.com/assets/images/shop/legacy-money-order-point-detailed.jpg,Green postal money order circles emphasizing the details that reveal its authenticity,Green postal money order circles emphasizing the details that reveal its authenticity [1],GOOD,,,(missing) [1],,(missing) [1],,(missing) [1],,,true,1298,728,1,1,http://usps.com/shop/money-orders.htm
https://www.usps.com/assets/images/shop/legacy-money-order-point.jpg,Green postal money order,Green postal money order [1],GOOD,,,(missing) [1],,(missing) [1],,(missing) [1],,,true,786,366,1,1,http://usps.com/shop/money-orders.htm
https://www.usps.com/assets/images/shop/money-order-detailed-feb.jpg,"Sample blue, red, and blue postal money order with circles emphasizing the details that reveal its authenticity","Sample blue, red, and blue postal money order with circles emphasizing the details that reveal its authenticity [1]",GOOD,,,(missing) [1],,(missing) [1],,(missing) [1],,,true,1298,728,1,1,http://usps.com/shop/money-orders.htm
https://www.usps.com/assets/images/shop/money-order-detailed-july.jpg,"Sample blue, red, and blue postal money order with circles emphasizing the details that reveal its authenticity","Sample blue, red, and blue postal money order with circles emphasizing the details that reveal its authenticity [1]",GOOD,,,(missing) [1],,(missing) [1],,(missing) [1],,,true,1298,728,1,1,http://usps.com/shop/money-orders.htm
https://www.usps.com/assets/images/shop/money-order-feb.jpg,Sample red and blue postal money order,Sample red and blue postal money order [1],GOOD,,,(missing) [1],,(missing) [1],,(missing) [1],,,true,786,364,1,1,http://usps.com/shop/money-orders.htm
https://www.usps.com/assets/images/shop/money-order-july.jpg,"Sample blue, red, and blue postal money order.","Sample blue, red, and blue postal money order. [1]",GOOD,,,(missing) [1],,(missing) [1],,(missing) [1],,,true,786,364,1,1,http://usps.com/shop/money-orders.htm
https://www.usps.com/assets/images/welcome/carousel/may26-cards.jpg,Happy Birthday Notecards available in The Postal Store.,Happy Birthday Notecards available in The Postal Store. [1],GOOD,,,(missing) [1],,(missing) [1],,(missing) [1],,,true,692,280,1,1,http://usps.com/
https://www.usps.com/assets/images/welcome/carousel/may26-gifts.jpg,Figures of the American Revolution gifts available in The Postal Store.,Figures of the American Revolution gifts available in The Postal Store. [1],GOOD,,,(missing) [1],,(missing) [1],,(missing) [1],,,true,692,280,1,1,http://usps.com/
https://www.usps.com/assets/images/welcome/carousel/may26-stamps.jpg,Forever Stamps available from The Postal Store.,Forever Stamps available from The Postal Store. [1],GOOD,,,(missing) [1],,(missing) [1],,(missing) [1],,,true,700,280,1,1,http://usps.com/
https://www.usps.com/assets/images/welcome/carousel/prepaid-supplies26.jpg,Prepaid Supplies available in The Postal Store.,Prepaid Supplies available in The Postal Store. [1],GOOD,,,(missing) [1],,(missing) [1],,(missing) [1],,,true,626,277,1,1,http://usps.com/
https://www.usps.com/assets/images/welcome/featured/250-landing-promo-m.png,USPS 250th anniversary. Delivering since 1775. Celebrate 250 years of USPS! Explore now.,USPS 250th anniversary. Delivering since 1775. Celebrate 250 years of USPS! Explore now. [1],GOOD,,,(missing) [1],,(missing) [1],,(missing) [1],,,false,390,300,1,1,http://usps.com/
https://www.usps.com/assets/images/welcome/featured/250-landing-promo.png,USPS 250th anniversary. Delivering since 1775. Celebrate 250 years of USPS! Explore now.,USPS 250th anniversary. Delivering since 1775. Celebrate 250 years of USPS! Explore now. [1],GOOD,,,(missing) [1],,(missing) [1],,(missing) [1],,,true,1400,150,1,1,http://usps.com/
https://www.usps.com/assets/images/welcome/featured/american-icons.jpg,American Icons Commemorative ForeverÃ‚Â® Stamps.,American Icons Commemorative ForeverÃ‚Â® Stamps. [1],GOOD,,,(missing) [1],,(missing) [1],,(missing) [1],,,true,675,450,1,1,http://usps.com/
https://www.usps.com/assets/images/welcome/featured/beach-day.jpg,A Day at the Beach Forever Stamp.,A Day at the Beach Forever Stamp. [1],GOOD,,,(missing) [1],,(missing) [1],,(missing) [1],,,true,675,450,1,1,http://usps.com/
https://www.usps.com/assets/images/welcome/featured/ga26-15.jpg,A person standing in front of a shelf of Ground Advantage packages ready to ship.,A person standing in front of a shelf of Ground Advantage packages ready to ship. [1],GOOD,,,(missing) [1],,(missing) [1],,(missing) [1],,,true,679,450,1,1,http://usps.com/
https://www.usps.com/assets/images/welcome/featured/pfs-couple-dancing.jpg,Two people dancing in front of a doorway.,Two people dancing in front of a doorway. [1],GOOD,,,(missing) [1],,(missing) [1],,(missing) [1],,,true,675,450,1,1,http://usps.com/
https://www.usps.com/assets/images/welcome/featured/spa-eddm.png,A person holding marketing flyers above a table.,A person holding marketing flyers above a table. [1],GOOD,,,(missing) [1],,(missing) [1],,(missing) [1],,,true,670,451,1,1,http://usps.com/
https://www.usps.com/assets/images/welcome/premium/id-homepage-hero3-m.jpg,A smartphone showing an Informed Delivery Daily Digest email with an incoming letter and package tracking information.,A smartphone showing an Informed Delivery Daily Digest email with an incoming letter and package tracking information. [1],GOOD,,,(missing) [1],,(missing) [1],,(missing) [1],,,true,990,225,1,1,http://usps.com/
https://www.usps.com/business/images/3Sigma.png,3 Sigma logo,3 Sigma logo [1],GOOD,,,(missing) [1],,(missing) [1],,(missing) [1],,,true,192,55,1,1,http://usps.com/business/repositionable-notes-vendors.htm
https://www.usps.com/business/images/NA-Star-Inc.png,NAStar logo,NAStar logo [1],GOOD,,,(missing) [1],,(missing) [1],,(missing) [1],,,true,251,61,1,1,http://usps.com/business/repositionable-notes-vendors.htm
"https://www.usps.com/business/images/PCI-Paper-Conversions,-Inc.png",PCI Paper Conversions logo,PCI Paper Conversions logo [1],GOOD,,,(missing) [1],,(missing) [1],,(missing) [1],,,true,154,69,1,1,http://usps.com/business/repositionable-notes-vendors.htm
https://www.usps.com/business/images/wausau.png,Wausau Coated Products logo,Wausau Coated Products logo [1],GOOD,,,(missing) [1],,(missing) [1],,(missing) [1],,,true,91,69,1,1,http://usps.com/business/repositionable-notes-vendors.htm
https://www.usps.com/election-mail/assets/images/politicalmail-hero-mobile.jpg,Political campaign postcard for candidate running for governor.,Political campaign postcard for candidate running for governor. [1],GOOD,,,(missing) [1],,(missing) [1],,(missing) [1],,,true,991,225,1,1,http://usps.com/business/political-mail.htm
https://www.usps.com/election-mail/assets/images/politicalmail-hero.jpg,Political campaign postcard for candidate running for governor.,Political campaign postcard for candidate running for governor. [1],GOOD,,,(missing) [1],,(missing) [1],,(missing) [1],,,true,783,350,1,1,http://usps.com/business/political-mail.htm
https://www.usps.com/manage/images/id-app-message-1.png,A phone displaying the Informed Delivery Mobile app.,A phone displaying the Informed Delivery Mobile app. [1],GOOD,,,(missing) [1],,(missing) [1],,(missing) [1],,,true,290,166,1,1,http://usps.com/manage/informed-delivery.htm
https://www.usps.com/manage/images/id-app-message-2.png,A phone displaying the Informed Delivery Mobile app.,A phone displaying the Informed Delivery Mobile app. [1],GOOD,,,(missing) [1],,(missing) [1],,(missing) [1],,,true,485,315,1,1,http://usps.com/business/manage-mail.htm
https://www.usps.com/manage/images/id-app-message-3.png,A phone displaying the Informed Delivery Mobile app.,A phone displaying the Informed Delivery Mobile app. [1],GOOD,,,(missing) [1],,(missing) [1],,(missing) [1],,,true,369,251,1,1,http://usps.com/manage
https://www.usps.com/perfectlyorchestrated/images/hero-img-m.jpg,"A formation of USPS delivery vehicles lines up in the early morning darkness, directed by a USPS employee in a high-visibility vest.","A formation of USPS delivery vehicles lines up in the early morning darkness, directed by a USPS employee in a high-visibility vest. [1]",GOOD,,,(missing) [1],,(missing) [1],,(missing) [1],,,false,676,351,1,1,http://usps.com/perfectlyorchestrated
https://www.usps.com/perfectlyorchestrated/images/hero-img.jpg,"A formation of USPS delivery vehicles lines up in the early morning darkness, directed by a USPS employee in a high-visibility vest.","A formation of USPS delivery vehicles lines up in the early morning darkness, directed by a USPS employee in a high-visibility vest. [1]",GOOD,,,(missing) [1],,(missing) [1],,(missing) [1],,,true,663,351,1,1,http://usps.com/perfectlyorchestrated
https://www.usps.com/perfectlyorchestrated/images/img-location.svg,An icon of 2 location pins marking a route,An icon of 2 location pins marking a route [1],GOOD,,,(missing) [1],,(missing) [1],,(missing) [1],,,true,197,191,1,1,http://usps.com/perfectlyorchestrated
https://www.usps.com/perfectlyorchestrated/images/img-ship.svg,An icon of 3 shipping boxes piled up,An icon of 3 shipping boxes piled up [1],GOOD,,,(missing) [1],,(missing) [1],,(missing) [1],,,true,214,180,1,1,http://usps.com/perfectlyorchestrated
https://www.usps.com/ship/images/insurance-extra-service-hero-2.jpg,Person packing a fragile item in a Priority Mail Flat Rate Box.,Person packing a fragile item in a Priority Mail Flat Rate Box. [1],GOOD,,,(missing) [1],,(missing) [1],,(missing) [1],,,true,1018,455,1,1,http://usps.com/ship/insurance-extra-services.htm
https://www.usps.com/ship/images/insurance-extra-service-hero-mobile.jpg,Person packing a fragile item in a Priority Mail Flat Rate Box.,Person packing a fragile item in a Priority Mail Flat Rate Box. [1],GOOD,,,(missing) [1],,(missing) [1],,(missing) [1],,,true,991,225,1,1,http://usps.com/ship/insurance-extra-services.htm