Image URL,Alt Text,Alt Text Variants,Status,Issues,Title,Title Variants,ARIA Label,ARIA Label Variants,ARIA Describedby,ARIA Describedby Variants,Longdesc,Role,Visible,Width,Height,Occurrences,Page Count,Found On Pages
https://www.nationalarchives.gov.uk/media/images/operations-record-bo_adHXw28.2e16d0ba.fill-600x400.format-jpeg.jpegquality-60.bgcolor-fff.jpg,Black and white photo of people standing in front of a Union Jack. People are wearing the WAAF and RAF uniforms while one person is dressed as Winston Churchill.,Black and white photo of people standing in front of a Union Jack. People are wearing the WAAF and RAF uniforms while one person is dressed as Winston Churchill. [10],SUSPICIOUS,"Alt text contains redundant phrase ""photo of""",,(missing) [10],,(missing) [10],,(missing) [10],,,true,600,400,10,10,https://www.nationalarchives.gov.uk/explore-the-collection/explore-by-time-period/second-world-war/; https://www.nationalarchives.gov.uk/explore-the-collection/stories/; https://www.nationalarchives.gov.uk/explore-the-collection/explore-by-topic/military-and-war/; https://www.nationalarchives.gov.uk/explore-the-collection/stories/radclyffe-hall/; https://www.nationalarchives.gov.uk/explore-the-collection/stories/maud-allan/; https://www.nationalarchives.gov.uk/explore-the-collection/stories/sophia-todd/; https://www.nationalarchives.gov.uk/explore-the-collection/stories/margaret-bondfield/; https://www.nationalarchives.gov.uk/explore-the-collection/stories/caravan-club/; https://www.nationalarchives.gov.uk/explore-the-collection/stories/ivor-cummings/; https://www.nationalarchives.gov.uk/explore-the-collection/stories/the-imperial-typewriters-dispute/
https://www.nationalarchives.gov.uk/media/images/hp-suffragettes-camp_dEt3l2v.34aa057b.fill-600x400.format-jpeg.jpegquality-60.bgcolor-fff.jpg,A photo of two women standing besides pillars outside the House of Commons. Police are watching on.,A photo of two women standing besides pillars outside the House of Commons. Police are watching on. [4],SUSPICIOUS,"Alt text contains redundant phrase ""photo of""",,(missing) [4],,(missing) [4],,(missing) [4],,,true,600,400,4,4,https://www.nationalarchives.gov.uk/explore-the-collection/explore-by-topic/identity-and-community/; https://www.nationalarchives.gov.uk/explore-the-collection/explore-by-time-period/early-20th-century/; https://www.nationalarchives.gov.uk/explore-the-collection/stories/list-of-suffragettes-arrested-from-1906-1914/; https://www.nationalarchives.gov.uk/explore-the-collection/explore-by-topic/democracy-and-protest/
https://www.nationalarchives.gov.uk/media/images/crim-1-617-cr_FTdwGP9.2e16d0ba.fill-600x400.format-jpeg.jpegquality-60.bgcolor-fff.jpg,"Black and white photo of a public toilet building between lampposts, with roads either side.","Black and white photo of a public toilet building between lampposts, with roads either side. [3]",SUSPICIOUS,"Alt text contains redundant phrase ""photo of""",,(missing) [3],,(missing) [3],,(missing) [3],,,true,600,400,3,3,https://www.nationalarchives.gov.uk/explore-the-collection/explore-by-topic/crime-courts-and-justice/; https://www.nationalarchives.gov.uk/explore-the-collection/explore-by-topic/identity-and-community/; https://www.nationalarchives.gov.uk/explore-the-collection/explore-by-time-period/interwar/
https://www.nationalarchives.gov.uk/media/images/hg-church-finance-valuation.5eed15a0.fill-600x400.format-jpeg.jpegquality-60.bgcolor-fff.jpg,The top of a document that has been richly illustrated with a picture of Henry VIII on his throne.,The top of a document that has been richly illustrated with a picture of Henry VIII on his throne. [2] | (empty) [1],SUSPICIOUS,"Alt text contains redundant phrase ""picture of""",,(missing) [3],,(missing) [3],,(missing) [3],,,true,600,400,3,3,https://www.nationalarchives.gov.uk/explore-the-collection/explore-by-time-period/early-modern/; https://www.nationalarchives.gov.uk/explore-the-collection/explore-by-topic/; https://www.nationalarchives.gov.uk/explore-the-collection/stories/richard-iii/
https://www.nationalarchives.gov.uk/media/images/bethnal-green-tube-d_nMdRn5N.2e16d0ba.fill-600x400.format-jpeg.jpegquality-60.bgcolor-fff.jpg,Newspaper clipping with a photo of people gathered outside the entrance.,Newspaper clipping with a photo of people gathered outside the entrance. [2],SUSPICIOUS,"Alt text contains redundant phrase ""photo of""",,(missing) [2],,(missing) [2],,(missing) [2],,,true,384,256,2,2,https://www.nationalarchives.gov.uk/explore-the-collection/explore-by-time-period/second-world-war/; https://www.nationalarchives.gov.uk/explore-the-collection/explore-by-topic/military-and-war/
https://www.nationalarchives.gov.uk/media/images/hg-map-of-chertsey-_nV6JcEx.f8720379.fill-600x400.format-jpeg.jpegquality-60.bgcolor-fff.jpg,Map featuring several buildings with red-tiled rooves and a detailed image of a church.,Map featuring several buildings with red-tiled rooves and a detailed image of a church. [2],SUSPICIOUS,"Alt text contains redundant phrase ""image of""",,(missing) [2],,(missing) [2],,(missing) [2],,,true,600,400,2,2,https://www.nationalarchives.gov.uk/explore-the-collection/explore-by-topic/land-and-buildings/; https://www.nationalarchives.gov.uk/explore-the-collection/explore-by-time-period/early-modern/
https://www.nationalarchives.gov.uk/media/images/hg-mental-nursing-nhs_ui.81fbbcef.fill-600x400.format-jpeg.jpegquality-60.bgcolor-fff.jpg,Test,Test [2],SUSPICIOUS,"Alt text ""Test"" is not descriptive",,(missing) [2],,(missing) [2],,(missing) [2],,,true,600,400,2,2,https://www.nationalarchives.gov.uk/explore-the-collection/explore-by-topic/health-and-welfare/; https://www.nationalarchives.gov.uk/explore-the-collection/explore-by-time-period/postwar/
https://www.nationalarchives.gov.uk/media/images/hg-veterans-crimea_v6CTI7k.87a3a7c1.fill-600x400.format-jpeg.jpegquality-60.bgcolor-fff.jpg,"Posed black and white photo of seven men, four on chairs and three standing behind, wearing medals.","Posed black and white photo of seven men, four on chairs and three standing behind, wearing medals. [2]",SUSPICIOUS,"Alt text contains redundant phrase ""photo of""",,(missing) [2],,(missing) [2],,(missing) [2],,,true,600,400,2,2,https://www.nationalarchives.gov.uk/explore-the-collection/explore-by-time-period/victorians/; https://www.nationalarchives.gov.uk/explore-the-collection/explore-by-topic/military-and-war/
https://www.nationalarchives.gov.uk/media/images/hg-brixton-rio.max-1024x1024.format-webp.webpquality-70.webp,Black and white photo of a car with smashed windows lying on its side in the street.,Black and white photo of a car with smashed windows lying on its side in the street. [1],SUSPICIOUS,"Alt text contains redundant phrase ""photo of""",,(missing) [1],,(missing) [1],,(missing) [1],,,true,1024,649,1,1,https://www.nationalarchives.gov.uk/explore-the-collection/explore-by-topic/democracy-and-protest/protest-20th-century/
https://www.nationalarchives.gov.uk/media/images/hg-church-fina.max-1024x1024.format-webp.webpquality-70.webp,The top of a document that has been richly illustrated with a picture of Henry VIII on his throne.,The top of a document that has been richly illustrated with a picture of Henry VIII on his throne. [1],SUSPICIOUS,"Alt text contains redundant phrase ""picture of""",,(missing) [1],,(missing) [1],,(missing) [1],,,true,1024,534,1,1,https://www.nationalarchives.gov.uk/explore-the-collection/explore-by-time-period/early-modern/the-dissolution-of-the-monasteries/
https://www.nationalarchives.gov.uk/media/images/hg-do-it-yours.max-1024x1024.format-webp.webpquality-70.webp,A pamphlet on 'the first days' after a nuclear attack as an image of suburban houses bricked up.,A pamphlet on 'the first days' after a nuclear attack as an image of suburban houses bricked up. [1],SUSPICIOUS,"Alt text contains redundant phrase ""image of""",,(missing) [1],,(missing) [1],,(missing) [1],,,true,643,1024,1,1,https://www.nationalarchives.gov.uk/explore-the-collection/explore-by-time-period/postwar/the-cold-war/
https://www.nationalarchives.gov.uk/media/images/hg-for-healths.max-1024x1024.format-webp.webpquality-70.webp,"A diagram of an arrow sits between a photo of a bin lid and the open bin, beside a large fly.","A diagram of an arrow sits between a photo of a bin lid and the open bin, beside a large fly. [1]",SUSPICIOUS,"Alt text contains redundant phrase ""photo of""",,(missing) [1],,(missing) [1],,(missing) [1],,,true,665,1024,1,1,https://www.nationalarchives.gov.uk/explore-the-collection/explore-by-topic/health-and-welfare/public-health-campaigns/
https://www.nationalarchives.gov.uk/media/images/hg-hands-free-.max-1024x1024.format-webp.webpquality-70.webp,A handbook with a picture of an army officer wearing headphones.,A handbook with a picture of an army officer wearing headphones. [1],SUSPICIOUS,"Alt text contains redundant phrase ""picture of""",,(missing) [1],,(missing) [1],,(missing) [1],,,true,279,440,1,1,https://www.nationalarchives.gov.uk/explore-the-collection/explore-by-time-period/early-20th-century/technology-first-world-war/
https://www.nationalarchives.gov.uk/media/images/hg-klaus-fuchs.max-1024x1024.format-webp.webpquality-70.webp,"Portrait photo of Klaus Fuchs, wearing glasses and a suit and tie.","Portrait photo of Klaus Fuchs, wearing glasses and a suit and tie. [1]",SUSPICIOUS,"Alt text contains redundant phrase ""photo of""",,(missing) [1],,(missing) [1],,(missing) [1],,,true,819,1024,1,1,https://www.nationalarchives.gov.uk/explore-the-collection/explore-by-time-period/postwar/the-cold-war/
https://www.nationalarchives.gov.uk/media/images/hg-map-of-cher.max-1024x1024.format-webp.webpquality-70.webp,Map featuring several buildings with red-tiled rooves and a detailed image of a church.,Map featuring several buildings with red-tiled rooves and a detailed image of a church. [1],SUSPICIOUS,"Alt text contains redundant phrase ""image of""",,(missing) [1],,(missing) [1],,(missing) [1],,,true,1024,893,1,1,https://www.nationalarchives.gov.uk/explore-the-collection/explore-by-time-period/early-modern/early-modern-maps/
https://www.nationalarchives.gov.uk/media/images/hg-mental-nurs.max-1024x1024.format-webp.webpquality-70.webp,Test,Test [1],SUSPICIOUS,"Alt text ""Test"" is not descriptive",,(missing) [1],,(missing) [1],,(missing) [1],,,true,688,1024,1,1,https://www.nationalarchives.gov.uk/explore-the-collection/explore-by-topic/health-and-welfare/nhs-posters-and-leaflets/
https://www.nationalarchives.gov.uk/media/images/hg-nursing-rec.max-1024x1024.format-webp.webpquality-70.webp,A poster with 'Nursing' title featuring a photo of two male nurses with a patient.,A poster with 'Nursing' title featuring a photo of two male nurses with a patient. [1],SUSPICIOUS,"Alt text contains redundant phrase ""photo of""",,(missing) [1],,(missing) [1],,(missing) [1],,,true,674,1024,1,1,https://www.nationalarchives.gov.uk/explore-the-collection/explore-by-topic/health-and-welfare/nhs-posters-and-leaflets/
https://www.nationalarchives.gov.uk/media/images/hg-service-rec.max-1024x1024.format-webp.webpquality-70.webp,A grainy image of a form filled in by hand with the name Josephine Carr at the top,A grainy image of a form filled in by hand with the name Josephine Carr at the top [1],SUSPICIOUS,"Alt text contains redundant phrase ""image of""",,(missing) [1],,(missing) [1],,(missing) [1],,,true,800,621,1,1,https://www.nationalarchives.gov.uk/explore-the-collection/explore-by-time-period/early-20th-century/women-first-world-war/
https://www.nationalarchives.gov.uk/media/images/hg-ulster-farm.max-1024x1024.format-webp.webpquality-70.webp,Neatly-drawn colour image of a red-brick building with a metal spire surrounded by flags and symbols,Neatly-drawn colour image of a red-brick building with a metal spire surrounded by flags and symbols [1],SUSPICIOUS,"Alt text contains redundant phrase ""image of""",,(missing) [1],,(missing) [1],,(missing) [1],,,true,1024,567,1,1,https://www.nationalarchives.gov.uk/explore-the-collection/explore-by-time-period/postwar/the-festival-of-britain-1951/
https://www.nationalarchives.gov.uk/media/images/hg-veterans-cr.max-1024x1024.format-webp.webpquality-70.webp,"Posed black and white photo of seven men, four on chairs and three standing behind, wearing medals.","Posed black and white photo of seven men, four on chairs and three standing behind, wearing medals. [1]",SUSPICIOUS,"Alt text contains redundant phrase ""photo of""",,(missing) [1],,(missing) [1],,(missing) [1],,,true,1024,785,1,1,https://www.nationalarchives.gov.uk/explore-the-collection/explore-by-time-period/victorians/the-crimean-war/
https://www.nationalarchives.gov.uk/media/images/hp-suffragette.max-1024x1024.format-webp.webpquality-70.webp,A photo of two women standing besides pillars outside the House of Commons. Police are watching on.,A photo of two women standing besides pillars outside the House of Commons. Police are watching on. [1],SUSPICIOUS,"Alt text contains redundant phrase ""photo of""",,(missing) [1],,(missing) [1],,(missing) [1],,,true,1024,514,1,1,https://www.nationalarchives.gov.uk/explore-the-collection/explore-by-topic/democracy-and-protest/womens-suffrage/
https://www.nationalarchives.gov.uk/media/images/Radcl_jPPZeQ6.max-900x900.format-jpeg.jpegquality-60.bgcolor-fff.jpg,A newspaper clipping featuring a picture of Radclyffe-Hall. She wears a masculine smoking jacket,A newspaper clipping featuring a picture of Radclyffe-Hall. She wears a masculine smoking jacket [1],SUSPICIOUS,"Alt text contains redundant phrase ""picture of""",,(missing) [1],,(missing) [1],,(missing) [1],,,true,900,667,1,1,https://www.nationalarchives.gov.uk/explore-the-collection/stories/radclyffe-hall/
https://www.nationalarchives.gov.uk/media/images/HO325-143-3_bU84ELL.dea41e43.fill-600x400.format-jpeg.jpegquality-60.bgcolor-fff.jpg,,(empty) [19],DECORATIVE,,,(missing) [19],,(missing) [19],,(missing) [19],,,true,384,256,19,19,https://www.nationalarchives.gov.uk/explore-the-collection/explore-by-topic/crime-courts-and-justice/; https://www.nationalarchives.gov.uk/explore-the-collection/explore-by-topic/identity-and-community/; https://www.nationalarchives.gov.uk/explore-the-collection/explore-by-time-period/postwar/; https://www.nationalarchives.gov.uk/explore-the-collection/explore-by-topic/; https://www.nationalarchives.gov.uk/explore-the-collection/stories/mangrove-nine/; https://www.nationalarchives.gov.uk/explore-the-collection/stories/william-cuffey/; https://www.nationalarchives.gov.uk/explore-the-collection/stories/alice-hawkins/; https://www.nationalarchives.gov.uk/explore-the-collection/stories/shapurji-saklatvala/; https://www.nationalarchives.gov.uk/explore-the-collection/stories/emmeline-pankhurst/; https://www.nationalarchives.gov.uk/explore-the-collection/stories/margaret-bondfield/; https://www.nationalarchives.gov.uk/explore-the-collection/stories/letter-by-the-women-workers-at-fords-of-dagenham/; https://www.nationalarchives.gov.uk/explore-the-collection/stories/list-of-suffragettes-arrested-from-1906-1914/; https://www.nationalarchives.gov.uk/explore-the-collection/stories/printed-circular-by-the-national-league-of-the-blind/; https://www.nationalarchives.gov.uk/explore-the-collection/explore-by-time-period/georgians/the-peterloo-massacre/; https://www.nationalarchives.gov.uk/explore-the-collection/explore-by-topic/democracy-and-protest/; https://www.nationalarchives.gov.uk/explore-the-collection/explore-by-topic/democracy-and-protest/womens-suffrage/; https://www.nationalarchives.gov.uk/explore-the-collection/explore-by-time-period/medieval/magna-carta/; https://www.nationalarchives.gov.uk/explore-the-collection/explore-by-topic/democracy-and-protest/protest-20th-century/; https://www.nationalarchives.gov.uk/explore-the-collection/stories/the-imperial-typewriters-dispute/
https://www.nationalarchives.gov.uk/media/images/sophia-selling-newspaper-t.9952fc17.fill-600x400.format-jpeg.jpegquality-60.bgcolor-fff.jpg,,(empty) [18],DECORATIVE,,,(missing) [18],,(missing) [18],,(missing) [18],,,true,600,400,18,17,https://www.nationalarchives.gov.uk/explore-the-collection/explore-by-time-period/early-20th-century/; https://www.nationalarchives.gov.uk/explore-the-collection/explore-by-time-period/interwar/; https://www.nationalarchives.gov.uk/explore-the-collection/explore-by-time-period/second-world-war/; https://www.nationalarchives.gov.uk/explore-the-collection/explore-by-time-period/; https://www.nationalarchives.gov.uk/explore-the-collection/stories/alice-hawkins/; https://www.nationalarchives.gov.uk/explore-the-collection/stories/shapurji-saklatvala/; https://www.nationalarchives.gov.uk/explore-the-collection/stories/radclyffe-hall/; https://www.nationalarchives.gov.uk/explore-the-collection/stories/emmeline-pankhurst/; https://www.nationalarchives.gov.uk/explore-the-collection/stories/margaret-bondfield/; https://www.nationalarchives.gov.uk/explore-the-collection/stories/caravan-club/; https://www.nationalarchives.gov.uk/explore-the-collection/stories/nancy-cunard/; https://www.nationalarchives.gov.uk/explore-the-collection/stories/printed-circular-by-the-national-league-of-the-blind/; https://www.nationalarchives.gov.uk/explore-the-collection/explore-by-time-period/interwar/empire-marketing-board-posters/; https://www.nationalarchives.gov.uk/explore-the-collection/explore-by-topic/democracy-and-protest/; https://www.nationalarchives.gov.uk/explore-the-collection/explore-by-time-period/interwar/dixon-scott-photos-of-british-life/; https://www.nationalarchives.gov.uk/explore-the-collection/explore-by-topic/environment-and-agriculture/rural-life/; https://www.nationalarchives.gov.uk/explore-the-collection/explore-by-topic/identity-and-community/sexuality-identity/
https://www.nationalarchives.gov.uk/media/images/postwar-festival-of-_9NsTgoc.2e16d0ba.fill-600x400.format-jpeg.jpegquality-60.bgcolor-fff.jpg,,(empty) [17],DECORATIVE,,,(missing) [17],,(missing) [17],,(missing) [17],,,true,600,400,17,17,https://www.nationalarchives.gov.uk/explore-the-collection/explore-by-time-period/; https://www.nationalarchives.gov.uk/explore-the-collection/stories/mangrove-nine/; https://www.nationalarchives.gov.uk/explore-the-collection/stories/festival-of-britain/; https://www.nationalarchives.gov.uk/explore-the-collection/stories/insaaf/; https://www.nationalarchives.gov.uk/explore-the-collection/stories/ormonde-almanzora-windrush/; https://www.nationalarchives.gov.uk/explore-the-collection/stories/letter-by-the-women-workers-at-fords-of-dagenham/; https://www.nationalarchives.gov.uk/explore-the-collection/explore-by-topic/crime-courts-and-justice/policing-and-prosecution/; https://www.nationalarchives.gov.uk/explore-the-collection/explore-by-topic/transport-and-travel/road-safety-campaigns/; https://www.nationalarchives.gov.uk/explore-the-collection/explore-by-topic/migration-and-citizenship/coming-to-britain/; https://www.nationalarchives.gov.uk/explore-the-collection/stories/the-foundation-of-the-nhs/; https://www.nationalarchives.gov.uk/explore-the-collection/explore-by-topic/democracy-and-protest/protest-20th-century/; https://www.nationalarchives.gov.uk/explore-the-collection/explore-by-topic/health-and-welfare/public-health-campaigns/; https://www.nationalarchives.gov.uk/explore-the-collection/explore-by-time-period/postwar/the-festival-of-britain-1951/; https://www.nationalarchives.gov.uk/explore-the-collection/explore-by-time-period/postwar/the-cold-war/; https://www.nationalarchives.gov.uk/explore-the-collection/stories/ivor-cummings/; https://www.nationalarchives.gov.uk/explore-the-collection/explore-by-topic/health-and-welfare/nhs-posters-and-leaflets/; https://www.nationalarchives.gov.uk/explore-the-collection/stories/the-imperial-typewriters-dispute/
https://www.nationalarchives.gov.uk/media/images/telephone-crackers-t_dSzVrXS.0840ebdd.fill-600x400.format-jpeg.jpegquality-60.bgcolor-fff.jpg,,(empty) [13] | A man and a woman talk either side of a table via a string attached telephone [1],DECORATIVE,,,(missing) [14],,(missing) [14],,(missing) [14],,,true,600,400,14,14,https://www.nationalarchives.gov.uk/explore-the-collection/explore-by-time-period/; https://www.nationalarchives.gov.uk/explore-the-collection/stories/william-cuffey/; https://www.nationalarchives.gov.uk/explore-the-collection/stories/sophia-todd/; https://www.nationalarchives.gov.uk/explore-the-collection/stories/copyright-registration-form-for-bram-stokers-dracula/; https://www.nationalarchives.gov.uk/explore-the-collection/explore-by-time-period/victorians/victorian-bright-ideas/; https://www.nationalarchives.gov.uk/explore-the-collection/explore-by-time-period/victorians/victorian-ornamental-design/; https://www.nationalarchives.gov.uk/explore-the-collection/explore-by-time-period/victorians/age-of-mass-migration/; https://www.nationalarchives.gov.uk/explore-the-collection/explore-by-time-period/victorians/the-crimean-war/; https://www.nationalarchives.gov.uk/explore-the-collection/explore-by-time-period/victorians/victorian-fashion/; https://www.nationalarchives.gov.uk/explore-the-collection/explore-by-topic/transport-and-travel/railways/; https://www.nationalarchives.gov.uk/explore-the-collection/explore-by-time-period/victorians/peter-henry-emerson-rural-photography/; https://www.nationalarchives.gov.uk/explore-the-collection/explore-by-topic/international-trade-and-affairs/international-exhibitions/; https://www.nationalarchives.gov.uk/explore-the-collection/stories/registered-design-for-expanding-travelling-basket/; https://www.nationalarchives.gov.uk/explore-the-collection/explore-by-time-period/victorians/top-hats/
https://www.nationalarchives.gov.uk/media/images/louis-wain-singing.431df4d7.fill-600x400.format-jpeg.jpegquality-60.bgcolor-fff.jpg,,(empty) [11] | A group of cats wearing hats and boots stand in a line and sing 'Jacksons Boots and Hats are Great' [1],DECORATIVE,,,(missing) [12],,(missing) [12],,(missing) [12],,,true,600,400,12,12,https://www.nationalarchives.gov.uk/explore-the-collection/explore-by-time-period/; https://www.nationalarchives.gov.uk/explore-the-collection/stories/alice-hawkins/; https://www.nationalarchives.gov.uk/explore-the-collection/stories/emmeline-pankhurst/; https://www.nationalarchives.gov.uk/explore-the-collection/stories/maud-allan/; https://www.nationalarchives.gov.uk/explore-the-collection/stories/list-of-suffragettes-arrested-from-1906-1914/; https://www.nationalarchives.gov.uk/explore-the-collection/explore-by-topic/transport-and-travel/victorian-and-edwardian-travel-posters/; https://www.nationalarchives.gov.uk/explore-the-collection/explore-by-time-period/early-20th-century/women-first-world-war/; https://www.nationalarchives.gov.uk/explore-the-collection/explore-by-topic/democracy-and-protest/womens-suffrage/; https://www.nationalarchives.gov.uk/explore-the-collection/explore-by-time-period/early-20th-century/lives-on-the-front/; https://www.nationalarchives.gov.uk/explore-the-collection/explore-by-topic/business-finance-and-innovation/british-industry/; https://www.nationalarchives.gov.uk/explore-the-collection/explore-by-time-period/early-20th-century/technology-first-world-war/; https://www.nationalarchives.gov.uk/explore-the-collection/explore-by-time-period/early-20th-century/edwardian-textile-designs/
https://www.nationalarchives.gov.uk/media/images/land-and-building-st_P3thZHG.2e16d0ba.fill-600x400.format-jpeg.jpegquality-60.bgcolor-fff.jpg,,(empty) [11],DECORATIVE,,,(missing) [11],,(missing) [11],,(missing) [11],,,true,600,400,11,11,https://www.nationalarchives.gov.uk/explore-the-collection/explore-by-time-period/; https://www.nationalarchives.gov.uk/explore-the-collection/stories/william-shakespeare/; https://www.nationalarchives.gov.uk/explore-the-collection/stories/the-monteagle-letter/; https://www.nationalarchives.gov.uk/explore-the-collection/explore-by-topic/land-and-buildings/architecture/; https://www.nationalarchives.gov.uk/explore-the-collection/explore-by-time-period/early-modern/the-dissolution-of-the-monasteries/; https://www.nationalarchives.gov.uk/explore-the-collection/explore-by-topic/crime-courts-and-justice/treason/; https://www.nationalarchives.gov.uk/explore-the-collection/explore-by-time-period/early-modern/early-modern-maps/; https://www.nationalarchives.gov.uk/explore-the-collection/explore-by-time-period/early-modern/witchcraft/; https://www.nationalarchives.gov.uk/explore-the-collection/explore-by-time-period/early-modern/william-shakespeare-life/; https://www.nationalarchives.gov.uk/explore-the-collection/explore-by-time-period/early-modern/plague/; https://www.nationalarchives.gov.uk/explore-the-collection/stories/john-blanke-petition-for-pay-rise/
https://www.nationalarchives.gov.uk/media/images/loading-d-day-casua.6fd3e998.fill-600x400.format-jpeg.jpegquality-60.bgcolor-fff.jpg,,(empty) [10] | Photograph looking down on around thirty people unloading stretchers from vans marked with crosses. [1],DECORATIVE,,,(missing) [11],,(missing) [11],,(missing) [11],,,true,600,400,11,11,https://www.nationalarchives.gov.uk/explore-the-collection/explore-by-topic/; https://www.nationalarchives.gov.uk/explore-the-collection/stories/christine-granville-application/; https://www.nationalarchives.gov.uk/explore-the-collection/explore-by-time-period/early-20th-century/women-first-world-war/; https://www.nationalarchives.gov.uk/explore-the-collection/explore-by-time-period/georgians/the-life-and-career-of-horatio-nelson/; https://www.nationalarchives.gov.uk/explore-the-collection/explore-by-time-period/second-world-war/women-and-the-second-world-war/; https://www.nationalarchives.gov.uk/explore-the-collection/explore-by-time-period/early-20th-century/lives-on-the-front/; https://www.nationalarchives.gov.uk/explore-the-collection/explore-by-time-period/victorians/the-crimean-war/; https://www.nationalarchives.gov.uk/explore-the-collection/explore-by-time-period/second-world-war/second-world-war-propaganda-posters/; https://www.nationalarchives.gov.uk/explore-the-collection/explore-by-time-period/postwar/the-cold-war/; https://www.nationalarchives.gov.uk/explore-the-collection/explore-by-time-period/early-20th-century/technology-first-world-war/; https://www.nationalarchives.gov.uk/explore-the-collection/explore-by-time-period/medieval/the-wars-of-the-roses/
https://www.nationalarchives.gov.uk/media/images/hg-textile-design-re_XArjaHU.addcc748.fill-600x400.format-jpeg.jpegquality-60.bgcolor-fff.jpg,,(empty) [7] | A white textile with two red and green stripes along with black dots in between. [3],DECORATIVE,,,(missing) [10],,(missing) [10],,(missing) [10],,,true,600,400,10,10,https://www.nationalarchives.gov.uk/explore-the-collection/explore-by-topic/arts-and-culture/; https://www.nationalarchives.gov.uk/explore-the-collection/explore-by-time-period/early-20th-century/; https://www.nationalarchives.gov.uk/explore-the-collection/explore-by-topic/; https://www.nationalarchives.gov.uk/explore-the-collection/stories/william-shakespeare/; https://www.nationalarchives.gov.uk/explore-the-collection/stories/copyright-registration-form-for-bram-stokers-dracula/; https://www.nationalarchives.gov.uk/explore-the-collection/explore-by-time-period/victorians/victorian-ornamental-design/; https://www.nationalarchives.gov.uk/explore-the-collection/explore-by-time-period/early-modern/william-shakespeare-life/; https://www.nationalarchives.gov.uk/explore-the-collection/explore-by-time-period/early-20th-century/edwardian-textile-designs/; https://www.nationalarchives.gov.uk/explore-the-collection/explore-by-time-period/victorians/victorian-fashion/; https://www.nationalarchives.gov.uk/explore-the-collection/stories/john-blanke-petition-for-pay-rise/
https://www.nationalarchives.gov.uk/media/images/kings-bench-plea-rol_VM1JVxw.f1c93cd1.fill-600x400.format-jpeg.jpegquality-60.bgcolor-fff.jpg,,"(empty) [6] | Red and white and illustration of the young, clean-shaven King Henry VIII sat on a throne with a gilded orb, sceptre and crown, surrounded by a border of tree branches and monsters. [4]",DECORATIVE,,,(missing) [10],,(missing) [10],,(missing) [10],,,true,600,400,10,10,https://www.nationalarchives.gov.uk/explore-the-collection/explore-by-topic/crime-courts-and-justice/; https://www.nationalarchives.gov.uk/explore-the-collection/explore-by-time-period/early-modern/; https://www.nationalarchives.gov.uk/explore-the-collection/explore-by-topic/; https://www.nationalarchives.gov.uk/explore-the-collection/stories/sophia-todd/; https://www.nationalarchives.gov.uk/explore-the-collection/stories/richard-iii/; https://www.nationalarchives.gov.uk/explore-the-collection/stories/the-monteagle-letter/; https://www.nationalarchives.gov.uk/explore-the-collection/explore-by-topic/crime-courts-and-justice/policing-and-prosecution/; https://www.nationalarchives.gov.uk/explore-the-collection/explore-by-topic/crime-courts-and-justice/treason/; https://www.nationalarchives.gov.uk/explore-the-collection/explore-by-time-period/early-modern/witchcraft/; https://www.nationalarchives.gov.uk/explore-the-collection/stories/angry-letter-sent-during-the-bread-or-blood-riots/
https://www.nationalarchives.gov.uk/media/images/Colour_panorama_of_t_UZvQDM7.2e16d0ba.fill-600x400.format-jpeg.jpegquality-60.bgcolor-fff.jpg,,(empty) [5] | Colourful illustration showing an aerial view of the Festival of Britain structures on London's South Bank. [5],DECORATIVE,,,(missing) [10],,(missing) [10],,(missing) [10],,,true,384,256,10,9,https://www.nationalarchives.gov.uk/explore-the-collection/explore-by-topic/business-finance-and-innovation/; https://www.nationalarchives.gov.uk/explore-the-collection/explore-by-topic/international-trade-and-affairs/; https://www.nationalarchives.gov.uk/explore-the-collection/explore-by-time-period/postwar/; https://www.nationalarchives.gov.uk/explore-the-collection/explore-by-topic/; https://www.nationalarchives.gov.uk/explore-the-collection/explore-by-time-period/victorians/victorian-bright-ideas/; https://www.nationalarchives.gov.uk/explore-the-collection/explore-by-topic/business-finance-and-innovation/british-industry/; https://www.nationalarchives.gov.uk/explore-the-collection/explore-by-time-period/postwar/the-festival-of-britain-1951/; https://www.nationalarchives.gov.uk/explore-the-collection/stories/registered-design-for-expanding-travelling-basket/; https://www.nationalarchives.gov.uk/explore-the-collection/explore-by-time-period/victorians/top-hats/
https://www.nationalarchives.gov.uk/media/images/Emmeline-pankhurst-h_6zcDbjc.23b1d58d.fill-600x400.format-jpeg.jpegquality-60.bgcolor-fff.jpg,,(empty) [9],DECORATIVE,,,(missing) [9],,(missing) [9],,(missing) [9],,,true,600,400,9,9,https://www.nationalarchives.gov.uk/; https://www.nationalarchives.gov.uk/explore-the-collection/explore-by-topic/crime-courts-and-justice/; https://www.nationalarchives.gov.uk/explore-the-collection/explore-by-topic/identity-and-community/; https://www.nationalarchives.gov.uk/explore-the-collection/explore-by-time-period/early-20th-century/; https://www.nationalarchives.gov.uk/explore-the-collection/explore-by-topic/; https://www.nationalarchives.gov.uk/explore-the-collection/explore-by-time-period/; https://www.nationalarchives.gov.uk/explore-the-collection/stories/list-of-suffragettes-arrested-from-1906-1914/; https://www.nationalarchives.gov.uk/explore-the-collection/explore-by-topic/democracy-and-protest/; https://www.nationalarchives.gov.uk/explore-the-collection/explore-by-topic/democracy-and-protest/womens-suffrage/
https://www.nationalarchives.gov.uk/media/images/Insaaf_p.e8c48545.fill-600x400.format-jpeg.jpegquality-60.bgcolor-fff.jpg,,(empty) [5] | Film poster with illustrations of characters in purple and red [4],DECORATIVE,,,(missing) [9],,(missing) [9],,(missing) [9],,,true,384,256,9,9,https://www.nationalarchives.gov.uk/explore-the-collection/explore-by-topic/identity-and-community/; https://www.nationalarchives.gov.uk/explore-the-collection/explore-by-topic/migration-and-citizenship/; https://www.nationalarchives.gov.uk/explore-the-collection/explore-by-time-period/postwar/; https://www.nationalarchives.gov.uk/explore-the-collection/explore-by-topic/; https://www.nationalarchives.gov.uk/explore-the-collection/stories/radclyffe-hall/; https://www.nationalarchives.gov.uk/explore-the-collection/stories/maud-allan/; https://www.nationalarchives.gov.uk/explore-the-collection/stories/caravan-club/; https://www.nationalarchives.gov.uk/explore-the-collection/stories/nancy-cunard/; https://www.nationalarchives.gov.uk/explore-the-collection/explore-by-topic/identity-and-community/sexuality-identity/
https://www.nationalarchives.gov.uk/media/images/windrush-passenger.38305bc8.fill-600x400.format-jpeg.jpegquality-60.bgcolor-fff.jpg,,(empty) [9],DECORATIVE,,,(missing) [9],,(missing) [9],,(missing) [9],,,true,600,400,9,9,https://www.nationalarchives.gov.uk/explore-the-collection/explore-by-topic/transport-and-travel/; https://www.nationalarchives.gov.uk/explore-the-collection/explore-by-topic/identity-and-community/; https://www.nationalarchives.gov.uk/explore-the-collection/explore-by-topic/migration-and-citizenship/; https://www.nationalarchives.gov.uk/explore-the-collection/explore-by-time-period/postwar/; https://www.nationalarchives.gov.uk/explore-the-collection/explore-by-topic/; https://www.nationalarchives.gov.uk/explore-the-collection/stories/insaaf/; https://www.nationalarchives.gov.uk/explore-the-collection/stories/ormonde-almanzora-windrush/; https://www.nationalarchives.gov.uk/explore-the-collection/explore-by-topic/migration-and-citizenship/coming-to-britain/; https://www.nationalarchives.gov.uk/explore-the-collection/stories/ivor-cummings/
https://www.nationalarchives.gov.uk/media/images/hg-prize-papers-la-perla-le.bbae6780.fill-600x400.format-jpeg.jpegquality-60.bgcolor-fff.jpg,,(empty) [7] | A box tightly packed with bundles of letters. One letter sat on top is marked 'Lima' in red. [1],DECORATIVE,,,(missing) [8],,(missing) [8],,(missing) [8],,,true,600,400,8,8,https://www.nationalarchives.gov.uk/explore-the-collection/explore-by-time-period/; https://www.nationalarchives.gov.uk/explore-the-collection/explore-by-time-period/georgians/the-peterloo-massacre/; https://www.nationalarchives.gov.uk/explore-the-collection/explore-by-time-period/georgians/the-prize-papers/; https://www.nationalarchives.gov.uk/explore-the-collection/explore-by-time-period/georgians/the-life-and-career-of-horatio-nelson/; https://www.nationalarchives.gov.uk/explore-the-collection/explore-by-time-period/georgians/transatlantic-slave-trade/; https://www.nationalarchives.gov.uk/explore-the-collection/stories/angry-letter-sent-during-the-bread-or-blood-riots/; https://www.nationalarchives.gov.uk/explore-the-collection/explore-by-time-period/georgians/1833-abolition-of-slavery-act-and-compensation-claims/; https://www.nationalarchives.gov.uk/explore-the-collection/explore-by-time-period/georgians/native-americans-18th-century/
https://www.nationalarchives.gov.uk/media/images/penicillin-d-day-t_wNCd9M3.2e16d0ba.fill-600x400.format-jpeg.jpegquality-60.bgcolor-fff.jpg,,(empty) [8],DECORATIVE,,,(missing) [8],,(missing) [8],,(missing) [8],,,true,600,400,8,8,https://www.nationalarchives.gov.uk/explore-the-collection/explore-by-topic/health-and-welfare/; https://www.nationalarchives.gov.uk/explore-the-collection/explore-by-time-period/second-world-war/; https://www.nationalarchives.gov.uk/explore-the-collection/explore-by-time-period/; https://www.nationalarchives.gov.uk/explore-the-collection/explore-by-topic/military-and-war/; https://www.nationalarchives.gov.uk/explore-the-collection/stories/christine-granville-application/; https://www.nationalarchives.gov.uk/explore-the-collection/explore-by-time-period/second-world-war/the-national-farm-survey-1941-1943/; https://www.nationalarchives.gov.uk/explore-the-collection/explore-by-time-period/second-world-war/women-and-the-second-world-war/; https://www.nationalarchives.gov.uk/explore-the-collection/explore-by-time-period/second-world-war/second-world-war-propaganda-posters/
https://www.nationalarchives.gov.uk/media/images/13th-century-tally-s_MRrtZcG.2e16d0ba.fill-600x400.format-jpeg.jpegquality-60.bgcolor-fff.jpg,,(empty) [7],DECORATIVE,,,(missing) [7],,(missing) [7],,(missing) [7],,,true,600,400,7,7,https://www.nationalarchives.gov.uk/explore-the-collection/explore-by-topic/business-finance-and-innovation/; https://www.nationalarchives.gov.uk/explore-the-collection/explore-by-time-period/medieval/; https://www.nationalarchives.gov.uk/explore-the-collection/explore-by-time-period/; https://www.nationalarchives.gov.uk/explore-the-collection/stories/richard-iii/; https://www.nationalarchives.gov.uk/explore-the-collection/explore-by-time-period/medieval/domesday/; https://www.nationalarchives.gov.uk/explore-the-collection/explore-by-time-period/medieval/magna-carta/; https://www.nationalarchives.gov.uk/explore-the-collection/explore-by-time-period/medieval/the-wars-of-the-roses/
https://www.nationalarchives.gov.uk/media/images/sarah-parker-remond-_sonCG9f.2e16d0ba.fill-600x400.format-jpeg.jpegquality-60.bgcolor-fff.jpg,,(empty) [6],DECORATIVE,,,(missing) [6],,(missing) [6],,(missing) [6],,,true,384,256,6,6,https://www.nationalarchives.gov.uk/explore-the-collection/explore-by-topic/identity-and-community/; https://www.nationalarchives.gov.uk/explore-the-collection/explore-by-topic/migration-and-citizenship/; https://www.nationalarchives.gov.uk/explore-the-collection/explore-by-time-period/victorians/; https://www.nationalarchives.gov.uk/explore-the-collection/stories/alice-hawkins/; https://www.nationalarchives.gov.uk/explore-the-collection/stories/emmeline-pankhurst/; https://www.nationalarchives.gov.uk/explore-the-collection/explore-by-topic/democracy-and-protest/
https://www.nationalarchives.gov.uk/media/images/home-office-index-te_eKME56G.2e16d0ba.fill-600x400.format-jpeg.jpegquality-60.bgcolor-fff.jpg,,(empty) [6],DECORATIVE,,,(missing) [6],,(missing) [6],,(missing) [6],,,true,384,256,6,5,https://www.nationalarchives.gov.uk/explore-the-collection/explore-by-topic/crime-courts-and-justice/; https://www.nationalarchives.gov.uk/explore-the-collection/explore-by-time-period/early-20th-century/; https://www.nationalarchives.gov.uk/explore-the-collection/stories/alice-hawkins/; https://www.nationalarchives.gov.uk/explore-the-collection/stories/emmeline-pankhurst/; https://www.nationalarchives.gov.uk/explore-the-collection/explore-by-topic/democracy-and-protest/
https://www.nationalarchives.gov.uk/media/images/boston-tea-party-te_9f30YYq.7182a86a.fill-600x400.format-jpeg.jpegquality-60.bgcolor-fff.jpg,,(empty) [5],DECORATIVE,,,(missing) [5],,(missing) [5],,(missing) [5],,,true,600,400,5,5,https://www.nationalarchives.gov.uk/explore-the-collection/explore-by-topic/international-trade-and-affairs/; https://www.nationalarchives.gov.uk/explore-the-collection/explore-by-time-period/georgians/; https://www.nationalarchives.gov.uk/explore-the-collection/stories/shapurji-saklatvala/; https://www.nationalarchives.gov.uk/explore-the-collection/stories/emmeline-pankhurst/; https://www.nationalarchives.gov.uk/explore-the-collection/explore-by-topic/democracy-and-protest/
https://www.nationalarchives.gov.uk/media/images/hg-prize-papers-cant_R6EGV8M.0bd5971d.fill-600x400.format-jpeg.jpegquality-60.bgcolor-fff.jpg,,"(empty) [4] | A red, patterned wallet above a number of small slips of paper that it contained. [1]",DECORATIVE,,,(missing) [5],,(missing) [5],,(missing) [5],,,true,600,400,5,5,https://www.nationalarchives.gov.uk/explore-the-collection/explore-by-topic/; https://www.nationalarchives.gov.uk/explore-the-collection/stories/festival-of-britain/; https://www.nationalarchives.gov.uk/explore-the-collection/explore-by-time-period/interwar/empire-marketing-board-posters/; https://www.nationalarchives.gov.uk/explore-the-collection/explore-by-time-period/georgians/the-prize-papers/; https://www.nationalarchives.gov.uk/explore-the-collection/explore-by-topic/international-trade-and-affairs/international-exhibitions/
https://www.nationalarchives.gov.uk/media/images/map-of-chertsey-abbey-te.3fa81a50.fill-600x400.format-jpeg.jpegquality-60.bgcolor-fff.jpg,,(empty) [5],DECORATIVE,,,(missing) [5],,(missing) [5],,(missing) [5],,,true,600,400,5,5,https://www.nationalarchives.gov.uk/explore-the-collection/explore-by-topic/; https://www.nationalarchives.gov.uk/explore-the-collection/explore-by-time-period/medieval/domesday/; https://www.nationalarchives.gov.uk/explore-the-collection/explore-by-topic/land-and-buildings/architecture/; https://www.nationalarchives.gov.uk/explore-the-collection/explore-by-time-period/interwar/dixon-scott-photos-of-british-life/; https://www.nationalarchives.gov.uk/explore-the-collection/explore-by-time-period/early-modern/early-modern-maps/
https://www.nationalarchives.gov.uk/media/images/origins_28_h_FC7Fmmg.f3991c00.fill-600x400.format-jpeg.jpegquality-60.bgcolor-fff.jpg,,(empty) [5],DECORATIVE,,,(missing) [5],,(missing) [5],,(missing) [5],,,true,384,256,5,5,https://www.nationalarchives.gov.uk/explore-the-collection/explore-by-topic/crime-courts-and-justice/; https://www.nationalarchives.gov.uk/explore-the-collection/explore-by-topic/identity-and-community/; https://www.nationalarchives.gov.uk/explore-the-collection/explore-by-time-period/postwar/; https://www.nationalarchives.gov.uk/explore-the-collection/explore-by-topic/democracy-and-protest/; https://www.nationalarchives.gov.uk/explore-the-collection/explore-by-topic/identity-and-community/sexuality-identity/
https://www.nationalarchives.gov.uk/media/images/transport-and-travel_YJB1ZNa.e967dcd1.fill-600x400.format-jpeg.jpegquality-60.bgcolor-fff.jpg,,(empty) [5],DECORATIVE,,,(missing) [5],,(missing) [5],,(missing) [5],,,true,600,400,5,5,https://www.nationalarchives.gov.uk/explore-the-collection/explore-by-topic/; https://www.nationalarchives.gov.uk/explore-the-collection/explore-by-topic/transport-and-travel/victorian-and-edwardian-travel-posters/; https://www.nationalarchives.gov.uk/explore-the-collection/explore-by-topic/transport-and-travel/road-safety-campaigns/; https://www.nationalarchives.gov.uk/explore-the-collection/explore-by-time-period/victorians/age-of-mass-migration/; https://www.nationalarchives.gov.uk/explore-the-collection/explore-by-topic/transport-and-travel/railways/
https://www.nationalarchives.gov.uk/media/images/treaty-of-v-t.dc899047.fill-600x400.format-jpeg.jpegquality-60.bgcolor-fff.jpg,,(empty) [5],DECORATIVE,,,(missing) [5],,(missing) [5],,(missing) [5],,,true,600,400,5,5,https://www.nationalarchives.gov.uk/explore-the-collection/explore-by-time-period/early-20th-century/; https://www.nationalarchives.gov.uk/explore-the-collection/explore-by-time-period/interwar/; https://www.nationalarchives.gov.uk/explore-the-collection/explore-by-topic/military-and-war/; https://www.nationalarchives.gov.uk/explore-the-collection/explore-by-time-period/early-20th-century/lives-on-the-front/; https://www.nationalarchives.gov.uk/explore-the-collection/explore-by-time-period/early-20th-century/technology-first-world-war/
https://www.nationalarchives.gov.uk/media/images/wartime-su.ba9b0df7.fill-600x400.format-jpeg.jpegquality-60.bgcolor-fff.jpg,,(empty) [4] | Eight people in medical gowns and masks in an operating theatre while some perform surgery. [1],DECORATIVE,,,(missing) [5],,(missing) [5],,(missing) [5],,,true,600,400,5,5,https://www.nationalarchives.gov.uk/explore-the-collection/explore-by-topic/; https://www.nationalarchives.gov.uk/explore-the-collection/stories/the-foundation-of-the-nhs/; https://www.nationalarchives.gov.uk/explore-the-collection/explore-by-topic/health-and-welfare/public-health-campaigns/; https://www.nationalarchives.gov.uk/explore-the-collection/explore-by-time-period/early-modern/plague/; https://www.nationalarchives.gov.uk/explore-the-collection/explore-by-topic/health-and-welfare/nhs-posters-and-leaflets/
https://www.nationalarchives.gov.uk/media/images/Caravan_h_9NTq0C6.2e16d0ba.fill-600x400.format-jpeg.jpegquality-60.bgcolor-fff.jpg,,(empty) [4],DECORATIVE,,,(missing) [4],,(missing) [4],,(missing) [4],,,true,384,256,4,4,https://www.nationalarchives.gov.uk/explore-the-collection/explore-by-topic/crime-courts-and-justice/; https://www.nationalarchives.gov.uk/explore-the-collection/explore-by-topic/identity-and-community/; https://www.nationalarchives.gov.uk/explore-the-collection/explore-by-topic/land-and-buildings/; https://www.nationalarchives.gov.uk/explore-the-collection/explore-by-time-period/interwar/
https://www.nationalarchives.gov.uk/media/images/ivor-h_3P2Bqmd.628a312e.fill-600x400.format-jpeg.jpegquality-60.bgcolor-fff.jpg,,(empty) [4],DECORATIVE,,,(missing) [4],,(missing) [4],,(missing) [4],,,true,384,256,4,4,https://www.nationalarchives.gov.uk/explore-the-collection/explore-by-topic/identity-and-community/; https://www.nationalarchives.gov.uk/explore-the-collection/explore-by-topic/migration-and-citizenship/; https://www.nationalarchives.gov.uk/explore-the-collection/explore-by-time-period/interwar/; https://www.nationalarchives.gov.uk/explore-the-collection/explore-by-time-period/postwar/
https://www.nationalarchives.gov.uk/media/images/john-blanke-featured_DM9fwSA.2e16d0ba.fill-600x400.format-jpeg.jpegquality-60.bgcolor-fff.jpg,,(empty) [4],DECORATIVE,,,(missing) [4],,(missing) [4],,(missing) [4],,,true,384,256,4,4,https://www.nationalarchives.gov.uk/explore-the-collection/explore-by-topic/arts-and-culture/; https://www.nationalarchives.gov.uk/explore-the-collection/explore-by-topic/identity-and-community/; https://www.nationalarchives.gov.uk/explore-the-collection/explore-by-time-period/early-modern/; https://www.nationalarchives.gov.uk/explore-the-collection/stories/john-blanke-petition-for-pay-rise/
https://www.nationalarchives.gov.uk/media/images/maud_allan_hero__wUOvMPK.2e16d0ba.fill-600x400.format-jpeg.jpegquality-60.bgcolor-fff.jpg,,(empty) [4],DECORATIVE,,,(missing) [4],,(missing) [4],,(missing) [4],,,true,384,256,4,4,https://www.nationalarchives.gov.uk/explore-the-collection/explore-by-topic/arts-and-culture/; https://www.nationalarchives.gov.uk/explore-the-collection/explore-by-topic/crime-courts-and-justice/; https://www.nationalarchives.gov.uk/explore-the-collection/explore-by-topic/identity-and-community/; https://www.nationalarchives.gov.uk/explore-the-collection/explore-by-time-period/early-20th-century/
https://www.nationalarchives.gov.uk/media/images/radclyffe-_Jluh52j.2e16d0ba.fill-600x400.format-jpeg.jpegquality-60.bgcolor-fff.jpg,,(empty) [4],DECORATIVE,,,(missing) [4],,(missing) [4],,(missing) [4],,,true,384,256,4,4,https://www.nationalarchives.gov.uk/explore-the-collection/explore-by-topic/arts-and-culture/; https://www.nationalarchives.gov.uk/explore-the-collection/explore-by-topic/crime-courts-and-justice/; https://www.nationalarchives.gov.uk/explore-the-collection/explore-by-topic/identity-and-community/; https://www.nationalarchives.gov.uk/explore-the-collection/explore-by-time-period/interwar/
https://www.nationalarchives.gov.uk/media/images/section-28-2-scales-_28QcUkU.2e16d0ba.fill-600x400.format-jpeg.jpegquality-60.bgcolor-fff.jpg,,(empty) [4],DECORATIVE,,,(missing) [4],,(missing) [4],,(missing) [4],,,true,384,256,4,4,https://www.nationalarchives.gov.uk/explore-the-collection/explore-by-topic/crime-courts-and-justice/; https://www.nationalarchives.gov.uk/explore-the-collection/explore-by-topic/identity-and-community/; https://www.nationalarchives.gov.uk/explore-the-collection/explore-by-time-period/postwar/; https://www.nationalarchives.gov.uk/explore-the-collection/explore-by-topic/democracy-and-protest/
https://www.nationalarchives.gov.uk/media/images/three-volumes-covado_eP5ut9s.2e16d0ba.fill-600x400.format-jpeg.jpegquality-60.bgcolor-fff.jpg,,(empty) [4],DECORATIVE,,,(missing) [4],,(missing) [4],,(missing) [4],,,true,600,400,4,4,https://www.nationalarchives.gov.uk/explore-the-collection/explore-by-topic/international-trade-and-affairs/; https://www.nationalarchives.gov.uk/explore-the-collection/explore-by-time-period/georgians/; https://www.nationalarchives.gov.uk/explore-the-collection/explore-by-topic/military-and-war/; https://www.nationalarchives.gov.uk/explore-the-collection/explore-by-time-period/georgians/the-prize-papers/
https://www.nationalarchives.gov.uk/media/images/womens-land-army-p.2e16d0ba.fill-600x400.format-jpeg.jpegquality-60.bgcolor-fff.jpg,,(empty) [3] | A Women's Land Army recruitment poster showing a land girl operating farming machinery in a field. [1],DECORATIVE,,,(missing) [4],,(missing) [4],,(missing) [4],,,true,600,400,4,4,https://www.nationalarchives.gov.uk/explore-the-collection/explore-by-topic/; https://www.nationalarchives.gov.uk/explore-the-collection/explore-by-time-period/second-world-war/the-national-farm-survey-1941-1943/; https://www.nationalarchives.gov.uk/explore-the-collection/explore-by-topic/environment-and-agriculture/rural-life/; https://www.nationalarchives.gov.uk/explore-the-collection/explore-by-time-period/victorians/peter-henry-emerson-rural-photography/
https://www.nationalarchives.gov.uk/media/images/bear-schedule-te_6OYwmJ0.2e16d0ba.fill-600x400.format-jpeg.jpegquality-60.bgcolor-fff.jpg,,(empty) [3],DECORATIVE,,,(missing) [3],,(missing) [3],,(missing) [3],,,true,600,400,3,3,https://www.nationalarchives.gov.uk/explore-the-collection/explore-by-topic/land-and-buildings/; https://www.nationalarchives.gov.uk/explore-the-collection/explore-by-time-period/early-modern/; https://www.nationalarchives.gov.uk/explore-the-collection/stories/
https://www.nationalarchives.gov.uk/media/images/ben-enwonwu-te.ae9196b2.fill-600x400.format-jpeg.jpegquality-60.bgcolor-fff.jpg,,(empty) [3],DECORATIVE,,,(missing) [3],,(missing) [3],,(missing) [3],,,true,600,400,3,3,https://www.nationalarchives.gov.uk/explore-the-collection/explore-by-topic/arts-and-culture/; https://www.nationalarchives.gov.uk/explore-the-collection/explore-by-time-period/second-world-war/; https://www.nationalarchives.gov.uk/explore-the-collection/explore-by-time-period/postwar/
https://www.nationalarchives.gov.uk/media/images/can-we-be-counte_wtwpfBa.2e16d0ba.fill-600x400.format-jpeg.jpegquality-60.bgcolor-fff.jpg,,(empty) [3],DECORATIVE,,,(missing) [3],,(missing) [3],,(missing) [3],,,true,384,256,3,3,https://www.nationalarchives.gov.uk/explore-the-collection/explore-by-topic/identity-and-community/; https://www.nationalarchives.gov.uk/explore-the-collection/explore-by-time-period/postwar/; https://www.nationalarchives.gov.uk/explore-the-collection/explore-by-topic/democracy-and-protest/
https://www.nationalarchives.gov.uk/media/images/COPY1-451_Samuel_Col_IxFp8LO.2e16d0ba.fill-600x400.format-jpeg.jpegquality-60.bgcolor-fff.jpg,,(empty) [3],DECORATIVE,,,(missing) [3],,(missing) [3],,(missing) [3],,,true,384,256,3,3,https://www.nationalarchives.gov.uk/explore-the-collection/explore-by-topic/arts-and-culture/; https://www.nationalarchives.gov.uk/explore-the-collection/explore-by-time-period/victorians/; https://www.nationalarchives.gov.uk/explore-the-collection/explore-by-time-period/early-20th-century/
https://www.nationalarchives.gov.uk/media/images/evelyn-dove-t_SZigRKq.2e16d0ba.fill-600x400.format-jpeg.jpegquality-60.bgcolor-fff.jpg,,(empty) [3],DECORATIVE,,,(missing) [3],,(missing) [3],,(missing) [3],,,true,384,256,3,3,https://www.nationalarchives.gov.uk/explore-the-collection/explore-by-topic/arts-and-culture/; https://www.nationalarchives.gov.uk/explore-the-collection/explore-by-topic/identity-and-community/; https://www.nationalarchives.gov.uk/explore-the-collection/explore-by-time-period/interwar/
https://www.nationalarchives.gov.uk/media/images/hg-model-of-the-brit_vkBqM5L.d20e9045.fill-600x400.format-jpeg.jpegquality-60.bgcolor-fff.jpg,,(empty) [3],DECORATIVE,,,(missing) [3],,(missing) [3],,(missing) [3],,,true,600,400,3,3,https://www.nationalarchives.gov.uk/explore-the-collection/explore-by-topic/business-finance-and-innovation/; https://www.nationalarchives.gov.uk/explore-the-collection/explore-by-topic/international-trade-and-affairs/; https://www.nationalarchives.gov.uk/explore-the-collection/explore-by-time-period/victorians/
https://www.nationalarchives.gov.uk/media/images/letters-papers-forei_wNptLKu.2e16d0ba.fill-600x400.format-jpeg.jpegquality-60.bgcolor-fff.jpg,,(empty) [3],DECORATIVE,,,(missing) [3],,(missing) [3],,(missing) [3],,,true,600,400,3,3,https://www.nationalarchives.gov.uk/explore-the-collection/explore-by-topic/international-trade-and-affairs/; https://www.nationalarchives.gov.uk/explore-the-collection/explore-by-time-period/early-modern/; https://www.nationalarchives.gov.uk/explore-the-collection/stories/the-foundation-of-the-nhs/
https://www.nationalarchives.gov.uk/media/images/louise-bennett-featu_UGkyCox.2e16d0ba.fill-600x400.format-jpeg.jpegquality-60.bgcolor-fff.jpg,,(empty) [3],DECORATIVE,,,(missing) [3],,(missing) [3],,(missing) [3],,,true,384,256,3,3,https://www.nationalarchives.gov.uk/explore-the-collection/explore-by-topic/arts-and-culture/; https://www.nationalarchives.gov.uk/explore-the-collection/explore-by-topic/migration-and-citizenship/; https://www.nationalarchives.gov.uk/explore-the-collection/explore-by-time-period/postwar/
https://www.nationalarchives.gov.uk/media/images/ludwig-guttmann-exce_QullmRv.302827c5.fill-600x400.format-jpeg.jpegquality-60.bgcolor-fff.jpg,,(empty) [3],DECORATIVE,,,(missing) [3],,(missing) [3],,(missing) [3],,,true,384,256,3,3,https://www.nationalarchives.gov.uk/explore-the-collection/explore-by-topic/health-and-welfare/; https://www.nationalarchives.gov.uk/explore-the-collection/explore-by-topic/migration-and-citizenship/; https://www.nationalarchives.gov.uk/explore-the-collection/explore-by-time-period/postwar/
https://www.nationalarchives.gov.uk/media/images/MH-154-835-leaflet-t_qo3v7at.2e16d0ba.fill-600x400.format-jpeg.jpegquality-60.bgcolor-fff.jpg,,(empty) [3],DECORATIVE,,,(missing) [3],,(missing) [3],,(missing) [3],,,true,384,256,3,3,https://www.nationalarchives.gov.uk/explore-the-collection/explore-by-topic/identity-and-community/; https://www.nationalarchives.gov.uk/explore-the-collection/explore-by-topic/health-and-welfare/; https://www.nationalarchives.gov.uk/explore-the-collection/explore-by-time-period/postwar/
https://www.nationalarchives.gov.uk/media/images/monteagle-letter-t_Zm4valr.398a292f.fill-600x400.format-jpeg.jpegquality-60.bgcolor-fff.jpg,,(empty) [3],DECORATIVE,,,(missing) [3],,(missing) [3],,(missing) [3],,,true,384,256,3,3,https://www.nationalarchives.gov.uk/explore-the-collection/explore-by-topic/crime-courts-and-justice/; https://www.nationalarchives.gov.uk/explore-the-collection/explore-by-time-period/early-modern/; https://www.nationalarchives.gov.uk/explore-the-collection/explore-by-topic/crime-courts-and-justice/treason/
https://www.nationalarchives.gov.uk/media/images/muller-lemons-t_5FMipk9.4106a48c.fill-600x400.format-jpeg.jpegquality-60.bgcolor-fff.jpg,,(empty) [3],DECORATIVE,,,(missing) [3],,(missing) [3],,(missing) [3],,,true,384,256,3,3,https://www.nationalarchives.gov.uk/explore-the-collection/explore-by-topic/crime-courts-and-justice/; https://www.nationalarchives.gov.uk/explore-the-collection/explore-by-time-period/early-20th-century/; https://www.nationalarchives.gov.uk/explore-the-collection/explore-by-topic/military-and-war/
https://www.nationalarchives.gov.uk/media/images/Nancy-square-_Wg1ycjk.12e9b43f.fill-600x400.format-jpeg.jpegquality-60.bgcolor-fff.jpg,,(empty) [3],DECORATIVE,,,(missing) [3],,(missing) [3],,(missing) [3],,,true,384,256,3,3,https://www.nationalarchives.gov.uk/explore-the-collection/explore-by-topic/crime-courts-and-justice/; https://www.nationalarchives.gov.uk/explore-the-collection/explore-by-topic/identity-and-community/; https://www.nationalarchives.gov.uk/explore-the-collection/explore-by-time-period/interwar/
https://www.nationalarchives.gov.uk/media/images/ned-ludd-t_h4XgoK7.2e16d0ba.fill-600x400.format-jpeg.jpegquality-60.bgcolor-fff.jpg,,(empty) [3],DECORATIVE,,,(missing) [3],,(missing) [3],,(missing) [3],,,true,384,256,3,3,https://www.nationalarchives.gov.uk/explore-the-collection/explore-by-time-period/georgians/; https://www.nationalarchives.gov.uk/explore-the-collection/explore-by-topic/democracy-and-protest/; https://www.nationalarchives.gov.uk/explore-the-collection/stories/angry-letter-sent-during-the-bread-or-blood-riots/
https://www.nationalarchives.gov.uk/media/images/salonika-t_oo7zEGO.2e16d0ba.fill-600x400.format-jpeg.jpegquality-60.bgcolor-fff.jpg,,(empty) [3],DECORATIVE,,,(missing) [3],,(missing) [3],,(missing) [3],,,true,600,400,3,3,https://www.nationalarchives.gov.uk/explore-the-collection/explore-by-topic/health-and-welfare/; https://www.nationalarchives.gov.uk/explore-the-collection/explore-by-time-period/early-20th-century/; https://www.nationalarchives.gov.uk/explore-the-collection/explore-by-topic/military-and-war/
https://www.nationalarchives.gov.uk/media/images/secret-letter-great-_bYZESHy.2e16d0ba.fill-600x400.format-jpeg.jpegquality-60.bgcolor-fff.jpg,,(empty) [3],DECORATIVE,,,(missing) [3],,(missing) [3],,(missing) [3],,,true,384,256,3,3,https://www.nationalarchives.gov.uk/explore-the-collection/explore-by-time-period/second-world-war/; https://www.nationalarchives.gov.uk/explore-the-collection/explore-by-topic/military-and-war/; https://www.nationalarchives.gov.uk/explore-the-collection/explore-by-time-period/second-world-war/second-world-war-propaganda-posters/
https://www.nationalarchives.gov.uk/media/images/solas-treaty-t_ZmAPkgW.2e16d0ba.fill-600x400.format-jpeg.jpegquality-60.bgcolor-fff.jpg,,(empty) [3],DECORATIVE,,,(missing) [3],,(missing) [3],,(missing) [3],,,true,600,400,3,3,https://www.nationalarchives.gov.uk/explore-the-collection/explore-by-topic/transport-and-travel/; https://www.nationalarchives.gov.uk/explore-the-collection/explore-by-topic/international-trade-and-affairs/; https://www.nationalarchives.gov.uk/explore-the-collection/explore-by-time-period/early-20th-century/
https://www.nationalarchives.gov.uk/media/images/Sophia-Jex-Blake-Nat_PTid2sE.1d1f8c97.fill-600x400.format-jpeg.jpegquality-60.bgcolor-fff.jpg,,(empty) [3],DECORATIVE,,,(missing) [3],,(missing) [3],,(missing) [3],,,true,384,256,3,3,https://www.nationalarchives.gov.uk/explore-the-collection/explore-by-topic/identity-and-community/; https://www.nationalarchives.gov.uk/explore-the-collection/explore-by-topic/health-and-welfare/; https://www.nationalarchives.gov.uk/explore-the-collection/explore-by-time-period/victorians/
https://www.nationalarchives.gov.uk/media/images/switchboard-photo-t_MZhe96p.2e16d0ba.fill-600x400.format-jpeg.jpegquality-60.bgcolor-fff.jpg,,(empty) [3],DECORATIVE,,,(missing) [3],,(missing) [3],,(missing) [3],,,true,384,256,3,3,https://www.nationalarchives.gov.uk/explore-the-collection/explore-by-topic/identity-and-community/; https://www.nationalarchives.gov.uk/explore-the-collection/explore-by-topic/health-and-welfare/; https://www.nationalarchives.gov.uk/explore-the-collection/explore-by-time-period/postwar/
https://www.nationalarchives.gov.uk/media/images/threatening-letter-e_eHy1HzV.2e16d0ba.fill-600x400.format-jpeg.jpegquality-60.bgcolor-fff.jpg,,(empty) [3],DECORATIVE,,,(missing) [3],,(missing) [3],,(missing) [3],,,true,384,256,3,3,https://www.nationalarchives.gov.uk/explore-the-collection/explore-by-topic/crime-courts-and-justice/; https://www.nationalarchives.gov.uk/explore-the-collection/explore-by-time-period/georgians/; https://www.nationalarchives.gov.uk/explore-the-collection/explore-by-topic/democracy-and-protest/
https://www.nationalarchives.gov.uk/media/images/Toilet_deisgn_teaser_Y73GEGO.2e16d0ba.fill-600x400.format-jpeg.jpegquality-60.bgcolor-fff.jpg,,(empty) [3],DECORATIVE,,,(missing) [3],,(missing) [3],,(missing) [3],,,true,600,400,3,3,https://www.nationalarchives.gov.uk/explore-the-collection/explore-by-topic/business-finance-and-innovation/; https://www.nationalarchives.gov.uk/explore-the-collection/explore-by-topic/health-and-welfare/; https://www.nationalarchives.gov.uk/explore-the-collection/explore-by-time-period/victorians/
https://www.nationalarchives.gov.uk/media/images/top-hats-t.b42633bd.fill-600x400.format-jpeg.jpegquality-60.bgcolor-fff.jpg,,(empty) [3],DECORATIVE,,,(missing) [3],,(missing) [3],,(missing) [3],,,true,600,400,3,3,https://www.nationalarchives.gov.uk/explore-the-collection/explore-by-topic/arts-and-culture/; https://www.nationalarchives.gov.uk/explore-the-collection/explore-by-topic/business-finance-and-innovation/; https://www.nationalarchives.gov.uk/explore-the-collection/explore-by-time-period/victorians/
https://www.nationalarchives.gov.uk/media/images/treasury-receipt-erm_j5s306F.2e16d0ba.fill-600x400.format-jpeg.jpegquality-60.bgcolor-fff.jpg,,(empty) [3],DECORATIVE,,,(missing) [3],,(missing) [3],,(missing) [3],,,true,600,400,3,3,https://www.nationalarchives.gov.uk/explore-the-collection/explore-by-topic/business-finance-and-innovation/; https://www.nationalarchives.gov.uk/explore-the-collection/explore-by-topic/land-and-buildings/; https://www.nationalarchives.gov.uk/explore-the-collection/explore-by-time-period/medieval/
https://www.nationalarchives.gov.uk/media/images/virgina-woolf-te_zghzrzw.2127a1c6.fill-600x400.format-jpeg.jpegquality-60.bgcolor-fff.jpg,,(empty) [3],DECORATIVE,,,(missing) [3],,(missing) [3],,(missing) [3],,,true,384,256,3,3,https://www.nationalarchives.gov.uk/explore-the-collection/explore-by-topic/arts-and-culture/; https://www.nationalarchives.gov.uk/explore-the-collection/explore-by-topic/identity-and-community/; https://www.nationalarchives.gov.uk/explore-the-collection/explore-by-time-period/interwar/
https://www.nationalarchives.gov.uk/media/images/ww2-propaganda-poste_CDpFPbv.2e16d0ba.fill-600x400.format-jpeg.jpegquality-60.bgcolor-fff.jpg,,(empty) [3],DECORATIVE,,,(missing) [3],,(missing) [3],,(missing) [3],,,true,600,400,3,3,https://www.nationalarchives.gov.uk/explore-the-collection/explore-by-topic/arts-and-culture/; https://www.nationalarchives.gov.uk/explore-the-collection/explore-by-time-period/second-world-war/; https://www.nationalarchives.gov.uk/explore-the-collection/explore-by-topic/military-and-war/
https://www.nationalarchives.gov.uk/media/images/1939-war-diary-t_C3E2gWh.2e16d0ba.fill-600x400.format-jpeg.jpegquality-60.bgcolor-fff.jpg,,(empty) [2],DECORATIVE,,,(missing) [2],,(missing) [2],,(missing) [2],,,true,384,256,2,2,https://www.nationalarchives.gov.uk/explore-the-collection/explore-by-time-period/second-world-war/; https://www.nationalarchives.gov.uk/explore-the-collection/explore-by-topic/military-and-war/
https://www.nationalarchives.gov.uk/media/images/20s-health-t_YfVrxg2.2e16d0ba.fill-600x400.format-jpeg.jpegquality-60.bgcolor-fff.jpg,,(empty) [2],DECORATIVE,,,(missing) [2],,(missing) [2],,(missing) [2],,,true,600,400,2,2,https://www.nationalarchives.gov.uk/explore-the-collection/explore-by-topic/health-and-welfare/; https://www.nationalarchives.gov.uk/explore-the-collection/explore-by-time-period/interwar/
https://www.nationalarchives.gov.uk/media/images/ADM1-5124-4-_cC4pfoV.77cc4a79.fill-600x400.format-jpeg.jpegquality-60.bgcolor-fff.jpg,,(empty) [2],DECORATIVE,,,(missing) [2],,(missing) [2],,(missing) [2],,,true,384,256,2,2,https://www.nationalarchives.gov.uk/explore-the-collection/explore-by-topic/crime-courts-and-justice/; https://www.nationalarchives.gov.uk/explore-the-collection/explore-by-time-period/georgians/
https://www.nationalarchives.gov.uk/media/images/anne-lister-and-will-her.6a22996c.fill-600x400.format-jpeg.jpegquality-60.bgcolor-fff.jpg,,(empty) [2],DECORATIVE,,,(missing) [2],,(missing) [2],,(missing) [2],,,true,600,400,2,2,https://www.nationalarchives.gov.uk/explore-the-collection/explore-by-topic/identity-and-community/; https://www.nationalarchives.gov.uk/explore-the-collection/explore-by-time-period/georgians/
https://www.nationalarchives.gov.uk/media/images/arandora-star-t_0XIiczX.2e16d0ba.fill-600x400.format-jpeg.jpegquality-60.bgcolor-fff.jpg,,(empty) [2],DECORATIVE,,,(missing) [2],,(missing) [2],,(missing) [2],,,true,384,256,2,2,https://www.nationalarchives.gov.uk/explore-the-collection/explore-by-time-period/second-world-war/; https://www.nationalarchives.gov.uk/explore-the-collection/explore-by-topic/military-and-war/
https://www.nationalarchives.gov.uk/media/images/blunt-t_q9L7ANC.cdd9c9bb.fill-600x400.format-jpeg.jpegquality-60.bgcolor-fff.jpg,,(empty) [2],DECORATIVE,,,(missing) [2],,(missing) [2],,(missing) [2],,,true,600,400,2,2,https://www.nationalarchives.gov.uk/explore-the-collection/explore-by-topic/crime-courts-and-justice/; https://www.nationalarchives.gov.uk/explore-the-collection/explore-by-time-period/postwar/
https://www.nationalarchives.gov.uk/media/images/british-council-sch_o6VZXSP.2828a293.fill-600x400.format-jpeg.jpegquality-60.bgcolor-fff.jpg,,(empty) [2],DECORATIVE,,,(missing) [2],,(missing) [2],,(missing) [2],,,true,600,400,2,2,https://www.nationalarchives.gov.uk/explore-the-collection/explore-by-topic/migration-and-citizenship/; https://www.nationalarchives.gov.uk/explore-the-collection/explore-by-time-period/postwar/
https://www.nationalarchives.gov.uk/media/images/brixton-1981_QHAlyh8.93e5b09d.fill-600x400.format-jpeg.jpegquality-60.bgcolor-fff.jpg,,(empty) [2],DECORATIVE,,,(missing) [2],,(missing) [2],,(missing) [2],,,true,384,256,2,2,https://www.nationalarchives.gov.uk/explore-the-collection/explore-by-time-period/postwar/; https://www.nationalarchives.gov.uk/explore-the-collection/explore-by-topic/democracy-and-protest/
https://www.nationalarchives.gov.uk/media/images/census-list-of-sailo_OFYH1N2.2e16d0ba.fill-600x400.format-jpeg.jpegquality-60.bgcolor-fff.jpg,,(empty) [2],DECORATIVE,,,(missing) [2],,(missing) [2],,(missing) [2],,,true,384,256,2,2,https://www.nationalarchives.gov.uk/explore-the-collection/explore-by-topic/identity-and-community/; https://www.nationalarchives.gov.uk/explore-the-collection/explore-by-time-period/victorians/
https://www.nationalarchives.gov.uk/media/images/coleridge-taylor_C8yLGQF.7e18d5f0.fill-600x400.format-jpeg.jpegquality-60.bgcolor-fff.jpg,,(empty) [2],DECORATIVE,,,(missing) [2],,(missing) [2],,(missing) [2],,,true,384,256,2,2,https://www.nationalarchives.gov.uk/explore-the-collection/explore-by-topic/arts-and-culture/; https://www.nationalarchives.gov.uk/explore-the-collection/explore-by-time-period/early-20th-century/
https://www.nationalarchives.gov.uk/media/images/d-day-t_3vPcmrX.2e16d0ba.fill-600x400.format-jpeg.jpegquality-60.bgcolor-fff.jpg,,(empty) [2],DECORATIVE,,,(missing) [2],,(missing) [2],,(missing) [2],,,true,600,400,2,2,https://www.nationalarchives.gov.uk/explore-the-collection/explore-by-time-period/second-world-war/; https://www.nationalarchives.gov.uk/explore-the-collection/explore-by-topic/military-and-war/
https://www.nationalarchives.gov.uk/media/images/dagenham-letter-te_2vgRA2p.2e16d0ba.fill-600x400.format-jpeg.jpegquality-60.bgcolor-fff.jpg,,(empty) [2],DECORATIVE,,,(missing) [2],,(missing) [2],,(missing) [2],,,true,600,400,2,2,https://www.nationalarchives.gov.uk/explore-the-collection/explore-by-time-period/postwar/; https://www.nationalarchives.gov.uk/explore-the-collection/explore-by-topic/democracy-and-protest/
https://www.nationalarchives.gov.uk/media/images/elizabethan-widow-wi_S6kRbT6.2e16d0ba.fill-600x400.format-jpeg.jpegquality-60.bgcolor-fff.jpg,,(empty) [2],DECORATIVE,,,(missing) [2],,(missing) [2],,(missing) [2],,,true,384,256,2,2,https://www.nationalarchives.gov.uk/explore-the-collection/explore-by-topic/health-and-welfare/; https://www.nationalarchives.gov.uk/explore-the-collection/explore-by-time-period/early-modern/
https://www.nationalarchives.gov.uk/media/images/geneva-convention-t_5kzMSUK.2e16d0ba.fill-600x400.format-jpeg.jpegquality-60.bgcolor-fff.jpg,,(empty) [2],DECORATIVE,,,(missing) [2],,(missing) [2],,(missing) [2],,,true,384,256,2,2,https://www.nationalarchives.gov.uk/explore-the-collection/explore-by-time-period/second-world-war/; https://www.nationalarchives.gov.uk/explore-the-collection/explore-by-topic/military-and-war/
https://www.nationalarchives.gov.uk/media/images/geoffrey-chaucer-gra_oqSk6Yv.2e16d0ba.fill-600x400.format-jpeg.jpegquality-60.bgcolor-fff.jpg,,(empty) [2],DECORATIVE,,,(missing) [2],,(missing) [2],,(missing) [2],,,true,384,256,2,2,https://www.nationalarchives.gov.uk/explore-the-collection/explore-by-topic/arts-and-culture/; https://www.nationalarchives.gov.uk/explore-the-collection/explore-by-time-period/medieval/
https://www.nationalarchives.gov.uk/media/images/hg-do-it-yourself-pr_JAGltNK.5726cfca.fill-600x400.format-jpeg.jpegquality-60.bgcolor-fff.jpg,,(empty) [2],DECORATIVE,,,(missing) [2],,(missing) [2],,(missing) [2],,,true,600,400,2,2,https://www.nationalarchives.gov.uk/explore-the-collection/explore-by-time-period/postwar/; https://www.nationalarchives.gov.uk/explore-the-collection/explore-by-topic/military-and-war/
https://www.nationalarchives.gov.uk/media/images/HO325-143-.dea41e43.fill-1800x720.format-jpeg.jpegquality-60.bgcolor-fff.jpg,,(empty) [2],DECORATIVE,,,(missing) [2],,(missing) [2],,(missing) [2],,,true,1267,508,2,2,https://www.nationalarchives.gov.uk/explore-the-collection/stories/mangrove-nine/; https://www.nationalarchives.gov.uk/explore-the-collection/explore-by-topic/democracy-and-protest/
https://www.nationalarchives.gov.uk/media/images/house-of-_PDKxUsL.7e742001.fill-600x400.format-jpeg.jpegquality-60.bgcolor-fff.jpg,,(empty) [2],DECORATIVE,,,(missing) [2],,(missing) [2],,(missing) [2],,,true,600,400,2,2,https://www.nationalarchives.gov.uk/explore-the-collection/explore-by-topic/crime-courts-and-justice/; https://www.nationalarchives.gov.uk/explore-the-collection/explore-by-time-period/postwar/
https://www.nationalarchives.gov.uk/media/images/john-blanke-request-_2RelrWu.2e16d0ba.fill-600x400.format-jpeg.jpegquality-60.bgcolor-fff.jpg,,(empty) [2],DECORATIVE,,,(missing) [2],,(missing) [2],,(missing) [2],,,true,384,256,2,2,https://www.nationalarchives.gov.uk/explore-the-collection/explore-by-topic/arts-and-culture/; https://www.nationalarchives.gov.uk/explore-the-collection/explore-by-time-period/early-modern/
https://www.nationalarchives.gov.uk/media/images/john-hipkin-hero-144_niIqS2W.386fb59f.fill-600x400.format-jpeg.jpegquality-60.bgcolor-fff.jpg,,(empty) [2],DECORATIVE,,,(missing) [2],,(missing) [2],,(missing) [2],,,true,384,256,2,2,https://www.nationalarchives.gov.uk/explore-the-collection/explore-by-time-period/second-world-war/; https://www.nationalarchives.gov.uk/explore-the-collection/explore-by-topic/military-and-war/
https://www.nationalarchives.gov.uk/media/images/King-Richar_CodnrFG.c06fedc9.fill-600x400.format-jpeg.jpegquality-60.bgcolor-fff.jpg,,(empty) [2],DECORATIVE,,,(missing) [2],,(missing) [2],,(missing) [2],,,true,384,256,2,2,https://www.nationalarchives.gov.uk/explore-the-collection/explore-by-time-period/medieval/; https://www.nationalarchives.gov.uk/explore-the-collection/explore-by-topic/military-and-war/
https://www.nationalarchives.gov.uk/media/images/lady-malcolm-tea_9GJKSfd.2e16d0ba.fill-600x400.format-jpeg.jpegquality-60.bgcolor-fff.jpg,,(empty) [2],DECORATIVE,,,(missing) [2],,(missing) [2],,(missing) [2],,,true,384,256,2,2,https://www.nationalarchives.gov.uk/explore-the-collection/explore-by-topic/identity-and-community/; https://www.nationalarchives.gov.uk/explore-the-collection/explore-by-time-period/interwar/
https://www.nationalarchives.gov.uk/media/images/letter-patent-great-_Hn8zVwd.2e16d0ba.fill-600x400.format-jpeg.jpegquality-60.bgcolor-fff.jpg,,(empty) [2],DECORATIVE,,,(missing) [2],,(missing) [2],,(missing) [2],,,true,600,400,2,2,https://www.nationalarchives.gov.uk/explore-the-collection/explore-by-topic/land-and-buildings/; https://www.nationalarchives.gov.uk/explore-the-collection/explore-by-time-period/early-modern/
https://www.nationalarchives.gov.uk/media/images/littlehampton-libel-_vBqgwym.2e16d0ba.fill-600x400.format-jpeg.jpegquality-60.bgcolor-fff.jpg,,(empty) [2],DECORATIVE,,,(missing) [2],,(missing) [2],,(missing) [2],,,true,600,400,2,2,https://www.nationalarchives.gov.uk/explore-the-collection/explore-by-topic/crime-courts-and-justice/; https://www.nationalarchives.gov.uk/explore-the-collection/explore-by-time-period/interwar/
https://www.nationalarchives.gov.uk/media/images/margaret-beaufort-le_IAdpnVo.7d02fe31.fill-600x400.format-jpeg.jpegquality-60.bgcolor-fff.jpg,,(empty) [2],DECORATIVE,,,(missing) [2],,(missing) [2],,(missing) [2],,,true,600,400,2,2,https://www.nationalarchives.gov.uk/explore-the-collection/explore-by-topic/land-and-buildings/; https://www.nationalarchives.gov.uk/explore-the-collection/explore-by-time-period/early-modern/
https://www.nationalarchives.gov.uk/media/images/Margaret-Bond_OqKqQU8.060d724d.fill-600x400.format-jpeg.jpegquality-60.bgcolor-fff.jpg,,(empty) [2],DECORATIVE,,,(missing) [2],,(missing) [2],,(missing) [2],,,true,384,256,2,2,https://www.nationalarchives.gov.uk/explore-the-collection/explore-by-time-period/interwar/; https://www.nationalarchives.gov.uk/explore-the-collection/explore-by-topic/democracy-and-protest/
https://www.nationalarchives.gov.uk/media/images/mediveal-cold-and-fl_d3OdAbZ.2e16d0ba.fill-600x400.format-jpeg.jpegquality-60.bgcolor-fff.jpg,,(empty) [2],DECORATIVE,,,(missing) [2],,(missing) [2],,(missing) [2],,,true,384,256,2,2,https://www.nationalarchives.gov.uk/explore-the-collection/explore-by-topic/health-and-welfare/; https://www.nationalarchives.gov.uk/explore-the-collection/explore-by-time-period/medieval/
https://www.nationalarchives.gov.uk/media/images/On_the_Record_VE_Day_.90141c71.fill-600x400.format-jpeg.jpegquality-60.bgcolor-fff.jpg,,(empty) [2],DECORATIVE,,,(missing) [2],,(missing) [2],,(missing) [2],,,true,600,400,2,2,https://www.nationalarchives.gov.uk/; https://www.nationalarchives.gov.uk/explore-the-collection/
https://www.nationalarchives.gov.uk/media/images/ph-emerson-fea_PUG9enO.2e16d0ba.fill-600x400.format-jpeg.jpegquality-60.bgcolor-fff.jpg,,(empty) [2],DECORATIVE,,,(missing) [2],,(missing) [2],,(missing) [2],,,true,600,400,2,2,https://www.nationalarchives.gov.uk/explore-the-collection/explore-by-topic/environment-and-agriculture/; https://www.nationalarchives.gov.uk/explore-the-collection/explore-by-time-period/victorians/
https://www.nationalarchives.gov.uk/media/images/PRO-30_2_t3K0CGs.d54e7b25.fill-600x400.format-jpeg.jpegquality-60.bgcolor-fff.jpg,,(empty) [2],DECORATIVE,,,(missing) [2],,(missing) [2],,(missing) [2],,,true,384,256,2,2,https://www.nationalarchives.gov.uk/explore-the-collection/explore-by-topic/arts-and-culture/; https://www.nationalarchives.gov.uk/explore-the-collection/explore-by-time-period/early-modern/
https://www.nationalarchives.gov.uk/media/images/protest-and-democrac_qLu6Uss.75949f45.fill-600x400.format-jpeg.jpegquality-60.bgcolor-fff.jpg,,(empty) [2],DECORATIVE,,,(missing) [2],,(missing) [2],,(missing) [2],,,true,600,400,2,2,https://www.nationalarchives.gov.uk/explore-the-collection/explore-by-time-period/postwar/; https://www.nationalarchives.gov.uk/explore-the-collection/explore-by-topic/democracy-and-protest/
https://www.nationalarchives.gov.uk/media/images/raneser-odd-search-_T6FqILy.b974966e.fill-600x400.format-jpeg.jpegquality-60.bgcolor-fff.jpg,,(empty) [2],DECORATIVE,,,(missing) [2],,(missing) [2],,(missing) [2],,,true,600,400,2,2,https://www.nationalarchives.gov.uk/explore-the-collection/explore-by-topic/land-and-buildings/; https://www.nationalarchives.gov.uk/explore-the-collection/explore-by-time-period/medieval/
https://www.nationalarchives.gov.uk/media/images/shakespeare-applicat_JrCFXzI.2e16d0ba.fill-600x400.format-jpeg.jpegquality-60.bgcolor-fff.jpg,,(empty) [2],DECORATIVE,,,(missing) [2],,(missing) [2],,(missing) [2],,,true,600,400,2,2,https://www.nationalarchives.gov.uk/explore-the-collection/explore-by-topic/arts-and-culture/; https://www.nationalarchives.gov.uk/explore-the-collection/explore-by-time-period/early-modern/
https://www.nationalarchives.gov.uk/media/images/thomas-cromwell-teas_XTzXsbD.2e16d0ba.fill-600x400.format-jpeg.jpegquality-60.bgcolor-fff.jpg,,(empty) [2],DECORATIVE,,,(missing) [2],,(missing) [2],,(missing) [2],,,true,384,256,2,2,https://www.nationalarchives.gov.uk/explore-the-collection/explore-by-topic/crime-courts-and-justice/; https://www.nationalarchives.gov.uk/explore-the-collection/explore-by-time-period/early-modern/
https://www.nationalarchives.gov.uk/media/images/treason-act-t_Kjt9Ow0.2e16d0ba.fill-600x400.format-jpeg.jpegquality-60.bgcolor-fff.jpg,,(empty) [2],DECORATIVE,,,(missing) [2],,(missing) [2],,(missing) [2],,,true,384,256,2,2,https://www.nationalarchives.gov.uk/explore-the-collection/explore-by-topic/crime-courts-and-justice/; https://www.nationalarchives.gov.uk/explore-the-collection/explore-by-time-period/medieval/
https://www.nationalarchives.gov.uk/media/images/virginia-_OnLpmXp.2e16d0ba.fill-600x400.format-jpeg.jpegquality-60.bgcolor-fff.jpg,,(empty) [2],DECORATIVE,,,(missing) [2],,(missing) [2],,(missing) [2],,,true,384,256,2,2,https://www.nationalarchives.gov.uk/explore-the-collection/explore-by-time-period/second-world-war/; https://www.nationalarchives.gov.uk/explore-the-collection/explore-by-topic/military-and-war/
https://www.nationalarchives.gov.uk/media/images/FoB_G_NOFoSL8.max-900x900.format-jpeg.jpegquality-60.bgcolor-fff.jpg,,(empty) [2],DECORATIVE,,,(missing) [2],,(missing) [2],,(missing) [2],,,true,648,900,2,1,https://www.nationalarchives.gov.uk/explore-the-collection/stories/festival-of-britain/
https://www.nationalarchives.gov.uk/media/images/FoB-C_4xLFp2Y.max-900x900.format-jpeg.jpegquality-60.bgcolor-fff.jpg,,(empty) [2],DECORATIVE,,,(missing) [2],,(missing) [2],,(missing) [2],,,true,900,617,2,1,https://www.nationalarchives.gov.uk/explore-the-collection/stories/festival-of-britain/
https://www.nationalarchives.gov.uk/media/images/FoBUn_9oqFJ8j.max-900x900.format-jpeg.jpegquality-60.bgcolor-fff.jpg,,(empty) [2],DECORATIVE,,,(missing) [2],,(missing) [2],,(missing) [2],,,true,781,900,2,1,https://www.nationalarchives.gov.uk/explore-the-collection/stories/festival-of-britain/
https://www.nationalarchives.gov.uk/media/images/mangr_4bqOYvi.max-900x900.format-jpeg.jpegquality-60.bgcolor-fff.jpg,,(empty) [2],DECORATIVE,,,(missing) [2],,(missing) [2],,(missing) [2],,,true,900,672,2,1,https://www.nationalarchives.gov.uk/explore-the-collection/stories/mangrove-nine/
https://www.nationalarchives.gov.uk/media/images/MEPO-_Ic19OvJ.max-900x900.format-jpeg.jpegquality-60.bgcolor-fff.jpg,,(empty) [2],DECORATIVE,,,(missing) [2],,(missing) [2],,(missing) [2],,,true,900,663,2,1,https://www.nationalarchives.gov.uk/explore-the-collection/stories/mangrove-nine/
https://www.nationalarchives.gov.uk/media/images/MEPO-_uPCH3s5.max-900x900.format-jpeg.jpegquality-60.bgcolor-fff.jpg,,(empty) [2],DECORATIVE,,,(missing) [2],,(missing) [2],,(missing) [2],,,true,904,360,2,1,https://www.nationalarchives.gov.uk/explore-the-collection/stories/mangrove-nine/
https://www.nationalarchives.gov.uk/media/images/13th-century-tally-sticks-.2e16d0ba.fill-1800x720.format-jpeg.jpegquality-60.bgcolor-fff.jpg,,(empty) [1],DECORATIVE,,,(missing) [1],,(missing) [1],,(missing) [1],,,true,800,321,1,1,https://www.nationalarchives.gov.uk/explore-the-collection/explore-by-time-period/medieval/
https://www.nationalarchives.gov.uk/media/images/abolition-of-slavery_zWNvxZM.2e16d0ba.fill-600x400.format-jpeg.jpegquality-60.bgcolor-fff.jpg,,(empty) [1],DECORATIVE,,,(missing) [1],,(missing) [1],,(missing) [1],,,true,600,400,1,1,https://www.nationalarchives.gov.uk/explore-the-collection/explore-by-time-period/georgians/
https://www.nationalarchives.gov.uk/media/images/alice-hawkins-black-_pXwFhIc.2e16d0ba.fill-600x400.format-jpeg.jpegquality-60.bgcolor-fff.jpg,,(empty) [1],DECORATIVE,,,(missing) [1],,(missing) [1],,(missing) [1],,,true,526,350,1,1,https://www.nationalarchives.gov.uk/explore-the-collection/stories/alice-hawkins/
https://www.nationalarchives.gov.uk/media/images/book-of-negroes-t_GNnudwQ.403a0c49.fill-600x400.format-jpeg.jpegquality-60.bgcolor-fff.jpg,,(empty) [1],DECORATIVE,,,(missing) [1],,(missing) [1],,(missing) [1],,,true,600,400,1,1,https://www.nationalarchives.gov.uk/explore-the-collection/explore-by-time-period/georgians/
https://www.nationalarchives.gov.uk/media/images/Caravan_.2e16d0ba.fill-1800x720.format-jpeg.jpegquality-60.bgcolor-fff.jpg,,(empty) [1],DECORATIVE,,,(missing) [1],,(missing) [1],,(missing) [1],,,true,1800,720,1,1,https://www.nationalarchives.gov.uk/explore-the-collection/stories/caravan-club/
https://www.nationalarchives.gov.uk/media/images/Collection_image_E33_pSIHUcZ.2e16d0ba.fill-600x400.format-jpeg.jpegquality-60.bgcolor-fff.jpg,,(empty) [1],DECORATIVE,,,(missing) [1],,(missing) [1],,(missing) [1],,,true,600,400,1,1,https://www.nationalarchives.gov.uk/
https://www.nationalarchives.gov.uk/media/images/cuffay_composite_.be4d7f85.fill-1800x720.format-jpeg.jpegquality-60.bgcolor-fff.jpg,,(empty) [1],DECORATIVE,,,(missing) [1],,(missing) [1],,(missing) [1],,,true,1228,491,1,1,https://www.nationalarchives.gov.uk/explore-the-collection/stories/william-cuffey/
https://www.nationalarchives.gov.uk/media/images/Emmeline-pankhurst-.23b1d58d.fill-1800x720.format-jpeg.jpegquality-60.bgcolor-fff.jpg,,(empty) [1],DECORATIVE,,,(missing) [1],,(missing) [1],,(missing) [1],,,true,1800,720,1,1,https://www.nationalarchives.gov.uk/explore-the-collection/stories/emmeline-pankhurst/
https://www.nationalarchives.gov.uk/media/images/empire-windrush-pas_3skykjU.2e16d0ba.fill-1800x720.format-jpeg.jpegquality-60.bgcolor-fff.jpg,,(empty) [1],DECORATIVE,,,(missing) [1],,(missing) [1],,(missing) [1],,,true,1250,500,1,1,https://www.nationalarchives.gov.uk/explore-the-collection/stories/ormonde-almanzora-windrush/
https://www.nationalarchives.gov.uk/media/images/FoB__2vtfVaB.2e16d0ba.fill-600x400.format-jpeg.jpegquality-60.bgcolor-fff.jpg,,(empty) [1],DECORATIVE,,,(missing) [1],,(missing) [1],,(missing) [1],,,true,600,400,1,1,https://www.nationalarchives.gov.uk/explore-the-collection/stories/festival-of-britain/
https://www.nationalarchives.gov.uk/media/images/FoB_Cam_KizsOPj.2e16d0ba.fill-600x400.format-jpeg.jpegquality-60.bgcolor-fff.jpg,,(empty) [1],DECORATIVE,,,(missing) [1],,(missing) [1],,(missing) [1],,,true,600,400,1,1,https://www.nationalarchives.gov.uk/explore-the-collection/stories/festival-of-britain/
https://www.nationalarchives.gov.uk/media/images/FoB_Poster_D_lU5LrWm.551979ee.fill-600x400.format-jpeg.jpegquality-60.bgcolor-fff.jpg,,(empty) [1],DECORATIVE,,,(missing) [1],,(missing) [1],,(missing) [1],,,true,600,400,1,1,https://www.nationalarchives.gov.uk/explore-the-collection/stories/festival-of-britain/
https://www.nationalarchives.gov.uk/media/images/FoBUn_wYE0B3J.2e16d0ba.fill-600x400.format-jpeg.jpegquality-60.bgcolor-fff.jpg,,(empty) [1],DECORATIVE,,,(missing) [1],,(missing) [1],,(missing) [1],,,true,600,400,1,1,https://www.nationalarchives.gov.uk/explore-the-collection/stories/festival-of-britain/
https://www.nationalarchives.gov.uk/media/images/georgians-peterloo-etchin.069b1143.fill-1800x720.format-jpeg.jpegquality-60.bgcolor-fff.jpg,,(empty) [1],DECORATIVE,,,(missing) [1],,(missing) [1],,(missing) [1],,,true,1500,600,1,1,https://www.nationalarchives.gov.uk/explore-the-collection/
https://www.nationalarchives.gov.uk/media/images/ivor-.628a312e.fill-1800x720.format-jpeg.jpegquality-60.bgcolor-fff.jpg,,(empty) [1],DECORATIVE,,,(missing) [1],,(missing) [1],,(missing) [1],,,true,1400,561,1,1,https://www.nationalarchives.gov.uk/explore-the-collection/stories/ivor-cummings/
https://www.nationalarchives.gov.uk/media/images/King-Richa.c06fedc9.fill-1800x720.format-jpeg.jpegquality-60.bgcolor-fff.jpg,,(empty) [1],DECORATIVE,,,(missing) [1],,(missing) [1],,(missing) [1],,,true,568,228,1,1,https://www.nationalarchives.gov.uk/explore-the-collection/stories/richard-iii/
https://www.nationalarchives.gov.uk/media/images/land-and-building-st-pauls-.2e16d0ba.fill-1800x720.format-jpeg.jpegquality-60.bgcolor-fff.jpg,,(empty) [1],DECORATIVE,,,(missing) [1],,(missing) [1],,(missing) [1],,,true,1200,481,1,1,https://www.nationalarchives.gov.uk/explore-the-collection/explore-by-time-period/early-modern/
https://www.nationalarchives.gov.uk/media/images/map-of-chertsey-abbey-t.3fa81a50.fill-1800x720.format-jpeg.jpegquality-60.bgcolor-fff.jpg,,(empty) [1],DECORATIVE,,,(missing) [1],,(missing) [1],,(missing) [1],,,true,1200,480,1,1,https://www.nationalarchives.gov.uk/explore-the-collection/explore-by-topic/land-and-buildings/
https://www.nationalarchives.gov.uk/media/images/Margaret-Bon.060d724d.fill-1800x720.format-jpeg.jpegquality-60.bgcolor-fff.jpg,,(empty) [1],DECORATIVE,,,(missing) [1],,(missing) [1],,(missing) [1],,,true,1800,720,1,1,https://www.nationalarchives.gov.uk/explore-the-collection/stories/margaret-bondfield/
https://www.nationalarchives.gov.uk/media/images/maud_allan_hero.2e16d0ba.fill-1800x720.format-jpeg.jpegquality-60.bgcolor-fff.jpg,,(empty) [1],DECORATIVE,,,(missing) [1],,(missing) [1],,(missing) [1],,,true,1156,462,1,1,https://www.nationalarchives.gov.uk/explore-the-collection/stories/maud-allan/
https://www.nationalarchives.gov.uk/media/images/nancy_header_wi.26178770.fill-1800x720.format-jpeg.jpegquality-60.bgcolor-fff.jpg,,(empty) [1],DECORATIVE,,,(missing) [1],,(missing) [1],,(missing) [1],,,true,1800,720,1,1,https://www.nationalarchives.gov.uk/explore-the-collection/stories/nancy-cunard/
https://www.nationalarchives.gov.uk/media/images/penicillin-d-day-.2e16d0ba.fill-1800x720.format-jpeg.jpegquality-60.bgcolor-fff.jpg,,(empty) [1],DECORATIVE,,,(missing) [1],,(missing) [1],,(missing) [1],,,true,1000,401,1,1,https://www.nationalarchives.gov.uk/explore-the-collection/explore-by-time-period/second-world-war/
https://www.nationalarchives.gov.uk/media/images/postwar-festival-of-britai.57a73018.fill-1800x720.format-jpeg.jpegquality-60.bgcolor-fff.jpg,,(empty) [1],DECORATIVE,,,(missing) [1],,(missing) [1],,(missing) [1],,,true,1500,601,1,1,https://www.nationalarchives.gov.uk/explore-the-collection/explore-by-time-period/postwar/
https://www.nationalarchives.gov.uk/media/images/prize-papers-la-per_cndxadO.2e16d0ba.fill-1800x720.format-jpeg.jpegquality-60.bgcolor-fff.jpg,,(empty) [1],DECORATIVE,,,(missing) [1],,(missing) [1],,(missing) [1],,,true,1200,481,1,1,https://www.nationalarchives.gov.uk/explore-the-collection/
https://www.nationalarchives.gov.uk/media/images/radclyffe_.856a0aca.fill-1800x720.format-jpeg.jpegquality-60.bgcolor-fff.jpg,,(empty) [1],DECORATIVE,,,(missing) [1],,(missing) [1],,(missing) [1],,,true,1000,401,1,1,https://www.nationalarchives.gov.uk/explore-the-collection/stories/radclyffe-hall/
https://www.nationalarchives.gov.uk/media/images/Revels_7G5rJh2.2e16d0ba.fill-600x400.format-jpeg.jpegquality-60.bgcolor-fff.jpg,,(empty) [1],DECORATIVE,,,(missing) [1],,(missing) [1],,(missing) [1],,,true,600,400,1,1,https://www.nationalarchives.gov.uk/explore-the-collection/stories/william-shakespeare/
https://www.nationalarchives.gov.uk/media/images/S_JKMOZvR.2e16d0ba.fill-600x400.format-jpeg.jpegquality-60.bgcolor-fff.jpg,,(empty) [1],DECORATIVE,,,(missing) [1],,(missing) [1],,(missing) [1],,,true,600,400,1,1,https://www.nationalarchives.gov.uk/explore-the-collection/stories/festival-of-britain/
https://www.nationalarchives.gov.uk/media/images/Shakespeare-depos_IrOT6F2.2e16d0ba.fill-600x400.format-jpeg.jpegquality-60.bgcolor-fff.jpg,,(empty) [1],DECORATIVE,,,(missing) [1],,(missing) [1],,(missing) [1],,,true,600,400,1,1,https://www.nationalarchives.gov.uk/explore-the-collection/stories/william-shakespeare/
https://www.nationalarchives.gov.uk/media/images/Shakespeare-foot-fin_bcuaVk7.2e16d0ba.fill-600x400.format-jpeg.jpegquality-60.bgcolor-fff.jpg,,(empty) [1],DECORATIVE,,,(missing) [1],,(missing) [1],,(missing) [1],,,true,600,400,1,1,https://www.nationalarchives.gov.uk/explore-the-collection/stories/william-shakespeare/
https://www.nationalarchives.gov.uk/media/images/shakespeare-hi.37d96a3a.fill-1800x720.format-jpeg.jpegquality-60.bgcolor-fff.jpg,,(empty) [1],DECORATIVE,,,(missing) [1],,(missing) [1],,(missing) [1],,,true,1800,720,1,1,https://www.nationalarchives.gov.uk/explore-the-collection/stories/william-shakespeare/
https://www.nationalarchives.gov.uk/media/images/Shakespeare-tax_d_I0YdFw2.2e16d0ba.fill-600x400.format-jpeg.jpegquality-60.bgcolor-fff.jpg,,(empty) [1],DECORATIVE,,,(missing) [1],,(missing) [1],,(missing) [1],,,true,324,216,1,1,https://www.nationalarchives.gov.uk/explore-the-collection/stories/william-shakespeare/
https://www.nationalarchives.gov.uk/media/images/Shakespeares-will-d_vQ6qDZi.2e16d0ba.fill-600x400.format-jpeg.jpegquality-60.bgcolor-fff.jpg,,(empty) [1],DECORATIVE,,,(missing) [1],,(missing) [1],,(missing) [1],,,true,600,400,1,1,https://www.nationalarchives.gov.uk/explore-the-collection/stories/william-shakespeare/
https://www.nationalarchives.gov.uk/media/images/Sophia_Todd_h.54ab361c.fill-1800x720.format-jpeg.jpegquality-60.bgcolor-fff.jpg,,(empty) [1],DECORATIVE,,,(missing) [1],,(missing) [1],,(missing) [1],,,true,1800,720,1,1,https://www.nationalarchives.gov.uk/explore-the-collection/stories/sophia-todd/
https://www.nationalarchives.gov.uk/media/images/sophia-selling-newspaper-.9952fc17.fill-1800x720.format-jpeg.jpegquality-60.bgcolor-fff.jpg,,(empty) [1],DECORATIVE,,,(missing) [1],,(missing) [1],,(missing) [1],,,true,900,360,1,1,https://www.nationalarchives.gov.uk/explore-the-collection/explore-by-time-period/interwar/
https://www.nationalarchives.gov.uk/media/images/Sophia-Todd-Penal-r_q82uN4M.2e16d0ba.fill-600x400.format-jpeg.jpegquality-60.bgcolor-fff.jpg,,(empty) [1],DECORATIVE,,,(missing) [1],,(missing) [1],,(missing) [1],,,true,600,400,1,1,https://www.nationalarchives.gov.uk/explore-the-collection/stories/sophia-todd/
https://www.nationalarchives.gov.uk/media/images/transport-and-trave_CsSzU3Q.e967dcd1.fill-1800x720.format-jpeg.jpegquality-60.bgcolor-fff.jpg,,(empty) [1],DECORATIVE,,,(missing) [1],,(missing) [1],,(missing) [1],,,true,1500,600,1,1,https://www.nationalarchives.gov.uk/explore-the-collection/explore-by-topic/transport-and-travel/
https://www.nationalarchives.gov.uk/media/images/well-loneliness-_Z5eSrZY.2e16d0ba.fill-600x400.format-jpeg.jpegquality-60.bgcolor-fff.jpg,,(empty) [1],DECORATIVE,,,(missing) [1],,(missing) [1],,(missing) [1],,,true,600,400,1,1,https://www.nationalarchives.gov.uk/explore-the-collection/stories/radclyffe-hall/
https://www.nationalarchives.gov.uk/media/images/West_indian_en_hrgigkD.3d90dde6.fill-600x400.format-jpeg.jpegquality-60.bgcolor-fff.jpg,,(empty) [1],DECORATIVE,,,(missing) [1],,(missing) [1],,(missing) [1],,,true,298,200,1,1,https://www.nationalarchives.gov.uk/explore-the-collection/stories/ormonde-almanzora-windrush/
https://www.nationalarchives.gov.uk/media/images/Windrush_passenger_u2Q6nVm.2e16d0ba.fill-600x400.format-jpeg.jpegquality-60.bgcolor-fff.jpg,,(empty) [1],DECORATIVE,,,(missing) [1],,(missing) [1],,(missing) [1],,,true,600,400,1,1,https://www.nationalarchives.gov.uk/explore-the-collection/stories/ormonde-almanzora-windrush/
https://www.nationalarchives.gov.uk/media/images/windrush-passenge.38305bc8.fill-1800x720.format-jpeg.jpegquality-60.bgcolor-fff.jpg,,(empty) [1],DECORATIVE,,,(missing) [1],,(missing) [1],,(missing) [1],,,true,1800,720,1,1,https://www.nationalarchives.gov.uk/explore-the-collection/explore-by-topic/migration-and-citizenship/
https://www.nationalarchives.gov.uk/media/images/general-strike-1926-_Pzp5jsW.d423687c.fill-600x400.format-jpeg.jpegquality-60.bgcolor-fff.jpg,Photograph of a group of workers in hats loading boxes on to a truck.,Photograph of a group of workers in hats loading boxes on to a truck. [23],GOOD,,,(missing) [23],,(missing) [23],,(missing) [23],,,true,600,400,23,23,https://www.nationalarchives.gov.uk/explore-the-collection/explore-by-topic/business-finance-and-innovation/; https://www.nationalarchives.gov.uk/explore-the-collection/explore-by-time-period/interwar/; https://www.nationalarchives.gov.uk/explore-the-collection/stories/; https://www.nationalarchives.gov.uk/explore-the-collection/stories/william-shakespeare/; https://www.nationalarchives.gov.uk/explore-the-collection/stories/mangrove-nine/; https://www.nationalarchives.gov.uk/explore-the-collection/stories/william-cuffey/; https://www.nationalarchives.gov.uk/explore-the-collection/stories/festival-of-britain/; https://www.nationalarchives.gov.uk/explore-the-collection/stories/alice-hawkins/; https://www.nationalarchives.gov.uk/explore-the-collection/stories/shapurji-saklatvala/; https://www.nationalarchives.gov.uk/explore-the-collection/stories/radclyffe-hall/; https://www.nationalarchives.gov.uk/explore-the-collection/stories/emmeline-pankhurst/; https://www.nationalarchives.gov.uk/explore-the-collection/stories/maud-allan/; https://www.nationalarchives.gov.uk/explore-the-collection/stories/insaaf/; https://www.nationalarchives.gov.uk/explore-the-collection/stories/sophia-todd/; https://www.nationalarchives.gov.uk/explore-the-collection/stories/ormonde-almanzora-windrush/; https://www.nationalarchives.gov.uk/explore-the-collection/stories/richard-iii/; https://www.nationalarchives.gov.uk/explore-the-collection/stories/margaret-bondfield/; https://www.nationalarchives.gov.uk/explore-the-collection/stories/caravan-club/; https://www.nationalarchives.gov.uk/explore-the-collection/stories/nancy-cunard/; https://www.nationalarchives.gov.uk/explore-the-collection/explore-by-topic/democracy-and-protest/; https://www.nationalarchives.gov.uk/explore-the-collection/stories/the-foundation-of-the-nhs/; https://www.nationalarchives.gov.uk/explore-the-collection/stories/ivor-cummings/; https://www.nationalarchives.gov.uk/explore-the-collection/stories/the-imperial-typewriters-dispute/
https://www.nationalarchives.gov.uk/media/images/elke_expeditio.0f15bbc3.fill-600x400.format-jpeg.jpegquality-60.bgcolor-fff.jpg,Elke standing in warm clothes while on expedition,Elke standing in warm clothes while on expedition [22],GOOD,,,(missing) [22],,(missing) [22],,(missing) [22],,,true,600,400,22,22,https://www.nationalarchives.gov.uk/explore-the-collection/explore-by-topic/identity-and-community/; https://www.nationalarchives.gov.uk/explore-the-collection/explore-by-time-period/second-world-war/; https://www.nationalarchives.gov.uk/explore-the-collection/stories/; https://www.nationalarchives.gov.uk/explore-the-collection/stories/william-shakespeare/; https://www.nationalarchives.gov.uk/explore-the-collection/stories/mangrove-nine/; https://www.nationalarchives.gov.uk/explore-the-collection/stories/william-cuffey/; https://www.nationalarchives.gov.uk/explore-the-collection/stories/festival-of-britain/; https://www.nationalarchives.gov.uk/explore-the-collection/stories/alice-hawkins/; https://www.nationalarchives.gov.uk/explore-the-collection/stories/shapurji-saklatvala/; https://www.nationalarchives.gov.uk/explore-the-collection/stories/radclyffe-hall/; https://www.nationalarchives.gov.uk/explore-the-collection/stories/emmeline-pankhurst/; https://www.nationalarchives.gov.uk/explore-the-collection/stories/maud-allan/; https://www.nationalarchives.gov.uk/explore-the-collection/stories/insaaf/; https://www.nationalarchives.gov.uk/explore-the-collection/stories/sophia-todd/; https://www.nationalarchives.gov.uk/explore-the-collection/stories/ormonde-almanzora-windrush/; https://www.nationalarchives.gov.uk/explore-the-collection/stories/richard-iii/; https://www.nationalarchives.gov.uk/explore-the-collection/stories/margaret-bondfield/; https://www.nationalarchives.gov.uk/explore-the-collection/stories/caravan-club/; https://www.nationalarchives.gov.uk/explore-the-collection/stories/nancy-cunard/; https://www.nationalarchives.gov.uk/explore-the-collection/stories/the-foundation-of-the-nhs/; https://www.nationalarchives.gov.uk/explore-the-collection/stories/ivor-cummings/; https://www.nationalarchives.gov.uk/explore-the-collection/stories/the-imperial-typewriters-dispute/
https://www.nationalarchives.gov.uk/media/images/front-whitehaven-l.2e16d0ba.fill-600x400.format-jpeg.jpegquality-60.bgcolor-fff.jpg,handwritten letter,handwritten letter [22],GOOD,,,(missing) [22],,(missing) [22],,(missing) [22],,,true,600,400,22,22,https://www.nationalarchives.gov.uk/explore-the-collection/explore-by-time-period/georgians/; https://www.nationalarchives.gov.uk/explore-the-collection/stories/; https://www.nationalarchives.gov.uk/explore-the-collection/stories/william-shakespeare/; https://www.nationalarchives.gov.uk/explore-the-collection/stories/mangrove-nine/; https://www.nationalarchives.gov.uk/explore-the-collection/explore-by-topic/military-and-war/; https://www.nationalarchives.gov.uk/explore-the-collection/stories/william-cuffey/; https://www.nationalarchives.gov.uk/explore-the-collection/stories/festival-of-britain/; https://www.nationalarchives.gov.uk/explore-the-collection/stories/alice-hawkins/; https://www.nationalarchives.gov.uk/explore-the-collection/stories/shapurji-saklatvala/; https://www.nationalarchives.gov.uk/explore-the-collection/stories/radclyffe-hall/; https://www.nationalarchives.gov.uk/explore-the-collection/stories/emmeline-pankhurst/; https://www.nationalarchives.gov.uk/explore-the-collection/stories/maud-allan/; https://www.nationalarchives.gov.uk/explore-the-collection/stories/insaaf/; https://www.nationalarchives.gov.uk/explore-the-collection/stories/sophia-todd/; https://www.nationalarchives.gov.uk/explore-the-collection/stories/ormonde-almanzora-windrush/; https://www.nationalarchives.gov.uk/explore-the-collection/stories/richard-iii/; https://www.nationalarchives.gov.uk/explore-the-collection/stories/margaret-bondfield/; https://www.nationalarchives.gov.uk/explore-the-collection/stories/caravan-club/; https://www.nationalarchives.gov.uk/explore-the-collection/stories/nancy-cunard/; https://www.nationalarchives.gov.uk/explore-the-collection/stories/the-foundation-of-the-nhs/; https://www.nationalarchives.gov.uk/explore-the-collection/stories/ivor-cummings/; https://www.nationalarchives.gov.uk/explore-the-collection/stories/the-imperial-typewriters-dispute/
https://www.nationalarchives.gov.uk/media/images/front_cover_the_link.2e16d0ba.fill-600x400.format-jpeg.jpegquality-60.bgcolor-fff.jpg,"cover page of the link, with a full page of printed text and illustrations of a man and a woman","cover page of the link, with a full page of printed text and illustrations of a man and a woman [9]",GOOD,,,(missing) [9],,(missing) [9],,(missing) [9],,,true,600,400,9,9,https://www.nationalarchives.gov.uk/explore-the-collection/explore-by-topic/identity-and-community/; https://www.nationalarchives.gov.uk/explore-the-collection/explore-by-time-period/interwar/; https://www.nationalarchives.gov.uk/explore-the-collection/stories/; https://www.nationalarchives.gov.uk/explore-the-collection/stories/radclyffe-hall/; https://www.nationalarchives.gov.uk/explore-the-collection/stories/maud-allan/; https://www.nationalarchives.gov.uk/explore-the-collection/stories/sophia-todd/; https://www.nationalarchives.gov.uk/explore-the-collection/stories/caravan-club/; https://www.nationalarchives.gov.uk/explore-the-collection/stories/ivor-cummings/; https://www.nationalarchives.gov.uk/explore-the-collection/stories/the-imperial-typewriters-dispute/
https://www.nationalarchives.gov.uk/media/images/the-freedom-ch.55cecf60.fill-600x400.format-jpeg.jpegquality-60.bgcolor-fff.jpg,"A poster on bright orange paper with a decorative border, filled with printed text setting out the Charter's demands.","A poster on bright orange paper with a decorative border, filled with printed text setting out the Charter's demands. [9]",GOOD,,,(missing) [9],,(missing) [9],,(missing) [9],,,true,600,400,9,9,https://www.nationalarchives.gov.uk/explore-the-collection/explore-by-topic/international-trade-and-affairs/; https://www.nationalarchives.gov.uk/explore-the-collection/explore-by-time-period/postwar/; https://www.nationalarchives.gov.uk/explore-the-collection/stories/; https://www.nationalarchives.gov.uk/explore-the-collection/stories/mangrove-nine/; https://www.nationalarchives.gov.uk/explore-the-collection/stories/insaaf/; https://www.nationalarchives.gov.uk/explore-the-collection/stories/ormonde-almanzora-windrush/; https://www.nationalarchives.gov.uk/explore-the-collection/stories/nancy-cunard/; https://www.nationalarchives.gov.uk/explore-the-collection/stories/ivor-cummings/; https://www.nationalarchives.gov.uk/explore-the-collection/stories/the-imperial-typewriters-dispute/
https://www.nationalarchives.gov.uk/media/images/1.2e16d0ba.fill-600x400.format-jpeg.jpegquality-60.bgcolor-fff.jpg,A hand-drawn top-down plan of a basement.,A hand-drawn top-down plan of a basement. [7],GOOD,,,(missing) [7],,(missing) [7],,(missing) [7],,,true,600,400,7,7,https://www.nationalarchives.gov.uk/explore-the-collection/explore-by-topic/crime-courts-and-justice/; https://www.nationalarchives.gov.uk/explore-the-collection/explore-by-topic/identity-and-community/; https://www.nationalarchives.gov.uk/explore-the-collection/explore-by-time-period/interwar/; https://www.nationalarchives.gov.uk/explore-the-collection/stories/radclyffe-hall/; https://www.nationalarchives.gov.uk/explore-the-collection/stories/maud-allan/; https://www.nationalarchives.gov.uk/explore-the-collection/stories/sophia-todd/; https://www.nationalarchives.gov.uk/explore-the-collection/stories/caravan-club/
https://www.nationalarchives.gov.uk/media/images/3B.5a8af1c8.fill-600x400.format-jpeg.jpegquality-60.bgcolor-fff.jpg,"Jayaben Desai, wearing a cardigan over a patterned dress, raises her hand in a fist and smiles in front of a long row of police and protestors.","Jayaben Desai, wearing a cardigan over a patterned dress, raises her hand in a fist and smiles in front of a long row of police and protestors. [6]",GOOD,,,(missing) [6],,(missing) [6],,(missing) [6],,,true,600,400,6,6,https://www.nationalarchives.gov.uk/explore-the-collection/explore-by-topic/identity-and-community/; https://www.nationalarchives.gov.uk/explore-the-collection/explore-by-time-period/postwar/; https://www.nationalarchives.gov.uk/explore-the-collection/stories/shapurji-saklatvala/; https://www.nationalarchives.gov.uk/explore-the-collection/stories/insaaf/; https://www.nationalarchives.gov.uk/explore-the-collection/stories/margaret-bondfield/; https://www.nationalarchives.gov.uk/explore-the-collection/explore-by-topic/democracy-and-protest/
https://www.nationalarchives.gov.uk/media/images/C_114_158_affi.2e16d0ba.fill-600x400.format-jpeg.jpegquality-60.bgcolor-fff.jpg,affidavit document on large A3 sized paper,affidavit document on large A3 sized paper [6],GOOD,,,(missing) [6],,(missing) [6],,(missing) [6],,,true,600,400,6,6,https://www.nationalarchives.gov.uk/explore-the-collection/explore-by-time-period/georgians/; https://www.nationalarchives.gov.uk/explore-the-collection/stories/mangrove-nine/; https://www.nationalarchives.gov.uk/explore-the-collection/stories/william-cuffey/; https://www.nationalarchives.gov.uk/explore-the-collection/stories/insaaf/; https://www.nationalarchives.gov.uk/explore-the-collection/stories/ormonde-almanzora-windrush/; https://www.nationalarchives.gov.uk/explore-the-collection/stories/nancy-cunard/
https://www.nationalarchives.gov.uk/media/images/granville-applic_dXIo1rm.fdedcb95.fill-600x400.format-jpeg.jpegquality-60.bgcolor-fff.jpg,A typewritten formal letter.,A typewritten formal letter. [5],GOOD,,,(missing) [5],,(missing) [5],,(missing) [5],,,true,384,256,5,5,https://www.nationalarchives.gov.uk/explore-the-collection/explore-by-topic/migration-and-citizenship/; https://www.nationalarchives.gov.uk/explore-the-collection/explore-by-time-period/second-world-war/; https://www.nationalarchives.gov.uk/explore-the-collection/explore-by-topic/military-and-war/; https://www.nationalarchives.gov.uk/explore-the-collection/explore-by-topic/migration-and-citizenship/coming-to-britain/; https://www.nationalarchives.gov.uk/explore-the-collection/explore-by-time-period/second-world-war/women-and-the-second-world-war/
https://www.nationalarchives.gov.uk/media/images/harriet-j-cave--sons_JMkQt8p.a2407bc7.fill-600x400.format-jpeg.jpegquality-60.bgcolor-fff.jpg,A drawing of an extendable travelling basket with text written above it.,A drawing of an extendable travelling basket with text written above it. [5],GOOD,,,(missing) [5],,(missing) [5],,(missing) [5],,,true,600,400,5,5,https://www.nationalarchives.gov.uk/explore-the-collection/explore-by-topic/transport-and-travel/; https://www.nationalarchives.gov.uk/explore-the-collection/explore-by-topic/business-finance-and-innovation/; https://www.nationalarchives.gov.uk/explore-the-collection/explore-by-time-period/victorians/; https://www.nationalarchives.gov.uk/explore-the-collection/explore-by-time-period/victorians/victorian-bright-ideas/; https://www.nationalarchives.gov.uk/explore-the-collection/explore-by-time-period/victorians/top-hats/
https://www.nationalarchives.gov.uk/media/images/ripper-l.31e3a442.fill-600x400.format-jpeg.jpegquality-60.bgcolor-fff.jpg,"Letter handwritten in red ink, with sketches of crossed swords, a skull and crossbones, a coffin and a skeleton at the top.","Letter handwritten in red ink, with sketches of crossed swords, a skull and crossbones, a coffin and a skeleton at the top. [5]",GOOD,,,(missing) [5],,(missing) [5],,(missing) [5],,,true,600,400,5,5,https://www.nationalarchives.gov.uk/explore-the-collection/explore-by-topic/crime-courts-and-justice/; https://www.nationalarchives.gov.uk/explore-the-collection/explore-by-time-period/victorians/; https://www.nationalarchives.gov.uk/explore-the-collection/stories/mangrove-nine/; https://www.nationalarchives.gov.uk/explore-the-collection/stories/william-cuffey/; https://www.nationalarchives.gov.uk/explore-the-collection/stories/nancy-cunard/
https://www.nationalarchives.gov.uk/media/images/copy1-259-pt2-183-to_bcV2sHF.abf138cf.fill-600x400.format-jpeg.jpegquality-60.bgcolor-fff.jpg,Six children of differing ages dance around a Christmas tree.,Six children of differing ages dance around a Christmas tree. [4],GOOD,,,(missing) [4],,(missing) [4],,(missing) [4],,,true,600,400,4,4,https://www.nationalarchives.gov.uk/explore-the-collection/explore-by-topic/arts-and-culture/; https://www.nationalarchives.gov.uk/explore-the-collection/explore-by-topic/business-finance-and-innovation/; https://www.nationalarchives.gov.uk/explore-the-collection/explore-by-time-period/victorians/; https://www.nationalarchives.gov.uk/explore-the-collection/explore-by-time-period/early-20th-century/
https://www.nationalarchives.gov.uk/media/images/elizabeth-i-from-plea.2e16d0ba.fill-600x400.format-jpeg.jpegquality-60.bgcolor-fff.jpg,"Line sketch of Elizabeth I sat on her throne, holding the royal orb and sceptre.","Line sketch of Elizabeth I sat on her throne, holding the royal orb and sceptre. [4]",GOOD,,,(missing) [4],,(missing) [4],,(missing) [4],,,true,600,400,4,4,https://www.nationalarchives.gov.uk/explore-the-collection/explore-by-time-period/early-modern/; https://www.nationalarchives.gov.uk/explore-the-collection/stories/; https://www.nationalarchives.gov.uk/explore-the-collection/stories/william-shakespeare/; https://www.nationalarchives.gov.uk/explore-the-collection/stories/richard-iii/
https://www.nationalarchives.gov.uk/media/images/examination_of_clove_spec.2e16d0ba.fill-600x400.format-jpeg.jpegquality-60.bgcolor-fff.jpg,"hand written document, paper is slight browned and worn","hand written document, paper is slight browned and worn [4]",GOOD,,,(missing) [4],,(missing) [4],,(missing) [4],,,true,600,400,4,4,https://www.nationalarchives.gov.uk/explore-the-collection/explore-by-topic/business-finance-and-innovation/; https://www.nationalarchives.gov.uk/explore-the-collection/explore-by-time-period/georgians/; https://www.nationalarchives.gov.uk/explore-the-collection/stories/festival-of-britain/; https://www.nationalarchives.gov.uk/explore-the-collection/stories/ormonde-almanzora-windrush/
https://www.nationalarchives.gov.uk/media/images/hg-brighton-railway-p.3879d953.fill-600x400.format-jpeg.jpegquality-60.bgcolor-fff.jpg,Illustrated poster featuring a woman holding a milking stool. Behind her are lush rolling hills.,Illustrated poster featuring a woman holding a milking stool. Behind her are lush rolling hills. [4],GOOD,,,(missing) [4],,(missing) [4],,(missing) [4],,,true,600,400,4,4,https://www.nationalarchives.gov.uk/explore-the-collection/explore-by-topic/transport-and-travel/; https://www.nationalarchives.gov.uk/explore-the-collection/explore-by-topic/arts-and-culture/; https://www.nationalarchives.gov.uk/explore-the-collection/explore-by-time-period/victorians/; https://www.nationalarchives.gov.uk/explore-the-collection/explore-by-time-period/early-20th-century/
https://www.nationalarchives.gov.uk/media/images/hg-festival-of-brita_w6IMbra.31ad1e45.fill-600x400.format-jpeg.jpegquality-60.bgcolor-fff.jpg,A black and a blue set of roots join to form a red arrow pointing up into 3 silhouetted factories.,A black and a blue set of roots join to form a red arrow pointing up into 3 silhouetted factories. [4],GOOD,,,(missing) [4],,(missing) [4],,(missing) [4],,,true,600,400,4,4,https://www.nationalarchives.gov.uk/explore-the-collection/explore-by-topic/arts-and-culture/; https://www.nationalarchives.gov.uk/explore-the-collection/explore-by-topic/business-finance-and-innovation/; https://www.nationalarchives.gov.uk/explore-the-collection/explore-by-topic/international-trade-and-affairs/; https://www.nationalarchives.gov.uk/explore-the-collection/explore-by-time-period/postwar/
https://www.nationalarchives.gov.uk/media/images/hg-john-bull-sons-p_mGxzZ0N.4af4d112.fill-600x400.format-jpeg.jpegquality-60.bgcolor-fff.jpg,A painting of the front of a grocers' shop with customers looking at an array of produce,A painting of the front of a grocers' shop with customers looking at an array of produce [4],GOOD,,,(missing) [4],,(missing) [4],,(missing) [4],,,true,600,400,4,4,https://www.nationalarchives.gov.uk/explore-the-collection/explore-by-topic/arts-and-culture/; https://www.nationalarchives.gov.uk/explore-the-collection/explore-by-topic/business-finance-and-innovation/; https://www.nationalarchives.gov.uk/explore-the-collection/explore-by-topic/international-trade-and-affairs/; https://www.nationalarchives.gov.uk/explore-the-collection/explore-by-time-period/interwar/
https://www.nationalarchives.gov.uk/media/images/hg-road-safety-poste_9jtk7Fp.fca45a54.fill-600x400.format-jpeg.jpegquality-60.bgcolor-fff.jpg,An illustrated poster of the back of a cyclist riding in the dark,An illustrated poster of the back of a cyclist riding in the dark [4],GOOD,,,(missing) [4],,(missing) [4],,(missing) [4],,,true,600,400,4,4,https://www.nationalarchives.gov.uk/explore-the-collection/explore-by-topic/transport-and-travel/; https://www.nationalarchives.gov.uk/explore-the-collection/explore-by-topic/arts-and-culture/; https://www.nationalarchives.gov.uk/explore-the-collection/explore-by-topic/health-and-welfare/; https://www.nationalarchives.gov.uk/explore-the-collection/explore-by-time-period/postwar/
https://www.nationalarchives.gov.uk/media/images/hg-women-in-gunnery-co.0bfc4adc.fill-600x400.format-jpeg.jpegquality-60.bgcolor-fff.jpg,Two women wearing military caps looking into barreled equipment.,Two women wearing military caps looking into barreled equipment. [4],GOOD,,,(missing) [4],,(missing) [4],,(missing) [4],,,true,600,400,4,4,https://www.nationalarchives.gov.uk/explore-the-collection/explore-by-topic/identity-and-community/; https://www.nationalarchives.gov.uk/explore-the-collection/explore-by-time-period/second-world-war/; https://www.nationalarchives.gov.uk/explore-the-collection/explore-by-topic/military-and-war/; https://www.nationalarchives.gov.uk/explore-the-collection/stories/christine-granville-application/
https://www.nationalarchives.gov.uk/media/images/Imperial-typewriters_c2rfsqQ.57856944.fill-600x400.format-jpeg.jpegquality-60.bgcolor-fff.jpg,A newspaper clipping showing a photograph of a large group of strikers holding packards.,A newspaper clipping showing a photograph of a large group of strikers holding packards. [4],GOOD,,,(missing) [4],,(missing) [4],,(missing) [4],,,true,384,256,4,4,https://www.nationalarchives.gov.uk/explore-the-collection/explore-by-topic/migration-and-citizenship/; https://www.nationalarchives.gov.uk/explore-the-collection/explore-by-time-period/postwar/; https://www.nationalarchives.gov.uk/explore-the-collection/stories/letter-by-the-women-workers-at-fords-of-dagenham/; https://www.nationalarchives.gov.uk/explore-the-collection/explore-by-topic/democracy-and-protest/
https://www.nationalarchives.gov.uk/media/images/KV-2-1023_01-tel_m1BmsL1.2e16d0ba.fill-600x400.format-jpeg.jpegquality-60.bgcolor-fff.jpg,A typed telegram marked as 'Secret' detailing the actions of known communists Percy Glading and Harry Pollitt.,A typed telegram marked as 'Secret' detailing the actions of known communists Percy Glading and Harry Pollitt. [4],GOOD,,,(missing) [4],,(missing) [4],,(missing) [4],,,true,600,400,4,4,https://www.nationalarchives.gov.uk/explore-the-collection/explore-by-topic/crime-courts-and-justice/; https://www.nationalarchives.gov.uk/explore-the-collection/explore-by-time-period/interwar/; https://www.nationalarchives.gov.uk/explore-the-collection/explore-by-topic/military-and-war/; https://www.nationalarchives.gov.uk/explore-the-collection/stories/william-cuffey/
https://www.nationalarchives.gov.uk/media/images/Learie-Constantin_STJNPdI.8733fb3d.fill-600x400.format-jpeg.jpegquality-60.bgcolor-fff.jpg,"Sir Learie Constantine, a middle aged, smartly dressed Black man. He looks directly into the camera","Sir Learie Constantine, a middle aged, smartly dressed Black man. He looks directly into the camera [4]",GOOD,,,(missing) [4],,(missing) [4],,(missing) [4],,,true,384,256,4,4,https://www.nationalarchives.gov.uk/explore-the-collection/explore-by-topic/identity-and-community/; https://www.nationalarchives.gov.uk/explore-the-collection/explore-by-topic/migration-and-citizenship/; https://www.nationalarchives.gov.uk/explore-the-collection/explore-by-time-period/interwar/; https://www.nationalarchives.gov.uk/explore-the-collection/explore-by-time-period/postwar/
https://www.nationalarchives.gov.uk/media/images/matchgirls_wel_PM157QF.1e8ff4a0.fill-600x400.format-jpeg.jpegquality-60.bgcolor-fff.jpg,A group of young working class women stand together looking directly at the camera,A group of young working class women stand together looking directly at the camera [4],GOOD,,,(missing) [4],,(missing) [4],,(missing) [4],,,true,600,400,4,4,https://www.nationalarchives.gov.uk/explore-the-collection/explore-by-topic/business-finance-and-innovation/; https://www.nationalarchives.gov.uk/explore-the-collection/explore-by-topic/health-and-welfare/; https://www.nationalarchives.gov.uk/explore-the-collection/explore-by-time-period/victorians/; https://www.nationalarchives.gov.uk/explore-the-collection/explore-by-topic/democracy-and-protest/
https://www.nationalarchives.gov.uk/media/images/mepo-31-21-sou_5tmjp4F.8f868eac.fill-600x400.format-jpeg.jpegquality-60.bgcolor-fff.jpg,Two pages from Black People's News Service. The left page shows two black men raising their fists.,Two pages from Black People's News Service. The left page shows two black men raising their fists. [4],GOOD,,,(missing) [4],,(missing) [4],,(missing) [4],,,true,600,400,4,4,https://www.nationalarchives.gov.uk/explore-the-collection/explore-by-topic/arts-and-culture/; https://www.nationalarchives.gov.uk/explore-the-collection/explore-by-topic/identity-and-community/; https://www.nationalarchives.gov.uk/explore-the-collection/explore-by-time-period/postwar/; https://www.nationalarchives.gov.uk/explore-the-collection/explore-by-topic/democracy-and-protest/
https://www.nationalarchives.gov.uk/media/images/nlb-im_8qQfWML.717cc781.fill-600x400.format-jpeg.jpegquality-60.bgcolor-fff.jpg,"Typed, formal letter with long paragraphs.","Typed, formal letter with long paragraphs. [4]",GOOD,,,(missing) [4],,(missing) [4],,(missing) [4],,,true,384,256,4,4,https://www.nationalarchives.gov.uk/explore-the-collection/explore-by-topic/identity-and-community/; https://www.nationalarchives.gov.uk/explore-the-collection/explore-by-topic/health-and-welfare/; https://www.nationalarchives.gov.uk/explore-the-collection/explore-by-time-period/interwar/; https://www.nationalarchives.gov.uk/explore-the-collection/explore-by-topic/democracy-and-protest/
https://www.nationalarchives.gov.uk/media/images/rat-amongst-excheque_rPAEXhx.9c3df0b9.fill-600x400.format-jpeg.jpegquality-60.bgcolor-fff.jpg,A photograph of a deceased rat. It is curled up against a blue background and looks mummified.,A photograph of a deceased rat. It is curled up against a blue background and looks mummified. [4],GOOD,,,(missing) [4],,(missing) [4],,(missing) [4],,,true,384,256,4,4,https://www.nationalarchives.gov.uk/explore-the-collection/explore-by-topic/business-finance-and-innovation/; https://www.nationalarchives.gov.uk/explore-the-collection/explore-by-topic/land-and-buildings/; https://www.nationalarchives.gov.uk/explore-the-collection/explore-by-time-period/georgians/; https://www.nationalarchives.gov.uk/explore-the-collection/stories/
https://www.nationalarchives.gov.uk/media/images/Sunderland-Harbour-British-M.2e16d0ba.fill-600x400.format-jpeg.jpegquality-60.bgcolor-fff.jpg,Tall ships in a harbour next to a lighthouse.,Tall ships in a harbour next to a lighthouse. [4],GOOD,,,(missing) [4],,(missing) [4],,(missing) [4],,,true,600,400,4,4,https://www.nationalarchives.gov.uk/explore-the-collection/explore-by-topic/business-finance-and-innovation/; https://www.nationalarchives.gov.uk/explore-the-collection/explore-by-time-period/georgians/; https://www.nationalarchives.gov.uk/explore-the-collection/stories/margaret-bondfield/; https://www.nationalarchives.gov.uk/explore-the-collection/explore-by-topic/democracy-and-protest/
https://www.nationalarchives.gov.uk/media/images/The-New-NHS-and-You-_QFdmcb3.50653f3e.fill-600x400.format-jpeg.jpegquality-60.bgcolor-fff.jpg,A pamphlet across three pages with text and cartoons illustrating uses of the NHS.,A pamphlet across three pages with text and cartoons illustrating uses of the NHS. [4],GOOD,,,(missing) [4],,(missing) [4],,(missing) [4],,,true,600,400,4,4,https://www.nationalarchives.gov.uk/explore-the-collection/explore-by-topic/health-and-welfare/; https://www.nationalarchives.gov.uk/explore-the-collection/explore-by-time-period/postwar/; https://www.nationalarchives.gov.uk/explore-the-collection/explore-by-topic/health-and-welfare/public-health-campaigns/; https://www.nationalarchives.gov.uk/explore-the-collection/explore-by-topic/health-and-welfare/nhs-posters-and-leaflets/
https://www.nationalarchives.gov.uk/media/images/two-travel-g.2e16d0ba.fill-600x400.format-jpeg.jpegquality-60.bgcolor-fff.jpg,Two red hardcover books with archival stickers,Two red hardcover books with archival stickers [4],GOOD,,,(missing) [4],,(missing) [4],,(missing) [4],,,true,600,400,4,4,https://www.nationalarchives.gov.uk/explore-the-collection/explore-by-topic/transport-and-travel/; https://www.nationalarchives.gov.uk/explore-the-collection/explore-by-time-period/victorians/; https://www.nationalarchives.gov.uk/explore-the-collection/stories/; https://www.nationalarchives.gov.uk/explore-the-collection/stories/festival-of-britain/
https://www.nationalarchives.gov.uk/media/images/wasu-contents-page_w_ywhr5jy.638d71b3.fill-600x400.format-jpeg.jpegquality-60.bgcolor-fff.jpg,The contents page of a journal titled WÃSÙ.,The contents page of a journal titled WÃSÙ. [4],GOOD,,,(missing) [4],,(missing) [4],,(missing) [4],,,true,384,256,4,4,https://www.nationalarchives.gov.uk/explore-the-collection/explore-by-topic/identity-and-community/; https://www.nationalarchives.gov.uk/explore-the-collection/explore-by-topic/international-trade-and-affairs/; https://www.nationalarchives.gov.uk/explore-the-collection/explore-by-time-period/interwar/; https://www.nationalarchives.gov.uk/explore-the-collection/explore-by-time-period/postwar/
https://www.nationalarchives.gov.uk/media/images/Wedderburn-B_pcd8OnC.dfc16e49.fill-600x400.format-jpeg.jpegquality-60.bgcolor-fff.jpg,A page of an old book with an engraved head and shoulders portrait of a man,A page of an old book with an engraved head and shoulders portrait of a man [4],GOOD,,,(missing) [4],,(missing) [4],,(missing) [4],,,true,384,256,4,4,https://www.nationalarchives.gov.uk/explore-the-collection/explore-by-topic/identity-and-community/; https://www.nationalarchives.gov.uk/explore-the-collection/explore-by-time-period/georgians/; https://www.nationalarchives.gov.uk/explore-the-collection/explore-by-topic/democracy-and-protest/; https://www.nationalarchives.gov.uk/explore-the-collection/explore-by-time-period/georgians/1833-abolition-of-slavery-act-and-compensation-claims/
https://www.nationalarchives.gov.uk/media/images/1951-refugee-convent_nvOFHnD.93adce80.fill-600x400.format-jpeg.jpegquality-60.bgcolor-fff.jpg,"Printed text sitting within a double border, with the UN emblem at the centre.","Printed text sitting within a double border, with the UN emblem at the centre. [3]",GOOD,,,(missing) [3],,(missing) [3],,(missing) [3],,,true,600,400,3,3,https://www.nationalarchives.gov.uk/explore-the-collection/explore-by-topic/international-trade-and-affairs/; https://www.nationalarchives.gov.uk/explore-the-collection/explore-by-topic/migration-and-citizenship/; https://www.nationalarchives.gov.uk/explore-the-collection/explore-by-time-period/postwar/
https://www.nationalarchives.gov.uk/media/images/B.609b20da.fill-600x400.format-jpeg.jpegquality-60.bgcolor-fff.jpg,"A small, cramped room with a desk covered in files and lots of civil rights posters on the wall.","A small, cramped room with a desk covered in files and lots of civil rights posters on the wall. [3]",GOOD,,,(missing) [3],,(missing) [3],,(missing) [3],,,true,384,256,3,3,https://www.nationalarchives.gov.uk/explore-the-collection/explore-by-topic/identity-and-community/; https://www.nationalarchives.gov.uk/explore-the-collection/explore-by-time-period/postwar/; https://www.nationalarchives.gov.uk/explore-the-collection/explore-by-topic/democracy-and-protest/protest-20th-century/
https://www.nationalarchives.gov.uk/media/images/fanny-s_F0xxmcH.7f430c1c.fill-600x400.format-jpeg.jpegquality-60.bgcolor-fff.jpg,Two people in Victorian dresses and feminine hairstyles. They affectionately lean on each other.,Two people in Victorian dresses and feminine hairstyles. They affectionately lean on each other. [3],GOOD,,,(missing) [3],,(missing) [3],,(missing) [3],,,true,384,256,3,3,https://www.nationalarchives.gov.uk/explore-the-collection/explore-by-topic/crime-courts-and-justice/; https://www.nationalarchives.gov.uk/explore-the-collection/explore-by-topic/identity-and-community/; https://www.nationalarchives.gov.uk/explore-the-collection/explore-by-time-period/victorians/
https://www.nationalarchives.gov.uk/media/images/hero-image-capture-o_IkQNnrd.2e16d0ba.fill-600x400.format-jpeg.jpegquality-60.bgcolor-fff.jpg,painting of pirate ship being captured at sea,painting of pirate ship being captured at sea [3],GOOD,,,(missing) [3],,(missing) [3],,(missing) [3],,,true,600,400,3,3,https://www.nationalarchives.gov.uk/explore-the-collection/explore-by-topic/international-trade-and-affairs/; https://www.nationalarchives.gov.uk/explore-the-collection/explore-by-time-period/georgians/; https://www.nationalarchives.gov.uk/explore-the-collection/stories/
https://www.nationalarchives.gov.uk/media/images/hg-edward-VI-letter-_msq4OHA.ff01e8b7.fill-600x400.format-jpeg.jpegquality-60.bgcolor-fff.jpg,A handwritten letter across two pages of text titled 'Edward' and signed',A handwritten letter across two pages of text titled 'Edward' and signed' [3],GOOD,,,(missing) [3],,(missing) [3],,(missing) [3],,,true,600,400,3,3,https://www.nationalarchives.gov.uk/explore-the-collection/explore-by-topic/health-and-welfare/; https://www.nationalarchives.gov.uk/explore-the-collection/explore-by-time-period/medieval/; https://www.nationalarchives.gov.uk/explore-the-collection/explore-by-time-period/early-modern/
https://www.nationalarchives.gov.uk/media/images/hg-farm-survey-map-d_TTVOevt.dd887aa0.fill-600x400.format-jpeg.jpegquality-60.bgcolor-fff.jpg,A map of an area which has been divided up into sections and coloured in by hand,A map of an area which has been divided up into sections and coloured in by hand [3],GOOD,,,(missing) [3],,(missing) [3],,(missing) [3],,,true,600,400,3,3,https://www.nationalarchives.gov.uk/explore-the-collection/explore-by-topic/environment-and-agriculture/; https://www.nationalarchives.gov.uk/explore-the-collection/explore-by-topic/land-and-buildings/; https://www.nationalarchives.gov.uk/explore-the-collection/explore-by-time-period/second-world-war/
https://www.nationalarchives.gov.uk/media/images/hg-great-dom_PfyKoi6.49824cd8.fill-600x400.format-jpeg.jpegquality-60.bgcolor-fff.jpg,A medieval document with two columns of text in black and red ink,A medieval document with two columns of text in black and red ink [3],GOOD,,,(missing) [3],,(missing) [3],,(missing) [3],,,true,600,400,3,3,https://www.nationalarchives.gov.uk/explore-the-collection/explore-by-topic/environment-and-agriculture/; https://www.nationalarchives.gov.uk/explore-the-collection/explore-by-topic/land-and-buildings/; https://www.nationalarchives.gov.uk/explore-the-collection/explore-by-time-period/medieval/
https://www.nationalarchives.gov.uk/media/images/hg-inside-prisoner-o_YdPtMRw.2e16d0ba.fill-600x400.format-jpeg.jpegquality-60.bgcolor-fff.jpg,"Inside a POW camp, 7 men gather around a hurt man to provide aid, including bandaging his leg.","Inside a POW camp, 7 men gather around a hurt man to provide aid, including bandaging his leg. [3]",GOOD,,,(missing) [3],,(missing) [3],,(missing) [3],,,true,600,400,3,3,https://www.nationalarchives.gov.uk/explore-the-collection/explore-by-topic/arts-and-culture/; https://www.nationalarchives.gov.uk/explore-the-collection/explore-by-time-period/second-world-war/; https://www.nationalarchives.gov.uk/explore-the-collection/explore-by-topic/military-and-war/
https://www.nationalarchives.gov.uk/media/images/hg-journal-trial-Cha_YacNIWZ.8ecc6c3e.fill-600x400.format-jpeg.jpegquality-60.bgcolor-fff.jpg,A handwritten document,A handwritten document [3],GOOD,,,(missing) [3],,(missing) [3],,(missing) [3],,,true,600,400,3,3,https://www.nationalarchives.gov.uk/explore-the-collection/explore-by-topic/crime-courts-and-justice/; https://www.nationalarchives.gov.uk/explore-the-collection/explore-by-time-period/early-modern/; https://www.nationalarchives.gov.uk/explore-the-collection/stories/the-monteagle-letter/
https://www.nationalarchives.gov.uk/media/images/hg-learn-make-muniti_ARjW9HA.3d0d1c1c.fill-600x400.format-jpeg.jpegquality-60.bgcolor-fff.jpg,"A poster titled 'These women are doing their bit', showing a woman getting ready to go to work","A poster titled 'These women are doing their bit', showing a woman getting ready to go to work [3]",GOOD,,,(missing) [3],,(missing) [3],,(missing) [3],,,true,600,400,3,3,https://www.nationalarchives.gov.uk/explore-the-collection/explore-by-topic/identity-and-community/; https://www.nationalarchives.gov.uk/explore-the-collection/explore-by-time-period/early-20th-century/; https://www.nationalarchives.gov.uk/explore-the-collection/explore-by-topic/military-and-war/
https://www.nationalarchives.gov.uk/media/images/hg-poster-promoting-_Iyr7mqz.0bf4dff2.fill-600x400.format-jpeg.jpegquality-60.bgcolor-fff.jpg,"Simple poster with just text in black lettering and many different fonts, headed 'EMIGRATION'.","Simple poster with just text in black lettering and many different fonts, headed 'EMIGRATION'. [3]",GOOD,,,(missing) [3],,(missing) [3],,(missing) [3],,,true,600,400,3,3,https://www.nationalarchives.gov.uk/explore-the-collection/explore-by-topic/transport-and-travel/; https://www.nationalarchives.gov.uk/explore-the-collection/explore-by-topic/migration-and-citizenship/; https://www.nationalarchives.gov.uk/explore-the-collection/explore-by-time-period/victorians/
https://www.nationalarchives.gov.uk/media/images/hg-registered-design_cMubJ6i.b723b2c7.fill-600x400.format-jpeg.jpegquality-60.bgcolor-fff.jpg,A diagram of a colourful striped necktie alongside a curled piece of metal.,A diagram of a colourful striped necktie alongside a curled piece of metal. [3],GOOD,,,(missing) [3],,(missing) [3],,(missing) [3],,,true,600,400,3,3,https://www.nationalarchives.gov.uk/explore-the-collection/explore-by-topic/business-finance-and-innovation/; https://www.nationalarchives.gov.uk/explore-the-collection/explore-by-time-period/victorians/; https://www.nationalarchives.gov.uk/explore-the-collection/stories/registered-design-for-expanding-travelling-basket/
https://www.nationalarchives.gov.uk/media/images/hg-the-killen-strait_gSMc3a1.8771ba70.fill-600x400.format-jpeg.jpegquality-60.bgcolor-fff.jpg,A photograph of an early tank moving a fast speed over a bump with people inside.,A photograph of an early tank moving a fast speed over a bump with people inside. [3],GOOD,,,(missing) [3],,(missing) [3],,(missing) [3],,,true,600,400,3,3,https://www.nationalarchives.gov.uk/explore-the-collection/explore-by-topic/business-finance-and-innovation/; https://www.nationalarchives.gov.uk/explore-the-collection/explore-by-time-period/early-20th-century/; https://www.nationalarchives.gov.uk/explore-the-collection/explore-by-topic/military-and-war/
https://www.nationalarchives.gov.uk/media/images/HO_45-25904_Agatha_C_Zp2eRD5.d515de1e.fill-600x400.format-jpeg.jpegquality-60.bgcolor-fff.jpg,Typed letter headed Surrey Constabulary Guildford,Typed letter headed Surrey Constabulary Guildford [3],GOOD,,,(missing) [3],,(missing) [3],,(missing) [3],,,true,384,256,3,3,https://www.nationalarchives.gov.uk/explore-the-collection/explore-by-topic/arts-and-culture/; https://www.nationalarchives.gov.uk/explore-the-collection/explore-by-topic/crime-courts-and-justice/; https://www.nationalarchives.gov.uk/explore-the-collection/explore-by-time-period/interwar/
https://www.nationalarchives.gov.uk/media/images/jane-austins.2e16d0ba.fill-600x400.format-jpeg.jpegquality-60.bgcolor-fff.jpg,beige handwritten document,beige handwritten document [3],GOOD,,,(missing) [3],,(missing) [3],,(missing) [3],,,true,384,256,3,3,https://www.nationalarchives.gov.uk/explore-the-collection/explore-by-topic/arts-and-culture/; https://www.nationalarchives.gov.uk/explore-the-collection/explore-by-time-period/georgians/; https://www.nationalarchives.gov.uk/explore-the-collection/stories/william-shakespeare/
https://www.nationalarchives.gov.uk/media/images/john-fielding_IPyfNs4.907c359f.fill-600x400.format-jpeg.jpegquality-60.bgcolor-fff.jpg,"A red wax seal showing the outline of a man's face, with hair dropping past his shoulders..","A red wax seal showing the outline of a man's face, with hair dropping past his shoulders.. [3]",GOOD,,,(missing) [3],,(missing) [3],,(missing) [3],,,true,384,256,3,3,https://www.nationalarchives.gov.uk/explore-the-collection/explore-by-topic/crime-courts-and-justice/; https://www.nationalarchives.gov.uk/explore-the-collection/explore-by-time-period/georgians/; https://www.nationalarchives.gov.uk/explore-the-collection/stories/printed-circular-by-the-national-league-of-the-blind/
https://www.nationalarchives.gov.uk/media/images/join-the-womens-land_VR50Ity.db3a854b.fill-600x400.format-jpeg.jpegquality-60.bgcolor-fff.jpg,A Women's Land Army recruiting poster showing a land girl holding a horse speaking with a farmer.,A Women's Land Army recruiting poster showing a land girl holding a horse speaking with a farmer. [3],GOOD,,,(missing) [3],,(missing) [3],,(missing) [3],,,true,508,340,3,3,https://www.nationalarchives.gov.uk/explore-the-collection/explore-by-topic/environment-and-agriculture/; https://www.nationalarchives.gov.uk/explore-the-collection/explore-by-time-period/second-world-war/; https://www.nationalarchives.gov.uk/explore-the-collection/explore-by-topic/military-and-war/
https://www.nationalarchives.gov.uk/media/images/Jubilee_si.2e16d0ba.fill-600x400.format-jpeg.jpegquality-60.bgcolor-fff.jpg,"A photograph of 11 African American singers. 7 are seated, 4 are standing.","A photograph of 11 African American singers. 7 are seated, 4 are standing. [3]",GOOD,,,(missing) [3],,(missing) [3],,(missing) [3],,,true,384,256,3,3,https://www.nationalarchives.gov.uk/explore-the-collection/explore-by-topic/arts-and-culture/; https://www.nationalarchives.gov.uk/explore-the-collection/explore-by-time-period/victorians/; https://www.nationalarchives.gov.uk/explore-the-collection/stories/william-shakespeare/
https://www.nationalarchives.gov.uk/media/images/judy-and-frank-willi_jPEnnxR.801f4956.fill-600x400.format-jpeg.jpegquality-60.bgcolor-fff.jpg,Judy and Frank photographed sitting on a box.,Judy and Frank photographed sitting on a box. [3],GOOD,,,(missing) [3],,(missing) [3],,(missing) [3],,,true,600,400,3,3,https://www.nationalarchives.gov.uk/explore-the-collection/explore-by-time-period/second-world-war/; https://www.nationalarchives.gov.uk/explore-the-collection/stories/; https://www.nationalarchives.gov.uk/explore-the-collection/explore-by-topic/military-and-war/
https://www.nationalarchives.gov.uk/media/images/letter-from-thomas-h_FVZ8URn.cfd3866f.fill-600x400.format-jpeg.jpegquality-60.bgcolor-fff.jpg,A tidily handwritten letter with a stamp saying 'Received P.L.C. Feb. 7 1842'.,A tidily handwritten letter with a stamp saying 'Received P.L.C. Feb. 7 1842'. [3],GOOD,,,(missing) [3],,(missing) [3],,(missing) [3],,,true,600,400,3,3,https://www.nationalarchives.gov.uk/explore-the-collection/explore-by-topic/health-and-welfare/; https://www.nationalarchives.gov.uk/explore-the-collection/explore-by-time-period/victorians/; https://www.nationalarchives.gov.uk/explore-the-collection/stories/the-foundation-of-the-nhs/
https://www.nationalarchives.gov.uk/media/images/louis-wain-draw-por_WiemQL5.2e16d0ba.fill-600x400.format-jpeg.jpegquality-60.bgcolor-fff.jpg,A grey cat leans over a piece of paper and holds a pencil in its hand. It's drawing a rabbit,A grey cat leans over a piece of paper and holds a pencil in its hand. It's drawing a rabbit [3],GOOD,,,(missing) [3],,(missing) [3],,(missing) [3],,,true,600,400,3,3,https://www.nationalarchives.gov.uk/explore-the-collection/explore-by-topic/arts-and-culture/; https://www.nationalarchives.gov.uk/explore-the-collection/explore-by-time-period/early-20th-century/; https://www.nationalarchives.gov.uk/explore-the-collection/stories/
https://www.nationalarchives.gov.uk/media/images/mary-letter-to-willi_gWjHowB.2e16d0ba.fill-600x400.format-jpeg.jpegquality-60.bgcolor-fff.jpg,A handwritten letter written in cursive writing.,A handwritten letter written in cursive writing. [3],GOOD,,,(missing) [3],,(missing) [3],,(missing) [3],,,true,600,400,3,3,https://www.nationalarchives.gov.uk/explore-the-collection/explore-by-time-period/early-modern/; https://www.nationalarchives.gov.uk/explore-the-collection/stories/; https://www.nationalarchives.gov.uk/explore-the-collection/stories/richard-iii/
https://www.nationalarchives.gov.uk/media/images/mi5-warning-about-na_3mrLkCt.3c33eddd.fill-600x400.format-jpeg.jpegquality-60.bgcolor-fff.jpg,Page from a typewritten document with the word 'Arschloch' underlined in red pencil.,Page from a typewritten document with the word 'Arschloch' underlined in red pencil. [3],GOOD,,,(missing) [3],,(missing) [3],,(missing) [3],,,true,600,400,3,3,https://www.nationalarchives.gov.uk/explore-the-collection/explore-by-topic/international-trade-and-affairs/; https://www.nationalarchives.gov.uk/explore-the-collection/explore-by-time-period/second-world-war/; https://www.nationalarchives.gov.uk/explore-the-collection/explore-by-topic/military-and-war/
https://www.nationalarchives.gov.uk/media/images/Nancy-Wake---public-_mfymX4D.a3d2591a.fill-600x400.format-jpeg.jpegquality-60.bgcolor-fff.jpg,A woman in military uniform with shoulder length dark hair looks over her shoulder at the camera,A woman in military uniform with shoulder length dark hair looks over her shoulder at the camera [3],GOOD,,,(missing) [3],,(missing) [3],,(missing) [3],,,true,384,256,3,3,https://www.nationalarchives.gov.uk/explore-the-collection/explore-by-time-period/second-world-war/; https://www.nationalarchives.gov.uk/explore-the-collection/explore-by-topic/military-and-war/; https://www.nationalarchives.gov.uk/explore-the-collection/stories/christine-granville-application/
https://www.nationalarchives.gov.uk/media/images/photo-of-dorothy-bla_dXJHVeP.7d5f7f77.fill-600x400.format-jpeg.jpegquality-60.bgcolor-fff.jpg,Black and white portrait photograph of a smartly-dressed young woman with a modest smile.,Black and white portrait photograph of a smartly-dressed young woman with a modest smile. [3],GOOD,,,(missing) [3],,(missing) [3],,(missing) [3],,,true,600,400,3,3,https://www.nationalarchives.gov.uk/explore-the-collection/explore-by-topic/identity-and-community/; https://www.nationalarchives.gov.uk/explore-the-collection/explore-by-topic/migration-and-citizenship/; https://www.nationalarchives.gov.uk/explore-the-collection/explore-by-time-period/postwar/
https://www.nationalarchives.gov.uk/media/images/PXL_20250923_0937.2e16d0ba.fill-600x400.format-jpeg.jpegquality-60.bgcolor-fff.jpg,three Victorian wooden wheels,three Victorian wooden wheels [3],GOOD,,,(missing) [3],,(missing) [3],,(missing) [3],,,true,600,400,3,3,https://www.nationalarchives.gov.uk/explore-the-collection/explore-by-topic/business-finance-and-innovation/; https://www.nationalarchives.gov.uk/explore-the-collection/explore-by-topic/crime-courts-and-justice/; https://www.nationalarchives.gov.uk/explore-the-collection/explore-by-time-period/victorians/
https://www.nationalarchives.gov.uk/media/images/seventeenth-century-_Oh9M5tX.ef47cac2.fill-600x400.format-jpeg.jpegquality-60.bgcolor-fff.jpg,A 17th century document with a handwritten list of food items.,A 17th century document with a handwritten list of food items. [3],GOOD,,,(missing) [3],,(missing) [3],,(missing) [3],,,true,600,400,3,3,https://www.nationalarchives.gov.uk/explore-the-collection/explore-by-topic/arts-and-culture/; https://www.nationalarchives.gov.uk/explore-the-collection/explore-by-time-period/medieval/; https://www.nationalarchives.gov.uk/explore-the-collection/explore-by-time-period/early-modern/
https://www.nationalarchives.gov.uk/media/images/Shapurji-Sakla_nHrGM60.4700e26b.fill-600x400.format-jpeg.jpegquality-60.bgcolor-fff.jpg,Black and white head and shoulders photograph of Shapurji Saklatvala,Black and white head and shoulders photograph of Shapurji Saklatvala [3],GOOD,,,(missing) [3],,(missing) [3],,(missing) [3],,,true,384,256,3,3,https://www.nationalarchives.gov.uk/explore-the-collection/explore-by-topic/identity-and-community/; https://www.nationalarchives.gov.uk/explore-the-collection/explore-by-time-period/interwar/; https://www.nationalarchives.gov.uk/explore-the-collection/explore-by-topic/democracy-and-protest/
https://www.nationalarchives.gov.uk/media/images/Sophia_Todd__9NwTAXm.ed8b270a.fill-600x400.format-jpeg.jpegquality-60.bgcolor-fff.jpg,A woman in a black dress with white cap sits with her arms folded in her lap,A woman in a black dress with white cap sits with her arms folded in her lap [3],GOOD,,,(missing) [3],,(missing) [3],,(missing) [3],,,true,384,256,3,3,https://www.nationalarchives.gov.uk/explore-the-collection/explore-by-topic/crime-courts-and-justice/; https://www.nationalarchives.gov.uk/explore-the-collection/explore-by-time-period/victorians/; https://www.nationalarchives.gov.uk/explore-the-collection/explore-by-topic/crime-courts-and-justice/policing-and-prosecution/
https://www.nationalarchives.gov.uk/media/images/Sweetman-1841-c.82b325ae.fill-600x400.format-jpeg.jpegquality-60.bgcolor-fff.jpg,hand written census data on aged paper,hand written census data on aged paper [3],GOOD,,,(missing) [3],,(missing) [3],,(missing) [3],,,true,384,256,3,3,https://www.nationalarchives.gov.uk/explore-the-collection/explore-by-topic/arts-and-culture/; https://www.nationalarchives.gov.uk/explore-the-collection/explore-by-time-period/medieval/; https://www.nationalarchives.gov.uk/explore-the-collection/explore-by-time-period/victorians/
https://www.nationalarchives.gov.uk/media/images/traffic-light-textile-d.4caa707f.fill-600x400.format-jpeg.jpegquality-60.bgcolor-fff.jpg,"Stripes of different heights, containing alternating strips of solid colours and rectangles covered in circles, similar to traffic lights.","Stripes of different heights, containing alternating strips of solid colours and rectangles covered in circles, similar to traffic lights. [3]",GOOD,,,(missing) [3],,(missing) [3],,(missing) [3],,,true,600,400,3,3,https://www.nationalarchives.gov.uk/explore-the-collection/explore-by-topic/arts-and-culture/; https://www.nationalarchives.gov.uk/explore-the-collection/explore-by-topic/migration-and-citizenship/; https://www.nationalarchives.gov.uk/explore-the-collection/explore-by-time-period/postwar/
https://www.nationalarchives.gov.uk/media/images/trucks-upended-by-ex_Wknb7oJ.2e16d0ba.fill-600x400.format-jpeg.jpegquality-60.bgcolor-fff.jpg,A photograph of inside a mine. There are coal trucks and rails upended. A torch light shines on them,A photograph of inside a mine. There are coal trucks and rails upended. A torch light shines on them [3],GOOD,,,(missing) [3],,(missing) [3],,(missing) [3],,,true,384,256,3,3,https://www.nationalarchives.gov.uk/explore-the-collection/explore-by-topic/crime-courts-and-justice/; https://www.nationalarchives.gov.uk/explore-the-collection/explore-by-topic/identity-and-community/; https://www.nationalarchives.gov.uk/explore-the-collection/explore-by-time-period/interwar/
https://www.nationalarchives.gov.uk/media/images/william-beatty-medic_E6Vyah3.2e16d0ba.fill-600x400.format-jpeg.jpegquality-60.bgcolor-fff.jpg,A handwritten table containing a list of names and further details around battle injuries suffered.,A handwritten table containing a list of names and further details around battle injuries suffered. [3],GOOD,,,(missing) [3],,(missing) [3],,(missing) [3],,,true,384,256,3,3,https://www.nationalarchives.gov.uk/explore-the-collection/explore-by-time-period/georgians/; https://www.nationalarchives.gov.uk/explore-the-collection/explore-by-topic/military-and-war/; https://www.nationalarchives.gov.uk/explore-the-collection/stories/the-foundation-of-the-nhs/
https://www.nationalarchives.gov.uk/media/images/William-C_Z7VuDaV.bbcba0bb.fill-600x400.format-jpeg.jpegquality-60.bgcolor-fff.jpg,A black and white portrait of William Cuffey. He is standing with one hand in his waistcoat,A black and white portrait of William Cuffey. He is standing with one hand in his waistcoat [3],GOOD,,,(missing) [3],,(missing) [3],,(missing) [3],,,true,384,256,3,3,https://www.nationalarchives.gov.uk/explore-the-collection/explore-by-topic/crime-courts-and-justice/; https://www.nationalarchives.gov.uk/explore-the-collection/explore-by-time-period/victorians/; https://www.nationalarchives.gov.uk/explore-the-collection/explore-by-topic/democracy-and-protest/
https://www.nationalarchives.gov.uk/media/images/with-love-env_Z2BKc8U.2ef44cc5.fill-600x400.format-jpeg.jpegquality-60.bgcolor-fff.jpg,Colourful blue flowers and leaves sketched around the shiny words 'With Love'.,Colourful blue flowers and leaves sketched around the shiny words 'With Love'. [3],GOOD,,,(missing) [3],,(missing) [3],,(missing) [3],,,true,600,400,3,3,https://www.nationalarchives.gov.uk/explore-the-collection/explore-by-topic/arts-and-culture/; https://www.nationalarchives.gov.uk/explore-the-collection/explore-by-topic/business-finance-and-innovation/; https://www.nationalarchives.gov.uk/explore-the-collection/explore-by-time-period/victorians/
https://www.nationalarchives.gov.uk/media/images/1-_medieval-or-early_EPe9u1n.b6156ada.fill-600x400.format-jpeg.jpegquality-60.bgcolor-fff.jpg,Worn and damaged parchment with medieval music notation and handwritten lyrics.,Worn and damaged parchment with medieval music notation and handwritten lyrics. [2],GOOD,,,(missing) [2],,(missing) [2],,(missing) [2],,,true,600,400,2,2,https://www.nationalarchives.gov.uk/explore-the-collection/explore-by-topic/identity-and-community/; https://www.nationalarchives.gov.uk/explore-the-collection/explore-by-topic/health-and-welfare/
https://www.nationalarchives.gov.uk/media/images/7-terrence-higgins-t_7X2AWlG.ec85c2fb.fill-600x400.format-jpeg.jpegquality-60.bgcolor-fff.jpg,"Poster of two men walking, looking affectionate and happy. With text, “Yes… to being gay...'","Poster of two men walking, looking affectionate and happy. With text, “Yes… to being gay...' [2]",GOOD,,,(missing) [2],,(missing) [2],,(missing) [2],,,true,600,400,2,2,https://www.nationalarchives.gov.uk/explore-the-collection/explore-by-topic/identity-and-community/; https://www.nationalarchives.gov.uk/explore-the-collection/explore-by-time-period/postwar/
https://www.nationalarchives.gov.uk/media/images/AIDS_Dont_Die_of_Ign_FpUjQUI.2e16d0ba.fill-600x400.format-jpeg.jpegquality-60.bgcolor-fff.jpg,Printed leaflet on AIDS and information about the virus,Printed leaflet on AIDS and information about the virus [2],GOOD,,,(missing) [2],,(missing) [2],,(missing) [2],,,true,600,400,2,2,https://www.nationalarchives.gov.uk/explore-the-collection/explore-by-topic/health-and-welfare/; https://www.nationalarchives.gov.uk/explore-the-collection/explore-by-time-period/postwar/
https://www.nationalarchives.gov.uk/media/images/AIR-40-230-Oflag-IVC_M5OreFL.a9f77761.fill-600x400.format-jpeg.jpegquality-60.bgcolor-fff.jpg,Three back and white photographs of Colditz Castle with areas pointed out including 'cells'.,Three back and white photographs of Colditz Castle with areas pointed out including 'cells'. [2],GOOD,,,(missing) [2],,(missing) [2],,(missing) [2],,,true,579,386,2,2,https://www.nationalarchives.gov.uk/explore-the-collection/explore-by-time-period/second-world-war/; https://www.nationalarchives.gov.uk/explore-the-collection/explore-by-topic/military-and-war/
https://www.nationalarchives.gov.uk/media/images/air41-16-battle-of-b_xfPCD5C.f3d68157.fill-600x400.format-jpeg.jpegquality-60.bgcolor-fff.jpg,"Map showing as far as Sheffield at the top and Bristol on the left side, with air bases marked.","Map showing as far as Sheffield at the top and Bristol on the left side, with air bases marked. [2]",GOOD,,,(missing) [2],,(missing) [2],,(missing) [2],,,true,600,400,2,2,https://www.nationalarchives.gov.uk/explore-the-collection/explore-by-time-period/second-world-war/; https://www.nationalarchives.gov.uk/explore-the-collection/explore-by-topic/military-and-war/
https://www.nationalarchives.gov.uk/media/images/Alice_Hawkins_statue_6HILLDn.2e16d0ba.fill-600x400.format-jpeg.jpegquality-60.bgcolor-fff.jpg,A bronze statue of Alice Hawkins holding up her fist,A bronze statue of Alice Hawkins holding up her fist [2],GOOD,,,(missing) [2],,(missing) [2],,(missing) [2],,,true,384,256,2,2,https://www.nationalarchives.gov.uk/explore-the-collection/explore-by-time-period/early-20th-century/; https://www.nationalarchives.gov.uk/explore-the-collection/explore-by-topic/democracy-and-protest/
https://www.nationalarchives.gov.uk/media/images/alien-abductor-s.db8f6de9.fill-600x400.format-jpeg.jpegquality-60.bgcolor-fff.jpg,"Annotated sketch of a woman with long, curly hair, a flowing dress and bracelets beside a shorter humanoid figure with large ears.","Annotated sketch of a woman with long, curly hair, a flowing dress and bracelets beside a shorter humanoid figure with large ears. [2]",GOOD,,,(missing) [2],,(missing) [2],,(missing) [2],,,true,600,400,2,2,https://www.nationalarchives.gov.uk/explore-the-collection/explore-by-time-period/postwar/; https://www.nationalarchives.gov.uk/explore-the-collection/explore-by-topic/military-and-war/
https://www.nationalarchives.gov.uk/media/images/bethnal-green-tube-m_Sg7uMqc.2dbbf4d0.fill-600x400.format-jpeg.jpegquality-60.bgcolor-fff.jpg,The memorial: an upturned stairway standing in front of the street.,The memorial: an upturned stairway standing in front of the street. [2],GOOD,,,(missing) [2],,(missing) [2],,(missing) [2],,,true,384,256,2,2,https://www.nationalarchives.gov.uk/explore-the-collection/explore-by-time-period/second-world-war/; https://www.nationalarchives.gov.uk/explore-the-collection/explore-by-topic/military-and-war/
https://www.nationalarchives.gov.uk/media/images/british-indian-army-_irt1ARK.39c958cf.fill-600x400.format-jpeg.jpegquality-60.bgcolor-fff.jpg,A typed document in a list format outlining recommendations for the British Indian Army.,A typed document in a list format outlining recommendations for the British Indian Army. [2],GOOD,,,(missing) [2],,(missing) [2],,(missing) [2],,,true,384,256,2,2,https://www.nationalarchives.gov.uk/explore-the-collection/explore-by-time-period/second-world-war/; https://www.nationalarchives.gov.uk/explore-the-collection/explore-by-topic/military-and-war/
https://www.nationalarchives.gov.uk/media/images/cab106_JTncA3b.2e16d0ba.fill-600x400.format-jpeg.jpegquality-60.bgcolor-fff.jpg,Annotated map with various coloured lines marking territory held.,Annotated map with various coloured lines marking territory held. [2],GOOD,,,(missing) [2],,(missing) [2],,(missing) [2],,,true,384,256,2,2,https://www.nationalarchives.gov.uk/explore-the-collection/explore-by-time-period/second-world-war/; https://www.nationalarchives.gov.uk/explore-the-collection/explore-by-topic/military-and-war/
https://www.nationalarchives.gov.uk/media/images/callaghans-notes_chMf09W.2e16d0ba.fill-600x400.format-jpeg.jpegquality-60.bgcolor-fff.jpg,"List of issues handwritten in blue pen, alongside a list of crossed-through initials.","List of issues handwritten in blue pen, alongside a list of crossed-through initials. [2]",GOOD,,,(missing) [2],,(missing) [2],,(missing) [2],,,true,384,256,2,2,https://www.nationalarchives.gov.uk/explore-the-collection/explore-by-time-period/postwar/; https://www.nationalarchives.gov.uk/explore-the-collection/explore-by-topic/democracy-and-protest/
https://www.nationalarchives.gov.uk/media/images/Chevalier-dEo_aNY9Jy3.2e16d0ba.fill-600x400.format-jpeg.jpegquality-60.bgcolor-fff.jpg,A portrait of the Chevalier d'Eon wearing a plain black silk dress with a large white lace collar.,A portrait of the Chevalier d'Eon wearing a plain black silk dress with a large white lace collar. [2],GOOD,,,(missing) [2],,(missing) [2],,(missing) [2],,,true,600,400,2,2,https://www.nationalarchives.gov.uk/explore-the-collection/explore-by-topic/crime-courts-and-justice/; https://www.nationalarchives.gov.uk/explore-the-collection/explore-by-time-period/georgians/
https://www.nationalarchives.gov.uk/media/images/close_wDEdBBY.2e16d0ba.fill-600x400.format-jpeg.jpegquality-60.bgcolor-fff.jpg,Wound-up roll of old parchment.,Wound-up roll of old parchment. [2],GOOD,,,(missing) [2],,(missing) [2],,(missing) [2],,,true,600,400,2,2,https://www.nationalarchives.gov.uk/explore-the-collection/explore-by-time-period/medieval/; https://www.nationalarchives.gov.uk/explore-the-collection/explore-by-topic/democracy-and-protest/
https://www.nationalarchives.gov.uk/media/images/Colour_panorama_of__Xf4NWxl.2e16d0ba.fill-1800x720.format-jpeg.jpegquality-60.bgcolor-fff.jpg,Colourful illustration showing an aerial view of the Festival of Britain structures on London's South Bank.,Colourful illustration showing an aerial view of the Festival of Britain structures on London's South Bank. [2],GOOD,,,(missing) [2],,(missing) [2],,(missing) [2],,,true,1380,552,2,2,https://www.nationalarchives.gov.uk/explore-the-collection/explore-by-topic/business-finance-and-innovation/; https://www.nationalarchives.gov.uk/explore-the-collection/stories/festival-of-britain/
https://www.nationalarchives.gov.uk/media/images/cover-of-north-easte_RbWb9od.06d1e298.fill-600x400.format-jpeg.jpegquality-60.bgcolor-fff.jpg,Cover of a volume with worn and damaged leather and a marbled red pattern.,Cover of a volume with worn and damaged leather and a marbled red pattern. [2],GOOD,,,(missing) [2],,(missing) [2],,(missing) [2],,,true,600,400,2,2,https://www.nationalarchives.gov.uk/explore-the-collection/explore-by-topic/transport-and-travel/; https://www.nationalarchives.gov.uk/explore-the-collection/explore-by-time-period/victorians/
https://www.nationalarchives.gov.uk/media/images/east-river-column-_EzBDYJ0.3ffb09f4.fill-600x400.format-jpeg.jpegquality-60.bgcolor-fff.jpg,A photograph of a military group marching one by one in a line through fields.,A photograph of a military group marching one by one in a line through fields. [2],GOOD,,,(missing) [2],,(missing) [2],,(missing) [2],,,true,384,256,2,2,https://www.nationalarchives.gov.uk/explore-the-collection/explore-by-time-period/second-world-war/; https://www.nationalarchives.gov.uk/explore-the-collection/explore-by-topic/military-and-war/
https://www.nationalarchives.gov.uk/media/images/edgar-charter-.11b3d08f.fill-600x400.format-jpeg.jpegquality-60.bgcolor-fff.jpg,"An almost square document with extremely neat, regular lines of Latin and Old English text.","An almost square document with extremely neat, regular lines of Latin and Old English text. [2]",GOOD,,,(missing) [2],,(missing) [2],,(missing) [2],,,true,600,400,2,2,https://www.nationalarchives.gov.uk/explore-the-collection/explore-by-topic/land-and-buildings/; https://www.nationalarchives.gov.uk/explore-the-collection/explore-by-time-period/medieval/
https://www.nationalarchives.gov.uk/media/images/Elvira-Chaudoir-1942_5QIzLlR.0a6d185b.fill-600x400.format-jpeg.jpegquality-60.bgcolor-fff.jpg,Elvira Chaudoir.,Elvira Chaudoir. [2],GOOD,,,(missing) [2],,(missing) [2],,(missing) [2],,,true,384,256,2,2,https://www.nationalarchives.gov.uk/explore-the-collection/explore-by-time-period/second-world-war/; https://www.nationalarchives.gov.uk/explore-the-collection/explore-by-topic/military-and-war/
https://www.nationalarchives.gov.uk/media/images/ghosh-letter-to-cri_WJVWY70.2e16d0ba.fill-600x400.format-jpeg.jpegquality-60.bgcolor-fff.jpg,A typed letter.,A typed letter. [2],GOOD,,,(missing) [2],,(missing) [2],,(missing) [2],,,true,600,400,2,2,https://www.nationalarchives.gov.uk/explore-the-collection/explore-by-topic/international-trade-and-affairs/; https://www.nationalarchives.gov.uk/explore-the-collection/explore-by-time-period/postwar/
https://www.nationalarchives.gov.uk/media/images/hg--nelson-passing-c_eAlcaSt.2a961613.fill-600x400.format-jpeg.jpegquality-60.bgcolor-fff.jpg,A hand written entry in an official document. On the left hand side the text reads 'Horatio Nelson',A hand written entry in an official document. On the left hand side the text reads 'Horatio Nelson' [2],GOOD,,,(missing) [2],,(missing) [2],,(missing) [2],,,true,600,400,2,2,https://www.nationalarchives.gov.uk/explore-the-collection/explore-by-time-period/georgians/; https://www.nationalarchives.gov.uk/explore-the-collection/explore-by-topic/military-and-war/
https://www.nationalarchives.gov.uk/media/images/hg-blood-donors-p.ce292f78.fill-600x400.format-jpeg.jpegquality-60.bgcolor-fff.jpg,Surgeons operate on a patient within a huge pair of hands above the words 'a life in your hands'.,Surgeons operate on a patient within a huge pair of hands above the words 'a life in your hands'. [2],GOOD,,,(missing) [2],,(missing) [2],,(missing) [2],,,true,600,400,2,2,https://www.nationalarchives.gov.uk/explore-the-collection/explore-by-topic/health-and-welfare/; https://www.nationalarchives.gov.uk/explore-the-collection/explore-by-time-period/postwar/
https://www.nationalarchives.gov.uk/media/images/hg-british-constitut_wApkZYk.0f2d6ba5.fill-600x400.format-jpeg.jpegquality-60.bgcolor-fff.jpg,"An illustration of a skeleton pierced with arrows, each arrow is labelled","An illustration of a skeleton pierced with arrows, each arrow is labelled [2]",GOOD,,,(missing) [2],,(missing) [2],,(missing) [2],,,true,600,400,2,2,https://www.nationalarchives.gov.uk/explore-the-collection/explore-by-time-period/georgians/; https://www.nationalarchives.gov.uk/explore-the-collection/explore-by-topic/democracy-and-protest/
https://www.nationalarchives.gov.uk/media/images/hg-community-letter-_ZyUEpJL.b6669c48.fill-600x400.format-jpeg.jpegquality-60.bgcolor-fff.jpg,"A large paragraph of clear, tidy handwriting above roughly 50 different signatures.","A large paragraph of clear, tidy handwriting above roughly 50 different signatures. [2]",GOOD,,,(missing) [2],,(missing) [2],,(missing) [2],,,true,600,400,2,2,https://www.nationalarchives.gov.uk/explore-the-collection/explore-by-topic/crime-courts-and-justice/; https://www.nationalarchives.gov.uk/explore-the-collection/explore-by-time-period/early-modern/
https://www.nationalarchives.gov.uk/media/images/hg-concordia-dra_Um52n7g.3594122f.fill-600x400.format-jpeg.jpegquality-60.bgcolor-fff.jpg,"Three images, the central one a portrait of a moustachioed man with red skin wearing a tricorne hat.","Three images, the central one a portrait of a moustachioed man with red skin wearing a tricorne hat. [2]",GOOD,,,(missing) [2],,(missing) [2],,(missing) [2],,,true,600,400,2,2,https://www.nationalarchives.gov.uk/explore-the-collection/explore-by-topic/international-trade-and-affairs/; https://www.nationalarchives.gov.uk/explore-the-collection/explore-by-time-period/georgians/
https://www.nationalarchives.gov.uk/media/images/hg-cotton-mill-wo.a57903d9.fill-600x400.format-jpeg.jpegquality-60.bgcolor-fff.jpg,A man in a waistcoat looks down at a boy wearing a flat cap in the aisle between mill equipment.,A man in a waistcoat looks down at a boy wearing a flat cap in the aisle between mill equipment. [2],GOOD,,,(missing) [2],,(missing) [2],,(missing) [2],,,true,600,400,2,2,https://www.nationalarchives.gov.uk/explore-the-collection/explore-by-topic/business-finance-and-innovation/; https://www.nationalarchives.gov.uk/explore-the-collection/explore-by-time-period/early-20th-century/
https://www.nationalarchives.gov.uk/media/images/hg-disciplinary-case_QpxEmEc.68bd4df0.fill-600x400.format-jpeg.jpegquality-60.bgcolor-fff.jpg,Handwritten note on blue paper starting 'I joined 11th West Yorkshire about the end of May 1916'.,Handwritten note on blue paper starting 'I joined 11th West Yorkshire about the end of May 1916'. [2],GOOD,,,(missing) [2],,(missing) [2],,(missing) [2],,,true,600,400,2,2,https://www.nationalarchives.gov.uk/explore-the-collection/explore-by-time-period/early-20th-century/; https://www.nationalarchives.gov.uk/explore-the-collection/explore-by-topic/military-and-war/
https://www.nationalarchives.gov.uk/media/images/hg-domesday-abbrev_sPCS0hF.d3c32e09.fill-600x400.format-jpeg.jpegquality-60.bgcolor-fff.jpg,A detail of a medieval manuscript. The first letter is a large I with a black man dangling off it,A detail of a medieval manuscript. The first letter is a large I with a black man dangling off it [2],GOOD,,,(missing) [2],,(missing) [2],,(missing) [2],,,true,600,400,2,2,https://www.nationalarchives.gov.uk/explore-the-collection/; https://www.nationalarchives.gov.uk/explore-the-collection/explore-by-topic/
https://www.nationalarchives.gov.uk/media/images/hg-drawing-of-.max-1024x1024.format-webp.webpquality-70.webp,A woman wearing a red headscarf bends over a wheeled plough chained to two horses in a ridged field.,A woman wearing a red headscarf bends over a wheeled plough chained to two horses in a ridged field. [2],GOOD,,,(missing) [2],,(missing) [2],,(missing) [2],,,true,769,1024,2,2,https://www.nationalarchives.gov.uk/explore-the-collection/explore-by-time-period/second-world-war/women-and-the-second-world-war/; https://www.nationalarchives.gov.uk/explore-the-collection/explore-by-topic/environment-and-agriculture/rural-life/
https://www.nationalarchives.gov.uk/media/images/hg-drawing-of-a-land_biAX4iG.bfc8eefc.fill-600x400.format-jpeg.jpegquality-60.bgcolor-fff.jpg,A woman wearing a red headscarf bends over a wheeled plough chained to two horses in a ridged field.,A woman wearing a red headscarf bends over a wheeled plough chained to two horses in a ridged field. [2],GOOD,,,(missing) [2],,(missing) [2],,(missing) [2],,,true,600,400,2,2,https://www.nationalarchives.gov.uk/explore-the-collection/explore-by-topic/environment-and-agriculture/; https://www.nationalarchives.gov.uk/explore-the-collection/explore-by-time-period/interwar/
https://www.nationalarchives.gov.uk/media/images/hg-identity-parade-g_0E0jp8c.96d7e750.fill-600x400.format-jpeg.jpegquality-60.bgcolor-fff.jpg,Photograph of eight men standing in a line.,Photograph of eight men standing in a line. [2],GOOD,,,(missing) [2],,(missing) [2],,(missing) [2],,,true,600,400,2,2,https://www.nationalarchives.gov.uk/explore-the-collection/explore-by-topic/crime-courts-and-justice/; https://www.nationalarchives.gov.uk/explore-the-collection/explore-by-time-period/postwar/
https://www.nationalarchives.gov.uk/media/images/hg-magna-carta-enshr_rDLTx8S.1b384770.fill-600x400.format-jpeg.jpegquality-60.bgcolor-fff.jpg,"One large, dense section of text written.","One large, dense section of text written. [2]",GOOD,,,(missing) [2],,(missing) [2],,(missing) [2],,,true,600,400,2,2,https://www.nationalarchives.gov.uk/explore-the-collection/explore-by-time-period/medieval/; https://www.nationalarchives.gov.uk/explore-the-collection/explore-by-topic/democracy-and-protest/
https://www.nationalarchives.gov.uk/media/images/hg-metropolitan-rail_dw5mwWP.484d2035.fill-600x400.format-jpeg.jpegquality-60.bgcolor-fff.jpg,"A poster titled 'Bye-laws, orders, rules and regulations' with a list of rules for passengers.","A poster titled 'Bye-laws, orders, rules and regulations' with a list of rules for passengers. [2]",GOOD,,,(missing) [2],,(missing) [2],,(missing) [2],,,true,600,400,2,2,https://www.nationalarchives.gov.uk/explore-the-collection/explore-by-topic/transport-and-travel/; https://www.nationalarchives.gov.uk/explore-the-collection/explore-by-time-period/victorians/
https://www.nationalarchives.gov.uk/media/images/hg-nhs-nursing-recru_ErAvk7A.2bf8584e.fill-600x400.format-jpeg.jpegquality-60.bgcolor-fff.jpg,Two nurses are providing support to a sleeping patient on a breathing machine.,Two nurses are providing support to a sleeping patient on a breathing machine. [2],GOOD,,,(missing) [2],,(missing) [2],,(missing) [2],,,true,600,400,2,2,https://www.nationalarchives.gov.uk/explore-the-collection/; https://www.nationalarchives.gov.uk/explore-the-collection/explore-by-time-period/
https://www.nationalarchives.gov.uk/media/images/hg-photo-cats-mea_oaG1Ivf.2e16d0ba.fill-600x400.format-jpeg.jpegquality-60.bgcolor-fff.jpg,A man wearing a flat cap and holding a basket reaches into the wheelbarrow in front of him.,A man wearing a flat cap and holding a basket reaches into the wheelbarrow in front of him. [2],GOOD,,,(missing) [2],,(missing) [2],,(missing) [2],,,true,600,400,2,2,https://www.nationalarchives.gov.uk/explore-the-collection/explore-by-topic/land-and-buildings/; https://www.nationalarchives.gov.uk/explore-the-collection/explore-by-time-period/interwar/
https://www.nationalarchives.gov.uk/media/images/hg-photograph-of-mau_PkEWd2T.9c8c2af9.fill-600x400.format-jpeg.jpegquality-60.bgcolor-fff.jpg,Allan dressed as Salome. She wears a beaded cropped top and translucent skirt,Allan dressed as Salome. She wears a beaded cropped top and translucent skirt [2],GOOD,,,(missing) [2],,(missing) [2],,(missing) [2],,,true,600,400,2,2,https://www.nationalarchives.gov.uk/explore-the-collection/explore-by-topic/identity-and-community/; https://www.nationalarchives.gov.uk/explore-the-collection/explore-by-time-period/interwar/
https://www.nationalarchives.gov.uk/media/images/hg-police-phot.max-1024x1024.format-webp.webpquality-70.webp,Ten un-posed portrait photos of women.,Ten un-posed portrait photos of women. [2],GOOD,,,(missing) [2],,(missing) [2],,(missing) [2],,,true,1024,677,2,2,https://www.nationalarchives.gov.uk/explore-the-collection/explore-by-topic/democracy-and-protest/womens-suffrage/; https://www.nationalarchives.gov.uk/explore-the-collection/explore-by-topic/democracy-and-protest/protest-20th-century/
https://www.nationalarchives.gov.uk/media/images/hg-portchester-c_OxJ0TWg.cee55603.fill-600x400.format-jpeg.jpegquality-60.bgcolor-fff.jpg,A top down architectural plan of a castle,A top down architectural plan of a castle [2],GOOD,,,(missing) [2],,(missing) [2],,(missing) [2],,,true,600,400,2,2,https://www.nationalarchives.gov.uk/explore-the-collection/explore-by-topic/land-and-buildings/; https://www.nationalarchives.gov.uk/explore-the-collection/explore-by-time-period/early-modern/
https://www.nationalarchives.gov.uk/media/images/hg-Race-Relations-Ac_sKSNAdh.c4266351.fill-600x400.format-jpeg.jpegquality-60.bgcolor-fff.jpg,The front cover of a document. The text 'Race Relations Act 1968' is written in bold red text,The front cover of a document. The text 'Race Relations Act 1968' is written in bold red text [2],GOOD,,,(missing) [2],,(missing) [2],,(missing) [2],,,true,600,400,2,2,https://www.nationalarchives.gov.uk/explore-the-collection/explore-by-topic/migration-and-citizenship/; https://www.nationalarchives.gov.uk/explore-the-collection/explore-by-time-period/postwar/
https://www.nationalarchives.gov.uk/media/images/hg-registered-design_5bwgxq2.2e16d0ba.fill-600x400.format-jpeg.jpegquality-60.bgcolor-fff.jpg,Orange and yellow chrysanthemum flowers facing upwards in alternate rows.,Orange and yellow chrysanthemum flowers facing upwards in alternate rows. [2],GOOD,,,(missing) [2],,(missing) [2],,(missing) [2],,,true,600,400,2,2,https://www.nationalarchives.gov.uk/explore-the-collection/explore-by-topic/arts-and-culture/; https://www.nationalarchives.gov.uk/explore-the-collection/explore-by-time-period/victorians/
https://www.nationalarchives.gov.uk/media/images/hg-renunciation-of-d_ugVsuup.5495b13b.fill-600x400.format-jpeg.jpegquality-60.bgcolor-fff.jpg,Three paragraphs of text written across three areas of a rectangle-shaped document.,Three paragraphs of text written across three areas of a rectangle-shaped document. [2],GOOD,,,(missing) [2],,(missing) [2],,(missing) [2],,,true,600,400,2,2,https://www.nationalarchives.gov.uk/explore-the-collection/explore-by-time-period/medieval/; https://www.nationalarchives.gov.uk/explore-the-collection/explore-by-topic/military-and-war/
https://www.nationalarchives.gov.uk/media/images/hg-us-declaration-in_dQKdAST.6b5ea91c.fill-600x400.format-jpeg.jpegquality-60.bgcolor-fff.jpg,A printed copy of a dense piece of text that fills the page. At the top the words 'A Declaration',A printed copy of a dense piece of text that fills the page. At the top the words 'A Declaration' [2],GOOD,,,(missing) [2],,(missing) [2],,(missing) [2],,,true,600,400,2,2,https://www.nationalarchives.gov.uk/; https://www.nationalarchives.gov.uk/explore-the-collection/stories/the-monteagle-letter/
https://www.nationalarchives.gov.uk/media/images/hp-advertisement-for_uCFyRmV.080fb2e7.fill-600x400.format-jpeg.jpegquality-60.bgcolor-fff.jpg,An advertisement for 'Andersons' Waterproofs' showing 4 women and a child alongside view of Chicago.,An advertisement for 'Andersons' Waterproofs' showing 4 women and a child alongside view of Chicago. [2],GOOD,,,(missing) [2],,(missing) [2],,(missing) [2],,,true,600,400,2,2,https://www.nationalarchives.gov.uk/explore-the-collection/explore-by-topic/arts-and-culture/; https://www.nationalarchives.gov.uk/explore-the-collection/explore-by-time-period/victorians/
https://www.nationalarchives.gov.uk/media/images/HW1-155-4-Response-a_YHLzDc5.38a90cc2.fill-600x400.format-jpeg.jpegquality-60.bgcolor-fff.jpg,"Two letters side by side, one is typed and to the Prime Minister, the other handwritten by Churchill","Two letters side by side, one is typed and to the Prime Minister, the other handwritten by Churchill [2]",GOOD,,,(missing) [2],,(missing) [2],,(missing) [2],,,true,384,256,2,2,https://www.nationalarchives.gov.uk/explore-the-collection/explore-by-time-period/second-world-war/; https://www.nationalarchives.gov.uk/explore-the-collection/explore-by-topic/military-and-war/
https://www.nationalarchives.gov.uk/media/images/image.2e16d0ba.fill-600x400.format-jpeg.jpegquality-60.bgcolor-fff.jpg,intricate handwriting text in think black ink,intricate handwriting text in think black ink [2],GOOD,,,(missing) [2],,(missing) [2],,(missing) [2],,,true,600,400,2,2,https://www.nationalarchives.gov.uk/explore-the-collection/explore-by-time-period/early-modern/; https://www.nationalarchives.gov.uk/explore-the-collection/stories/
https://www.nationalarchives.gov.uk/media/images/Insaaf_.e8c48545.fill-1800x720.format-jpeg.jpegquality-60.bgcolor-fff.jpg,Film poster with illustrations of characters in purple and red,Film poster with illustrations of characters in purple and red [2],GOOD,,,(missing) [2],,(missing) [2],,(missing) [2],,,true,853,342,2,2,https://www.nationalarchives.gov.uk/explore-the-collection/explore-by-topic/identity-and-community/; https://www.nationalarchives.gov.uk/explore-the-collection/stories/insaaf/
https://www.nationalarchives.gov.uk/media/images/instrument-of-surren_krCMapX.5ce54c7c.fill-600x400.format-jpeg.jpegquality-60.bgcolor-fff.jpg,"A typed document with bullet points listing the terms of Japanese surrender following the Second World War. There are two signatures at the bottom, one to represent Japanese forces, the other for the Allied forces.","A typed document with bullet points listing the terms of Japanese surrender following the Second World War. There are two signatures at the bottom, one to represent Japanese forces, the other for the Allied forces. [2]",GOOD,,,(missing) [2],,(missing) [2],,(missing) [2],,,true,600,400,2,2,https://www.nationalarchives.gov.uk/explore-the-collection/explore-by-time-period/second-world-war/; https://www.nationalarchives.gov.uk/explore-the-collection/explore-by-topic/military-and-war/
https://www.nationalarchives.gov.uk/media/images/m-10-bishopsgate-lis_oFoanPA.2e16d0ba.fill-600x400.format-jpeg.jpegquality-60.bgcolor-fff.jpg,A list of names written in Latin on an old piece of parchment.,A list of names written in Latin on an old piece of parchment. [2],GOOD,,,(missing) [2],,(missing) [2],,(missing) [2],,,true,600,400,2,2,https://www.nationalarchives.gov.uk/explore-the-collection/explore-by-topic/migration-and-citizenship/; https://www.nationalarchives.gov.uk/explore-the-collection/explore-by-time-period/medieval/
https://www.nationalarchives.gov.uk/media/images/MEPO26-403_jqTFarK.3893dfa8.fill-600x400.format-jpeg.jpegquality-60.bgcolor-fff.jpg,A poster urging people to boycott Gordon's and Booth's for their connection to Distillers Company.,A poster urging people to boycott Gordon's and Booth's for their connection to Distillers Company. [2],GOOD,,,(missing) [2],,(missing) [2],,(missing) [2],,,true,600,400,2,2,https://www.nationalarchives.gov.uk/explore-the-collection/explore-by-topic/health-and-welfare/; https://www.nationalarchives.gov.uk/explore-the-collection/explore-by-time-period/postwar/
https://www.nationalarchives.gov.uk/media/images/nationality-certific_Oeq9GyX.2e16d0ba.fill-600x400.format-jpeg.jpegquality-60.bgcolor-fff.jpg,Printed form filled in in pen and embossed with the Home Office stamp and a date stamp.,Printed form filled in in pen and embossed with the Home Office stamp and a date stamp. [2],GOOD,,,(missing) [2],,(missing) [2],,(missing) [2],,,true,600,400,2,2,https://www.nationalarchives.gov.uk/explore-the-collection/explore-by-topic/migration-and-citizenship/; https://www.nationalarchives.gov.uk/explore-the-collection/explore-by-time-period/postwar/
https://www.nationalarchives.gov.uk/media/images/operation-irish-exch_fq1uMfc.2e16d0ba.fill-600x400.format-jpeg.jpegquality-60.bgcolor-fff.jpg,"A scanned roll exposing writing, yellow after being scanned. The background is black.","A scanned roll exposing writing, yellow after being scanned. The background is black. [2]",GOOD,,,(missing) [2],,(missing) [2],,(missing) [2],,,true,384,256,2,2,https://www.nationalarchives.gov.uk/explore-the-collection/explore-by-topic/business-finance-and-innovation/; https://www.nationalarchives.gov.uk/explore-the-collection/explore-by-time-period/medieval/
https://www.nationalarchives.gov.uk/media/images/pamphlet-victorian-m_W9wpLeS.b3f671f1.fill-600x400.format-jpeg.jpegquality-60.bgcolor-fff.jpg,A pamphlet for a Victorian medical belt that explains how it is to be used.,A pamphlet for a Victorian medical belt that explains how it is to be used. [2],GOOD,,,(missing) [2],,(missing) [2],,(missing) [2],,,true,384,256,2,2,https://www.nationalarchives.gov.uk/explore-the-collection/explore-by-topic/health-and-welfare/; https://www.nationalarchives.gov.uk/explore-the-collection/explore-by-time-period/victorians/
https://www.nationalarchives.gov.uk/media/images/Photograph-of-Ranjit_BWWgrQX.2e16d0ba.fill-600x400.format-jpeg.jpegquality-60.bgcolor-fff.jpg,A cricket player jumping out of the crease to play a drive.,A cricket player jumping out of the crease to play a drive. [2],GOOD,,,(missing) [2],,(missing) [2],,(missing) [2],,,true,600,400,2,2,https://www.nationalarchives.gov.uk/explore-the-collection/explore-by-topic/migration-and-citizenship/; https://www.nationalarchives.gov.uk/explore-the-collection/explore-by-time-period/victorians/
https://www.nationalarchives.gov.uk/media/images/photograph-royal-sc_pXPQHLr.8ee51b76.fill-600x400.format-jpeg.jpegquality-60.bgcolor-fff.jpg,Sepia photograph of a young woman with a faint smile holding a bouquet of flowers.,Sepia photograph of a young woman with a faint smile holding a bouquet of flowers. [2],GOOD,,,(missing) [2],,(missing) [2],,(missing) [2],,,true,600,400,2,2,https://www.nationalarchives.gov.uk/explore-the-collection/explore-by-topic/identity-and-community/; https://www.nationalarchives.gov.uk/explore-the-collection/explore-by-topic/health-and-welfare/
https://www.nationalarchives.gov.uk/media/images/potrait-queen.2e16d0ba.fill-600x400.format-jpeg.jpegquality-60.bgcolor-fff.jpg,A colourful illustration of Queen Anne surrounded in decorative gold,A colourful illustration of Queen Anne surrounded in decorative gold [2],GOOD,,,(missing) [2],,(missing) [2],,(missing) [2],,,true,600,400,2,2,https://www.nationalarchives.gov.uk/explore-the-collection/explore-by-time-period/early-modern/; https://www.nationalarchives.gov.uk/explore-the-collection/explore-by-topic/military-and-war/
https://www.nationalarchives.gov.uk/media/images/preface-to-the-blue_69KyDlN.2e16d0ba.fill-600x400.format-jpeg.jpegquality-60.bgcolor-fff.jpg,A page of handwritten text from a notebook.,A page of handwritten text from a notebook. [2],GOOD,,,(missing) [2],,(missing) [2],,(missing) [2],,,true,384,256,2,2,https://www.nationalarchives.gov.uk/explore-the-collection/explore-by-topic/crime-courts-and-justice/; https://www.nationalarchives.gov.uk/explore-the-collection/explore-by-time-period/victorians/
https://www.nationalarchives.gov.uk/media/images/roger-bushell-pow_ARK357n.cb401dce.fill-600x400.format-jpeg.jpegquality-60.bgcolor-fff.jpg,Printed form in German filled in with typewritten text and including Roger's photo and fingerprint.,Printed form in German filled in with typewritten text and including Roger's photo and fingerprint. [2],GOOD,,,(missing) [2],,(missing) [2],,(missing) [2],,,true,384,256,2,2,https://www.nationalarchives.gov.uk/explore-the-collection/explore-by-time-period/second-world-war/; https://www.nationalarchives.gov.uk/explore-the-collection/explore-by-topic/military-and-war/
https://www.nationalarchives.gov.uk/media/images/scene-outside-the-sw_uY74EF9.2e16d0ba.fill-600x400.format-jpeg.jpegquality-60.bgcolor-fff.jpg,Ink and watercolour illustration of celebrating figures below a pub sign saying 'The Swan'.,Ink and watercolour illustration of celebrating figures below a pub sign saying 'The Swan'. [2],GOOD,,,(missing) [2],,(missing) [2],,(missing) [2],,,true,600,400,2,2,https://www.nationalarchives.gov.uk/explore-the-collection/explore-by-time-period/second-world-war/; https://www.nationalarchives.gov.uk/explore-the-collection/explore-by-topic/military-and-war/
https://www.nationalarchives.gov.uk/media/images/stoker-dr_Tv9Z1cL.5b018ad3.fill-600x400.format-jpeg.jpegquality-60.bgcolor-fff.jpg,An official form printed in red ink and filled in with black handwriting.,An official form printed in red ink and filled in with black handwriting. [2],GOOD,,,(missing) [2],,(missing) [2],,(missing) [2],,,true,384,256,2,2,https://www.nationalarchives.gov.uk/explore-the-collection/explore-by-topic/arts-and-culture/; https://www.nationalarchives.gov.uk/explore-the-collection/explore-by-time-period/victorians/
https://www.nationalarchives.gov.uk/media/images/Stories_unboxed_Nove.2e16d0ba.fill-600x400.format-jpeg.jpegquality-60.bgcolor-fff.jpg,"A view of Rabat (right) and Salé (left) from the sea. Ships are visible in the foreground and in the Bou Regreg, which formed a harbour.","A view of Rabat (right) and Salé (left) from the sea. Ships are visible in the foreground and in the Bou Regreg, which formed a harbour. [2]",GOOD,,,(missing) [2],,(missing) [2],,(missing) [2],,,true,600,400,2,2,https://www.nationalarchives.gov.uk/explore-the-collection/explore-by-time-period/early-modern/; https://www.nationalarchives.gov.uk/explore-the-collection/stories/festival-of-britain/
https://www.nationalarchives.gov.uk/media/images/Sybilla_masters_draw_qwiLANY.50537784.fill-600x400.format-jpeg.jpegquality-60.bgcolor-fff.jpg,Detail of an illustration submitted for a patent. It shows a detailed drawing of agricultural equipment next to a river with a water wheel.,Detail of an illustration submitted for a patent. It shows a detailed drawing of agricultural equipment next to a river with a water wheel. [2],GOOD,,,(missing) [2],,(missing) [2],,(missing) [2],,,true,600,400,2,2,https://www.nationalarchives.gov.uk/explore-the-collection/explore-by-topic/business-finance-and-innovation/; https://www.nationalarchives.gov.uk/explore-the-collection/explore-by-time-period/georgians/
https://www.nationalarchives.gov.uk/media/images/teaser-portraits-of-_46b9ixz.2e16d0ba.fill-600x400.format-jpeg.jpegquality-60.bgcolor-fff.jpg,"Illustration of King Charles I sat on a throne holding an orb and sceptre, with a unicorn and a lion on either side, next to some decorated gold text in Latin.","Illustration of King Charles I sat on a throne holding an orb and sceptre, with a unicorn and a lion on either side, next to some decorated gold text in Latin. [2]",GOOD,,,(missing) [2],,(missing) [2],,(missing) [2],,,true,600,400,2,2,https://www.nationalarchives.gov.uk/explore-the-collection/explore-by-topic/crime-courts-and-justice/; https://www.nationalarchives.gov.uk/explore-the-collection/explore-by-time-period/early-modern/
https://www.nationalarchives.gov.uk/media/images/Two-young-passengers_n2wr7s5.2e16d0ba.fill-600x400.format-jpeg.jpegquality-60.bgcolor-fff.jpg,Two young refugees look out of small rounded window aboard the Huey Fong.,Two young refugees look out of small rounded window aboard the Huey Fong. [2],GOOD,,,(missing) [2],,(missing) [2],,(missing) [2],,,true,600,400,2,2,https://www.nationalarchives.gov.uk/explore-the-collection/explore-by-topic/migration-and-citizenship/; https://www.nationalarchives.gov.uk/explore-the-collection/explore-by-time-period/postwar/
https://www.nationalarchives.gov.uk/media/images/WO171-477-Report-on-_MdBDcM0.23689048.fill-600x400.format-jpeg.jpegquality-60.bgcolor-fff.jpg,The first page of a typed report detailing the liberation of the Bergen-Belsen concentration camp.,The first page of a typed report detailing the liberation of the Bergen-Belsen concentration camp. [2],GOOD,,,(missing) [2],,(missing) [2],,(missing) [2],,,true,600,400,2,2,https://www.nationalarchives.gov.uk/explore-the-collection/explore-by-time-period/second-world-war/; https://www.nationalarchives.gov.uk/explore-the-collection/explore-by-topic/military-and-war/
https://www.nationalarchives.gov.uk/media/images/150-a_OCeVL6z.max-900x900.format-jpeg.jpegquality-60.bgcolor-fff.jpg,An newspaper article titled '150 Asian Strikers Restart',An newspaper article titled '150 Asian Strikers Restart' [1],GOOD,,,(missing) [1],,(missing) [1],,(missing) [1],,,true,387,900,1,1,https://www.nationalarchives.gov.uk/explore-the-collection/stories/the-imperial-typewriters-dispute/
https://www.nationalarchives.gov.uk/media/images/Alice_8rLOq6M.max-900x900.format-jpeg.jpegquality-60.bgcolor-fff.jpg,A bronze statue of Alice Hawkins holding up her fist,A bronze statue of Alice Hawkins holding up her fist [1],GOOD,,,(missing) [1],,(missing) [1],,(missing) [1],,,true,,,1,1,https://www.nationalarchives.gov.uk/explore-the-collection/stories/alice-hawkins/
https://www.nationalarchives.gov.uk/media/images/alice_hawkins_.2e16d0ba.fill-1800x720.format-jpeg.jpegquality-60.bgcolor-fff.jpg,Hand written entry of Alice's name,Hand written entry of Alice's name [1],GOOD,,,(missing) [1],,(missing) [1],,(missing) [1],,,true,600,241,1,1,https://www.nationalarchives.gov.uk/explore-the-collection/stories/alice-hawkins/
https://www.nationalarchives.gov.uk/media/images/alice_LECHhcN.max-900x900.format-jpeg.jpegquality-60.bgcolor-fff.jpg,A typed document,A typed document [1],GOOD,,,(missing) [1],,(missing) [1],,(missing) [1],,,true,600,350,1,1,https://www.nationalarchives.gov.uk/explore-the-collection/stories/alice-hawkins/
https://www.nationalarchives.gov.uk/media/images/alice.max-900x900.format-jpeg.jpegquality-60.bgcolor-fff.jpg,Hand written entry of Alice's name,Hand written entry of Alice's name [1],GOOD,,,(missing) [1],,(missing) [1],,(missing) [1],,,true,600,275,1,1,https://www.nationalarchives.gov.uk/explore-the-collection/stories/alice-hawkins/
https://www.nationalarchives.gov.uk/media/images/asian_OmvGU1e.max-900x900.format-jpeg.jpegquality-60.bgcolor-fff.jpg,An newspaper article titled 'Asian strikers attack Race Board Report',An newspaper article titled 'Asian strikers attack Race Board Report' [1],GOOD,,,(missing) [1],,(missing) [1],,(missing) [1],,,true,,,1,1,https://www.nationalarchives.gov.uk/explore-the-collection/stories/the-imperial-typewriters-dispute/
https://www.nationalarchives.gov.uk/media/images/Bever_ezKd61e.max-900x900.format-jpeg.jpegquality-60.bgcolor-fff.jpg,The contents of a document titled 'Social insurance and allied services'.,The contents of a document titled 'Social insurance and allied services'. [1],GOOD,,,(missing) [1],,(missing) [1],,(missing) [1],,,true,646,900,1,1,https://www.nationalarchives.gov.uk/explore-the-collection/stories/the-foundation-of-the-nhs/
https://www.nationalarchives.gov.uk/media/images/Bondf_G90cqjh.max-900x900.format-jpeg.jpegquality-60.bgcolor-fff.jpg,A woman in a black coat smiles at someone off camera. Next to her stands a man in a black suit,A woman in a black coat smiles at someone off camera. Next to her stands a man in a black suit [1],GOOD,,,(missing) [1],,(missing) [1],,(missing) [1],,,true,732,900,1,1,https://www.nationalarchives.gov.uk/explore-the-collection/stories/margaret-bondfield/
https://www.nationalarchives.gov.uk/media/images/book-_JNLQdhQ.max-900x900.format-jpeg.jpegquality-60.bgcolor-fff.jpg,A page of text listing criteria for Nancy Cunard's book on colour,A page of text listing criteria for Nancy Cunard's book on colour [1],GOOD,,,(missing) [1],,(missing) [1],,(missing) [1],,,true,663,900,1,1,https://www.nationalarchives.gov.uk/explore-the-collection/stories/nancy-cunard/
https://www.nationalarchives.gov.uk/media/images/Box-5_hEsjR9u.max-900x900.format-jpeg.jpegquality-60.bgcolor-fff.jpg,A typed police report marked 'Secret' in red letters,A typed police report marked 'Secret' in red letters [1],GOOD,,,(missing) [1],,(missing) [1],,(missing) [1],,,true,,,1,1,https://www.nationalarchives.gov.uk/explore-the-collection/stories/nancy-cunard/
https://www.nationalarchives.gov.uk/media/images/britain-and-v.2e16d0ba.fill-600x400.format-jpeg.jpegquality-60.bgcolor-fff.jpg,"A very colourful, decorated document cover showing patterns, figures and an ornate border. On the left side of the border is a figure of Christ as the Good Shepherd, and on the right side a figure holding a chalice.","A very colourful, decorated document cover showing patterns, figures and an ornate border. On the left side of the border is a figure of Christ as the Good Shepherd, and on the right side a figure holding a chalice. [1]",GOOD,,,(missing) [1],,(missing) [1],,(missing) [1],,,true,600,400,1,1,https://www.nationalarchives.gov.uk/explore-the-collection/explore-by-topic/international-trade-and-affairs/
https://www.nationalarchives.gov.uk/media/images/buxton-lime-fi.max-1024x1024.format-webp.webpquality-70.webp,"Four women stand over a fallen tree, two of them holding an enormous saw between them.","Four women stand over a fallen tree, two of them holding an enormous saw between them. [1]",GOOD,,,(missing) [1],,(missing) [1],,(missing) [1],,,true,750,564,1,1,https://www.nationalarchives.gov.uk/explore-the-collection/explore-by-time-period/early-20th-century/women-first-world-war/
https://www.nationalarchives.gov.uk/media/images/Carav_5qlb9zt.max-900x900.format-jpeg.jpegquality-60.bgcolor-fff.jpg,A typed letter to ‘My dear Billy’ in red and black ink,A typed letter to ‘My dear Billy’ in red and black ink [1],GOOD,,,(missing) [1],,(missing) [1],,(missing) [1],,,true,,,1,1,https://www.nationalarchives.gov.uk/explore-the-collection/stories/caravan-club/
https://www.nationalarchives.gov.uk/media/images/Carav_CMIlye9.max-900x900.format-jpeg.jpegquality-60.bgcolor-fff.jpg,A typed letter beginning ‘My Darling Morris’. The words 'Exhibit 4' appear in the top right corner,A typed letter beginning ‘My Darling Morris’. The words 'Exhibit 4' appear in the top right corner [1],GOOD,,,(missing) [1],,(missing) [1],,(missing) [1],,,true,,,1,1,https://www.nationalarchives.gov.uk/explore-the-collection/stories/caravan-club/
https://www.nationalarchives.gov.uk/media/images/Carav_CyCWmdU.max-900x900.format-jpeg.jpegquality-60.bgcolor-fff.jpg,"A hand drawn building plan showing the layout of the club, including a dance floor and seating area","A hand drawn building plan showing the layout of the club, including a dance floor and seating area [1]",GOOD,,,(missing) [1],,(missing) [1],,(missing) [1],,,true,,,1,1,https://www.nationalarchives.gov.uk/explore-the-collection/stories/caravan-club/
https://www.nationalarchives.gov.uk/media/images/Carav_ue71wvo.max-900x900.format-jpeg.jpegquality-60.bgcolor-fff.jpg,A cream card with decorative edge for the Caravan Club at 81 Endell St,A cream card with decorative edge for the Caravan Club at 81 Endell St [1],GOOD,,,(missing) [1],,(missing) [1],,(missing) [1],,,true,900,618,1,1,https://www.nationalarchives.gov.uk/explore-the-collection/stories/caravan-club/
https://www.nationalarchives.gov.uk/media/images/Carav_xJj830i.max-900x900.format-jpeg.jpegquality-60.bgcolor-fff.jpg,An envelope with 'Billy' and 'PRIVATE' typed in black and red ink,An envelope with 'Billy' and 'PRIVATE' typed in black and red ink [1],GOOD,,,(missing) [1],,(missing) [1],,(missing) [1],,,true,,,1,1,https://www.nationalarchives.gov.uk/explore-the-collection/stories/caravan-club/
https://www.nationalarchives.gov.uk/media/images/Carav_YmD6ZZF.max-900x900.format-jpeg.jpegquality-60.bgcolor-fff.jpg,"The interior of a club with no people. It is full of soft furnishings, tables and draped fabric","The interior of a club with no people. It is full of soft furnishings, tables and draped fabric [1]",GOOD,,,(missing) [1],,(missing) [1],,(missing) [1],,,true,900,658,1,1,https://www.nationalarchives.gov.uk/explore-the-collection/stories/caravan-club/
https://www.nationalarchives.gov.uk/media/images/carav.max-900x900.format-jpeg.jpegquality-60.bgcolor-fff.jpg,A hand written note,A hand written note [1],GOOD,,,(missing) [1],,(missing) [1],,(missing) [1],,,true,559,900,1,1,https://www.nationalarchives.gov.uk/explore-the-collection/stories/caravan-club/
https://www.nationalarchives.gov.uk/media/images/chape_vauO24j.max-900x900.format-jpeg.jpegquality-60.bgcolor-fff.jpg,Hand written manuscript,Hand written manuscript [1],GOOD,,,(missing) [1],,(missing) [1],,(missing) [1],,,true,,,1,1,https://www.nationalarchives.gov.uk/explore-the-collection/stories/richard-iii/
https://www.nationalarchives.gov.uk/media/images/chart_JKvBFua.max-900x900.format-jpeg.jpegquality-60.bgcolor-fff.jpg,A printed notice,A printed notice [1],GOOD,,,(missing) [1],,(missing) [1],,(missing) [1],,,true,900,721,1,1,https://www.nationalarchives.gov.uk/explore-the-collection/stories/william-cuffey/
https://www.nationalarchives.gov.uk/media/images/compe_hSQK0YB.max-900x900.format-jpeg.jpegquality-60.bgcolor-fff.jpg,Hand written manusript,Hand written manusript [1],GOOD,,,(missing) [1],,(missing) [1],,(missing) [1],,,true,,,1,1,https://www.nationalarchives.gov.uk/explore-the-collection/stories/richard-iii/
https://www.nationalarchives.gov.uk/media/images/Coron_4gaUptA.max-900x900.format-jpeg.jpegquality-60.bgcolor-fff.jpg,Hand written document,Hand written document [1],GOOD,,,(missing) [1],,(missing) [1],,(missing) [1],,,true,,,1,1,https://www.nationalarchives.gov.uk/explore-the-collection/stories/richard-iii/
https://www.nationalarchives.gov.uk/media/images/coron.max-900x900.format-jpeg.jpegquality-60.bgcolor-fff.jpg,An illustration of a king sitting on a throne flanked by two angels.,An illustration of a king sitting on a throne flanked by two angels. [1],GOOD,,,(missing) [1],,(missing) [1],,(missing) [1],,,true,,,1,1,https://www.nationalarchives.gov.uk/explore-the-collection/stories/richard-iii/
https://www.nationalarchives.gov.uk/media/images/dagenham-lette_8gJyMuP.max-1024x1024.format-webp.webpquality-70.webp,Handwritten note written slightly askew in blue ink.,Handwritten note written slightly askew in blue ink. [1],GOOD,,,(missing) [1],,(missing) [1],,(missing) [1],,,true,700,1024,1,1,https://www.nationalarchives.gov.uk/explore-the-collection/stories/letter-by-the-women-workers-at-fords-of-dagenham/
https://www.nationalarchives.gov.uk/media/images/dagenham-lette_TxGe15I.max-1024x1024.format-webp.webpquality-70.webp,Note written slightly askew in blue ink.,Note written slightly askew in blue ink. [1],GOOD,,,(missing) [1],,(missing) [1],,(missing) [1],,,true,638,1024,1,1,https://www.nationalarchives.gov.uk/explore-the-collection/stories/letter-by-the-women-workers-at-fords-of-dagenham/
https://www.nationalarchives.gov.uk/media/images/dagenham-lette.max-1024x1024.format-webp.webpquality-70.webp,Handwritten note written slightly askew in blue ink.,Handwritten note written slightly askew in blue ink. [1],GOOD,,,(missing) [1],,(missing) [1],,(missing) [1],,,true,688,1024,1,1,https://www.nationalarchives.gov.uk/explore-the-collection/stories/letter-by-the-women-workers-at-fords-of-dagenham/
https://www.nationalarchives.gov.uk/media/images/dagenham-letter-pa.width-400.format-webp.webpquality-70.webp,Handwritten note written slightly askew in blue ink.,Handwritten note written slightly askew in blue ink. [1],GOOD,,,(missing) [1],,(missing) [1],,(missing) [1],,,true,400,594,1,1,https://www.nationalarchives.gov.uk/explore-the-collection/stories/letter-by-the-women-workers-at-fords-of-dagenham/
https://www.nationalarchives.gov.uk/media/images/Daily_1BjBjop.max-900x900.format-jpeg.jpegquality-60.bgcolor-fff.jpg,"A newspaper clipping headed '""Remarkable"" Scene'","A newspaper clipping headed '""Remarkable"" Scene' [1]",GOOD,,,(missing) [1],,(missing) [1],,(missing) [1],,,true,900,303,1,1,https://www.nationalarchives.gov.uk/explore-the-collection/stories/nancy-cunard/
https://www.nationalarchives.gov.uk/media/images/DL_29_XCtYNhe.max-900x900.format-jpeg.jpegquality-60.bgcolor-fff.jpg,Hand written text in Latin,Hand written text in Latin [1],GOOD,,,(missing) [1],,(missing) [1],,(missing) [1],,,true,900,260,1,1,https://www.nationalarchives.gov.uk/explore-the-collection/stories/richard-iii/
https://www.nationalarchives.gov.uk/media/images/e_405_1pRKr71.max-900x900.format-jpeg.jpegquality-60.bgcolor-fff.jpg,Hand written text in Latin,Hand written text in Latin [1],GOOD,,,(missing) [1],,(missing) [1],,(missing) [1],,,true,900,107,1,1,https://www.nationalarchives.gov.uk/explore-the-collection/stories/richard-iii/
https://www.nationalarchives.gov.uk/media/images/edwar_9IU8kWl.max-900x900.format-jpeg.jpegquality-60.bgcolor-fff.jpg,Hand written manuscript,Hand written manuscript [1],GOOD,,,(missing) [1],,(missing) [1],,(missing) [1],,,true,,,1,1,https://www.nationalarchives.gov.uk/explore-the-collection/stories/richard-iii/
https://www.nationalarchives.gov.uk/media/images/emmel_nkNyi7Z.max-900x900.format-jpeg.jpegquality-60.bgcolor-fff.jpg,A photographic portrait of Emmeline Pankhurst. She is confidently holding out a rolled up document.,A photographic portrait of Emmeline Pankhurst. She is confidently holding out a rolled up document. [1],GOOD,,,(missing) [1],,(missing) [1],,(missing) [1],,,true,699,900,1,1,https://www.nationalarchives.gov.uk/explore-the-collection/stories/emmeline-pankhurst/
https://www.nationalarchives.gov.uk/media/images/festival-of-br.max-1024x1024.format-webp.webpquality-70.webp,"Aerial view of the Thames with a bustling, colourful selection of festival buildings on its bank.","Aerial view of the Thames with a bustling, colourful selection of festival buildings on its bank. [1]",GOOD,,,(missing) [1],,(missing) [1],,(missing) [1],,,true,1024,643,1,1,https://www.nationalarchives.gov.uk/explore-the-collection/explore-by-time-period/postwar/the-festival-of-britain-1951/
https://www.nationalarchives.gov.uk/media/images/FoB_C_stGsryd.max-900x900.format-jpeg.jpegquality-60.bgcolor-fff.jpg,Visitors look at displays on a wall. In the foreground two children look at a robot,Visitors look at displays on a wall. In the foreground two children look at a robot [1],GOOD,,,(missing) [1],,(missing) [1],,(missing) [1],,,true,,,1,1,https://www.nationalarchives.gov.uk/explore-the-collection/stories/festival-of-britain/
https://www.nationalarchives.gov.uk/media/images/FoB_P_0VqZIhn.max-900x900.format-jpeg.jpegquality-60.bgcolor-fff.jpg,"Graphic design with a pale blue background, a helmeted figure in profile and decorative triangles","Graphic design with a pale blue background, a helmeted figure in profile and decorative triangles [1]",GOOD,,,(missing) [1],,(missing) [1],,(missing) [1],,,true,,,1,1,https://www.nationalarchives.gov.uk/explore-the-collection/stories/festival-of-britain/
https://www.nationalarchives.gov.uk/media/images/FoB_Video_.2e16d0ba.fill-600x400.format-jpeg.jpegquality-60.bgcolor-fff.jpg,Two men sit in a 1950's style room. One holds up a document,Two men sit in a 1950's style room. One holds up a document [1],GOOD,,,(missing) [1],,(missing) [1],,(missing) [1],,,true,226,294,1,1,https://www.nationalarchives.gov.uk/explore-the-collection/stories/festival-of-britain/
https://www.nationalarchives.gov.uk/media/images/FoB-S_74T0Mdt.max-900x900.format-jpeg.jpegquality-60.bgcolor-fff.jpg,A cartoon of men in bowler hats carrying placards with slogans like 'Festival? Can't afford it!',A cartoon of men in bowler hats carrying placards with slogans like 'Festival? Can't afford it!' [1],GOOD,,,(missing) [1],,(missing) [1],,(missing) [1],,,true,900,716,1,1,https://www.nationalarchives.gov.uk/explore-the-collection/stories/festival-of-britain/
https://www.nationalarchives.gov.uk/media/images/gowns_vpb95kK.max-900x900.format-jpeg.jpegquality-60.bgcolor-fff.jpg,Hand written manuscript,Hand written manuscript [1],GOOD,,,(missing) [1],,(missing) [1],,(missing) [1],,,true,,,1,1,https://www.nationalarchives.gov.uk/explore-the-collection/stories/richard-iii/
https://www.nationalarchives.gov.uk/media/images/granville-appl.max-1024x1024.format-webp.webpquality-70.webp,A typewritten formal letter.,A typewritten formal letter. [1],GOOD,,,(missing) [1],,(missing) [1],,(missing) [1],,,true,800,962,1,1,https://www.nationalarchives.gov.uk/explore-the-collection/stories/christine-granville-application/
https://www.nationalarchives.gov.uk/media/images/granville-applicat.width-400.format-webp.webpquality-70.webp,A typewritten formal letter.,A typewritten formal letter. [1],GOOD,,,(missing) [1],,(missing) [1],,(missing) [1],,,true,400,481,1,1,https://www.nationalarchives.gov.uk/explore-the-collection/stories/christine-granville-application/
https://www.nationalarchives.gov.uk/media/images/harriet-j-cave_HP9Wjjv.max-1024x1024.format-webp.webpquality-70.webp,A drawing of an extendable travelling basket with text written above it.,A drawing of an extendable travelling basket with text written above it. [1],GOOD,,,(missing) [1],,(missing) [1],,(missing) [1],,,true,1024,817,1,1,https://www.nationalarchives.gov.uk/explore-the-collection/stories/registered-design-for-expanding-travelling-basket/
https://www.nationalarchives.gov.uk/media/images/harriet-j-cave_X61qV44.max-1024x1024.format-webp.webpquality-70.webp,A drawing of the vertical side of a extendable travelling basket with writing besides and under it.,A drawing of the vertical side of a extendable travelling basket with writing besides and under it. [1],GOOD,,,(missing) [1],,(missing) [1],,(missing) [1],,,true,1024,696,1,1,https://www.nationalarchives.gov.uk/explore-the-collection/stories/registered-design-for-expanding-travelling-basket/
https://www.nationalarchives.gov.uk/media/images/harriet-j-cave--so.width-400.format-webp.webpquality-70.webp,A record showing two drawings of a travel bag with writing either side explaining the product.,A record showing two drawings of a travel bag with writing either side explaining the product. [1],GOOD,,,(missing) [1],,(missing) [1],,(missing) [1],,,true,400,652,1,1,https://www.nationalarchives.gov.uk/explore-the-collection/stories/registered-design-for-expanding-travelling-basket/
https://www.nationalarchives.gov.uk/media/images/harriet-j-cave.max-1024x1024.format-webp.webpquality-70.webp,A record showing two drawings of a travel bag with writing either side explaining the product.,A record showing two drawings of a travel bag with writing either side explaining the product. [1],GOOD,,,(missing) [1],,(missing) [1],,(missing) [1],,,true,628,1024,1,1,https://www.nationalarchives.gov.uk/explore-the-collection/stories/registered-design-for-expanding-travelling-basket/
https://www.nationalarchives.gov.uk/media/images/hg--nelson-pas.max-1024x1024.format-webp.webpquality-70.webp,A hand written entry in an official document. On the left hand side the text reads 'Horatio Nelson',A hand written entry in an official document. On the left hand side the text reads 'Horatio Nelson' [1],GOOD,,,(missing) [1],,(missing) [1],,(missing) [1],,,true,1024,671,1,1,https://www.nationalarchives.gov.uk/explore-the-collection/explore-by-time-period/georgians/the-life-and-career-of-horatio-nelson/
https://www.nationalarchives.gov.uk/media/images/hg-a-medycen-a.max-1024x1024.format-webp.webpquality-70.webp,A badly damaged handwritten document with two paragraphs of text.,A badly damaged handwritten document with two paragraphs of text. [1],GOOD,,,(missing) [1],,(missing) [1],,(missing) [1],,,true,1024,652,1,1,https://www.nationalarchives.gov.uk/explore-the-collection/explore-by-time-period/early-modern/plague/
https://www.nationalarchives.gov.uk/media/images/hg-abolition-c.max-1024x1024.format-webp.webpquality-70.webp,Printed form listing 'Classes' such as 'Field labourers' and space to add 'Value in Sterling'.,Printed form listing 'Classes' such as 'Field labourers' and space to add 'Value in Sterling'. [1],GOOD,,,(missing) [1],,(missing) [1],,(missing) [1],,,true,647,1024,1,1,https://www.nationalarchives.gov.uk/explore-the-collection/explore-by-time-period/georgians/1833-abolition-of-slavery-act-and-compensation-claims/
https://www.nationalarchives.gov.uk/media/images/hg-abolition-l.max-1024x1024.format-webp.webpquality-70.webp,"A folded and an unfolded handwritten letter beginning 'Sir,'.","A folded and an unfolded handwritten letter beginning 'Sir,'. [1]",GOOD,,,(missing) [1],,(missing) [1],,(missing) [1],,,true,909,1024,1,1,https://www.nationalarchives.gov.uk/explore-the-collection/explore-by-time-period/georgians/1833-abolition-of-slavery-act-and-compensation-claims/
https://www.nationalarchives.gov.uk/media/images/hg-abolition-o.max-1024x1024.format-webp.webpquality-70.webp,A black-and-white printed sheet with the royal coat of arms at the top.,A black-and-white printed sheet with the royal coat of arms at the top. [1],GOOD,,,(missing) [1],,(missing) [1],,(missing) [1],,,true,636,1024,1,1,https://www.nationalarchives.gov.uk/explore-the-collection/explore-by-time-period/georgians/1833-abolition-of-slavery-act-and-compensation-claims/
https://www.nationalarchives.gov.uk/media/images/hg-abolition-p.max-1024x1024.format-webp.webpquality-70.webp,Open book with a table spanning two pages showing owners' names and the dates and values paid.,Open book with a table spanning two pages showing owners' names and the dates and values paid. [1],GOOD,,,(missing) [1],,(missing) [1],,(missing) [1],,,true,1000,698,1,1,https://www.nationalarchives.gov.uk/explore-the-collection/explore-by-time-period/georgians/1833-abolition-of-slavery-act-and-compensation-claims/
https://www.nationalarchives.gov.uk/media/images/hg-abram-games.max-1024x1024.format-webp.webpquality-70.webp,"A helmeted head on top of a red, white and blue pointed star with bunting hanging from it.","A helmeted head on top of a red, white and blue pointed star with bunting hanging from it. [1]",GOOD,,,(missing) [1],,(missing) [1],,(missing) [1],,,true,854,1024,1,1,https://www.nationalarchives.gov.uk/explore-the-collection/explore-by-time-period/postwar/the-festival-of-britain-1951/
https://www.nationalarchives.gov.uk/media/images/hg-account-of-.max-1024x1024.format-webp.webpquality-70.webp,A handwritten document written in one paragraph from top to bottom of the page.,A handwritten document written in one paragraph from top to bottom of the page. [1],GOOD,,,(missing) [1],,(missing) [1],,(missing) [1],,,true,681,1024,1,1,https://www.nationalarchives.gov.uk/explore-the-collection/explore-by-time-period/medieval/the-wars-of-the-roses/
https://www.nationalarchives.gov.uk/media/images/hg-accounts-di.max-1024x1024.format-webp.webpquality-70.webp,A handwritten document. The text is in three columns,A handwritten document. The text is in three columns [1],GOOD,,,(missing) [1],,(missing) [1],,(missing) [1],,,true,720,1024,1,1,https://www.nationalarchives.gov.uk/explore-the-collection/explore-by-time-period/early-modern/the-dissolution-of-the-monasteries/
https://www.nationalarchives.gov.uk/media/images/hg-act-of-supr.max-1024x1024.format-webp.webpquality-70.webp,A handwritten document with densely packed text,A handwritten document with densely packed text [1],GOOD,,,(missing) [1],,(missing) [1],,(missing) [1],,,true,800,992,1,1,https://www.nationalarchives.gov.uk/explore-the-collection/explore-by-time-period/early-modern/the-dissolution-of-the-monasteries/
https://www.nationalarchives.gov.uk/media/images/hg-aeroplane-p.max-1024x1024.format-webp.webpquality-70.webp,A sheet of paper with mathematic formulas written alongside a figure of mathematical shapes.,A sheet of paper with mathematic formulas written alongside a figure of mathematical shapes. [1],GOOD,,,(missing) [1],,(missing) [1],,(missing) [1],,,true,786,1024,1,1,https://www.nationalarchives.gov.uk/explore-the-collection/explore-by-time-period/early-20th-century/technology-first-world-war/
https://www.nationalarchives.gov.uk/media/images/hg-alien-regis.max-1024x1024.format-webp.webpquality-70.webp,A blue registration card with a small black and white photograph of a middle aged man in a suit,A blue registration card with a small black and white photograph of a middle aged man in a suit [1],GOOD,,,(missing) [1],,(missing) [1],,(missing) [1],,,true,1000,622,1,1,https://www.nationalarchives.gov.uk/explore-the-collection/explore-by-topic/migration-and-citizenship/coming-to-britain/
https://www.nationalarchives.gov.uk/media/images/hg-alleged-off.max-1024x1024.format-webp.webpquality-70.webp,A hand written document,A hand written document [1],GOOD,,,(missing) [1],,(missing) [1],,(missing) [1],,,true,768,1024,1,1,https://www.nationalarchives.gov.uk/explore-the-collection/explore-by-time-period/early-modern/the-dissolution-of-the-monasteries/
https://www.nationalarchives.gov.uk/media/images/hg-annotated-p.max-1024x1024.format-webp.webpquality-70.webp,A diagram of an area of a city. Peter Street runs through the middle,A diagram of an area of a city. Peter Street runs through the middle [1],GOOD,,,(missing) [1],,(missing) [1],,(missing) [1],,,true,1024,755,1,1,https://www.nationalarchives.gov.uk/explore-the-collection/explore-by-time-period/georgians/the-peterloo-massacre/
https://www.nationalarchives.gov.uk/media/images/hg-application.max-1024x1024.format-webp.webpquality-70.webp,A hand-written manuscript written in black ink in one column with annotations in the margins.,A hand-written manuscript written in black ink in one column with annotations in the margins. [1],GOOD,,,(missing) [1],,(missing) [1],,(missing) [1],,,true,1024,413,1,1,https://www.nationalarchives.gov.uk/explore-the-collection/explore-by-time-period/early-modern/william-shakespeare-life/
https://www.nationalarchives.gov.uk/media/images/hg-april-ashle.max-1024x1024.format-webp.webpquality-70.webp,Four modelling photos of a woman wearing fashionable clothes of the time including a fur coat.,Four modelling photos of a woman wearing fashionable clothes of the time including a fur coat. [1],GOOD,,,(missing) [1],,(missing) [1],,(missing) [1],,,true,512,701,1,1,https://www.nationalarchives.gov.uk/explore-the-collection/explore-by-topic/identity-and-community/sexuality-identity/
https://www.nationalarchives.gov.uk/media/images/hg-back-them-u.max-1024x1024.format-webp.webpquality-70.webp,"RAF pilots in battle over Germany, 'Back them up' is written below.","RAF pilots in battle over Germany, 'Back them up' is written below. [1]",GOOD,,,(missing) [1],,(missing) [1],,(missing) [1],,,true,675,1024,1,1,https://www.nationalarchives.gov.uk/explore-the-collection/explore-by-time-period/second-world-war/second-world-war-propaganda-posters/
https://www.nationalarchives.gov.uk/media/images/hg-bbc-tv-prog.max-1024x1024.format-webp.webpquality-70.webp,A typed sheet of paper detailing information around the BBC programme Threads on a nuclear attack.,A typed sheet of paper detailing information around the BBC programme Threads on a nuclear attack. [1],GOOD,,,(missing) [1],,(missing) [1],,(missing) [1],,,true,736,1024,1,1,https://www.nationalarchives.gov.uk/explore-the-collection/explore-by-time-period/postwar/the-cold-war/
https://www.nationalarchives.gov.uk/media/images/hg-biography-n.max-1024x1024.format-webp.webpquality-70.webp,Typewritten document marked 'Secret'.,Typewritten document marked 'Secret'. [1],GOOD,,,(missing) [1],,(missing) [1],,(missing) [1],,,true,674,830,1,1,https://www.nationalarchives.gov.uk/explore-the-collection/explore-by-time-period/second-world-war/women-and-the-second-world-war/
https://www.nationalarchives.gov.uk/media/images/hg-biography-natalie_VR0Kbwb.2e16d0ba.fill-600x400.format-jpeg.jpegquality-60.bgcolor-fff.jpg,Typewritten document marked 'Secret'.,Typewritten document marked 'Secret'. [1],GOOD,,,(missing) [1],,(missing) [1],,(missing) [1],,,true,600,400,1,1,https://www.nationalarchives.gov.uk/explore-the-collection/stories/christine-granville-application/
https://www.nationalarchives.gov.uk/media/images/hg-blood-donor.max-1024x1024.format-webp.webpquality-70.webp,Surgeons operate on a patient within a huge pair of hands above the words 'a life in your hands'.,Surgeons operate on a patient within a huge pair of hands above the words 'a life in your hands'. [1],GOOD,,,(missing) [1],,(missing) [1],,(missing) [1],,,true,670,1024,1,1,https://www.nationalarchives.gov.uk/explore-the-collection/explore-by-topic/health-and-welfare/public-health-campaigns/
https://www.nationalarchives.gov.uk/media/images/hg-bradford-bu.max-1024x1024.format-webp.webpquality-70.webp,Poster with images and columns of text headed 'BRADFORD 12 BULLETIN'.,Poster with images and columns of text headed 'BRADFORD 12 BULLETIN'. [1],GOOD,,,(missing) [1],,(missing) [1],,(missing) [1],,,true,768,1024,1,1,https://www.nationalarchives.gov.uk/explore-the-collection/explore-by-topic/democracy-and-protest/protest-20th-century/
https://www.nationalarchives.gov.uk/media/images/hg-brighton-ra.max-1024x1024.format-webp.webpquality-70.webp,Illustrated poster featuring a woman holding a milking stool. Behind her are lush rolling hills.,Illustrated poster featuring a woman holding a milking stool. Behind her are lush rolling hills. [1],GOOD,,,(missing) [1],,(missing) [1],,(missing) [1],,,true,626,1024,1,1,https://www.nationalarchives.gov.uk/explore-the-collection/explore-by-topic/transport-and-travel/victorian-and-edwardian-travel-posters/
https://www.nationalarchives.gov.uk/media/images/hg-british-con.max-1024x1024.format-webp.webpquality-70.webp,"An illustration of a skeleton pierced with arrows, each arrow is labelled","An illustration of a skeleton pierced with arrows, each arrow is labelled [1]",GOOD,,,(missing) [1],,(missing) [1],,(missing) [1],,,true,1024,841,1,1,https://www.nationalarchives.gov.uk/explore-the-collection/explore-by-time-period/georgians/the-peterloo-massacre/
https://www.nationalarchives.gov.uk/media/images/hg-british-nat.max-1024x1024.format-webp.webpquality-70.webp,"The front page of an official document. The title reads 'British Nationality Act, 1948'","The front page of an official document. The title reads 'British Nationality Act, 1948' [1]",GOOD,,,(missing) [1],,(missing) [1],,(missing) [1],,,true,662,1024,1,1,https://www.nationalarchives.gov.uk/explore-the-collection/explore-by-topic/migration-and-citizenship/coming-to-britain/
https://www.nationalarchives.gov.uk/media/images/hg-calling-car.max-1024x1024.format-webp.webpquality-70.webp,A calling car with the name of Chevalier d'Eon written at 'Street Golden Sqaure'.,A calling car with the name of Chevalier d'Eon written at 'Street Golden Sqaure'. [1],GOOD,,,(missing) [1],,(missing) [1],,(missing) [1],,,true,1024,667,1,1,https://www.nationalarchives.gov.uk/explore-the-collection/explore-by-topic/identity-and-community/sexuality-identity/
https://www.nationalarchives.gov.uk/media/images/hg-cantonese-l.max-1024x1024.format-webp.webpquality-70.webp,"Paper showing many fold marks, covered in Chinese characters.","Paper showing many fold marks, covered in Chinese characters. [1]",GOOD,,,(missing) [1],,(missing) [1],,(missing) [1],,,true,1024,634,1,1,https://www.nationalarchives.gov.uk/explore-the-collection/explore-by-time-period/georgians/the-prize-papers/
https://www.nationalarchives.gov.uk/media/images/hg-charge-of-t.max-1024x1024.format-webp.webpquality-70.webp,"Map showing mountains and roads, with the Light Brigade marked in pink and Russian forces in green.","Map showing mountains and roads, with the Light Brigade marked in pink and Russian forces in green. [1]",GOOD,,,(missing) [1],,(missing) [1],,(missing) [1],,,true,1010,1024,1,1,https://www.nationalarchives.gov.uk/explore-the-collection/explore-by-time-period/victorians/the-crimean-war/
https://www.nationalarchives.gov.uk/media/images/hg-cigar-holde.max-1024x1024.format-webp.webpquality-70.webp,Text sits to the right of a sketch of four cigars siting in ring-like holders in a line.,Text sits to the right of a sketch of four cigars siting in ring-like holders in a line. [1],GOOD,,,(missing) [1],,(missing) [1],,(missing) [1],,,true,1024,634,1,1,https://www.nationalarchives.gov.uk/explore-the-collection/explore-by-time-period/victorians/top-hats/
https://www.nationalarchives.gov.uk/media/images/hg-community-l.max-1024x1024.format-webp.webpquality-70.webp,"A large paragraph of clear, tidy handwriting above roughly 50 different signatures.","A large paragraph of clear, tidy handwriting above roughly 50 different signatures. [1]",GOOD,,,(missing) [1],,(missing) [1],,(missing) [1],,,true,660,1024,1,1,https://www.nationalarchives.gov.uk/explore-the-collection/explore-by-time-period/early-modern/witchcraft/
https://www.nationalarchives.gov.uk/media/images/hg-comrades-in.max-1024x1024.format-webp.webpquality-70.webp,Stalin is pictured looking towards Churchill who looks towards the viewer.,Stalin is pictured looking towards Churchill who looks towards the viewer. [1],GOOD,,,(missing) [1],,(missing) [1],,(missing) [1],,,true,1024,679,1,1,https://www.nationalarchives.gov.uk/explore-the-collection/explore-by-time-period/second-world-war/second-world-war-propaganda-posters/
https://www.nationalarchives.gov.uk/media/images/hg-concordia-d.max-1024x1024.format-webp.webpquality-70.webp,"Three images, the central one a portrait of a moustachioed man with red skin wearing a tricorne hat.","Three images, the central one a portrait of a moustachioed man with red skin wearing a tricorne hat. [1]",GOOD,,,(missing) [1],,(missing) [1],,(missing) [1],,,true,1024,634,1,1,https://www.nationalarchives.gov.uk/explore-the-collection/explore-by-time-period/georgians/the-prize-papers/
https://www.nationalarchives.gov.uk/media/images/hg-confession-.max-1024x1024.format-webp.webpquality-70.webp,A page of slanted black handwriting with modern pencil notes added around it.,A page of slanted black handwriting with modern pencil notes added around it. [1],GOOD,,,(missing) [1],,(missing) [1],,(missing) [1],,,true,1024,919,1,1,https://www.nationalarchives.gov.uk/explore-the-collection/explore-by-time-period/early-modern/witchcraft/
https://www.nationalarchives.gov.uk/media/images/hg-copy-of-the.max-1024x1024.format-webp.webpquality-70.webp,A publication titled 'The Link' with two blocks of text.,A publication titled 'The Link' with two blocks of text. [1],GOOD,,,(missing) [1],,(missing) [1],,(missing) [1],,,true,680,907,1,1,https://www.nationalarchives.gov.uk/explore-the-collection/explore-by-topic/identity-and-community/sexuality-identity/
https://www.nationalarchives.gov.uk/media/images/hg-cotton-mill.max-1024x1024.format-webp.webpquality-70.webp,A man in a waistcoat looks down at a boy wearing a flat cap in the aisle between mill equipment.,A man in a waistcoat looks down at a boy wearing a flat cap in the aisle between mill equipment. [1],GOOD,,,(missing) [1],,(missing) [1],,(missing) [1],,,true,726,1024,1,1,https://www.nationalarchives.gov.uk/explore-the-collection/explore-by-topic/business-finance-and-innovation/british-industry/
https://www.nationalarchives.gov.uk/media/images/hg-coventry-ca.max-1024x1024.format-webp.webpquality-70.webp,A photograph of a large modern stained glass window in an abstract grid design,A photograph of a large modern stained glass window in an abstract grid design [1],GOOD,,,(missing) [1],,(missing) [1],,(missing) [1],,,true,787,1024,1,1,https://www.nationalarchives.gov.uk/explore-the-collection/explore-by-topic/land-and-buildings/architecture/
https://www.nationalarchives.gov.uk/media/images/hg-declaration-guy-f_gNExvfC.243b1847.fill-600x400.format-jpeg.jpegquality-60.bgcolor-fff.jpg,"A handwritten document with a number of signatures, including one that reads 'Guido Fawkes'","A handwritten document with a number of signatures, including one that reads 'Guido Fawkes' [1]",GOOD,,,(missing) [1],,(missing) [1],,(missing) [1],,,true,600,400,1,1,https://www.nationalarchives.gov.uk/explore-the-collection/stories/the-monteagle-letter/
https://www.nationalarchives.gov.uk/media/images/hg-declaration.max-1024x1024.format-webp.webpquality-70.webp,"A handwritten document with a number of signatures, including one that reads 'Guido Fawkes'","A handwritten document with a number of signatures, including one that reads 'Guido Fawkes' [1]",GOOD,,,(missing) [1],,(missing) [1],,(missing) [1],,,true,1000,1019,1,1,https://www.nationalarchives.gov.uk/explore-the-collection/explore-by-topic/crime-courts-and-justice/treason/
https://www.nationalarchives.gov.uk/media/images/hg-design-for-.max-1024x1024.format-webp.webpquality-70.webp,"Sketches of a woman holding a machinery for war, with annotations alongside.","Sketches of a woman holding a machinery for war, with annotations alongside. [1]",GOOD,,,(missing) [1],,(missing) [1],,(missing) [1],,,true,1024,723,1,1,https://www.nationalarchives.gov.uk/explore-the-collection/explore-by-time-period/second-world-war/second-world-war-propaganda-posters/
https://www.nationalarchives.gov.uk/media/images/hg-diagram-ill.max-1024x1024.format-webp.webpquality-70.webp,A flow chart showing the responsibilities at each stage the NHS starting with the minister.,A flow chart showing the responsibilities at each stage the NHS starting with the minister. [1],GOOD,,,(missing) [1],,(missing) [1],,(missing) [1],,,true,1024,651,1,1,https://www.nationalarchives.gov.uk/explore-the-collection/explore-by-topic/health-and-welfare/nhs-posters-and-leaflets/
https://www.nationalarchives.gov.uk/media/images/hg-diary-lord-.max-1024x1024.format-webp.webpquality-70.webp,A handwritten journal entry,A handwritten journal entry [1],GOOD,,,(missing) [1],,(missing) [1],,(missing) [1],,,true,730,1024,1,1,https://www.nationalarchives.gov.uk/explore-the-collection/explore-by-topic/crime-courts-and-justice/treason/
https://www.nationalarchives.gov.uk/media/images/hg-disciplinar.max-1024x1024.format-webp.webpquality-70.webp,Handwritten note on blue paper starting 'I joined 11th West Yorkshire about the end of May 1916'.,Handwritten note on blue paper starting 'I joined 11th West Yorkshire about the end of May 1916'. [1],GOOD,,,(missing) [1],,(missing) [1],,(missing) [1],,,true,649,1024,1,1,https://www.nationalarchives.gov.uk/explore-the-collection/explore-by-time-period/early-20th-century/lives-on-the-front/
https://www.nationalarchives.gov.uk/media/images/hg-distances-o.max-1024x1024.format-webp.webpquality-70.webp,A table of place names and numbers ranging from 70 to 1025 miles.,A table of place names and numbers ranging from 70 to 1025 miles. [1],GOOD,,,(missing) [1],,(missing) [1],,(missing) [1],,,true,1024,1022,1,1,https://www.nationalarchives.gov.uk/explore-the-collection/explore-by-time-period/georgians/native-americans-18th-century/
https://www.nationalarchives.gov.uk/media/images/hg-domesday-ab.max-1024x1024.format-webp.webpquality-70.webp,A detail of a medieval manuscript. The first letter is a large I with a black man dangling off it,A detail of a medieval manuscript. The first letter is a large I with a black man dangling off it [1],GOOD,,,(missing) [1],,(missing) [1],,(missing) [1],,,true,684,1024,1,1,https://www.nationalarchives.gov.uk/explore-the-collection/explore-by-time-period/medieval/domesday/
https://www.nationalarchives.gov.uk/media/images/hg-domesday-ch.max-1024x1024.format-webp.webpquality-70.webp,A large dark metal chest with studs. Two books are resting on top,A large dark metal chest with studs. Two books are resting on top [1],GOOD,,,(missing) [1],,(missing) [1],,(missing) [1],,,true,850,636,1,1,https://www.nationalarchives.gov.uk/explore-the-collection/explore-by-time-period/medieval/domesday/
https://www.nationalarchives.gov.uk/media/images/hg-edward-VI-l.max-1024x1024.format-webp.webpquality-70.webp,A handwritten letter across two pages of text titled 'Edward' and signed',A handwritten letter across two pages of text titled 'Edward' and signed' [1],GOOD,,,(missing) [1],,(missing) [1],,(missing) [1],,,true,1024,767,1,1,https://www.nationalarchives.gov.uk/explore-the-collection/explore-by-time-period/early-modern/plague/
https://www.nationalarchives.gov.uk/media/images/hg-elastic-dre.max-1024x1024.format-webp.webpquality-70.webp,Text surrounds a sketch of a regular top hat next to one with the top folded down to half the size.,Text surrounds a sketch of a regular top hat next to one with the top folded down to half the size. [1],GOOD,,,(missing) [1],,(missing) [1],,(missing) [1],,,true,1024,713,1,1,https://www.nationalarchives.gov.uk/explore-the-collection/explore-by-time-period/victorians/top-hats/
https://www.nationalarchives.gov.uk/media/images/hg-empire-chri.max-1024x1024.format-webp.webpquality-70.webp,A poster of text listing the ingredients for Christmas pudding,A poster of text listing the ingredients for Christmas pudding [1],GOOD,,,(missing) [1],,(missing) [1],,(missing) [1],,,true,634,1024,1,1,https://www.nationalarchives.gov.uk/explore-the-collection/explore-by-time-period/interwar/empire-marketing-board-posters/
https://www.nationalarchives.gov.uk/media/images/hg-engraving-s.max-1024x1024.format-webp.webpquality-70.webp,A colourful illustration of a large crowd of people being attacked by soldiers with sword on horses,A colourful illustration of a large crowd of people being attacked by soldiers with sword on horses [1],GOOD,,,(missing) [1],,(missing) [1],,(missing) [1],,,true,1024,917,1,1,https://www.nationalarchives.gov.uk/explore-the-collection/explore-by-time-period/georgians/the-peterloo-massacre/
https://www.nationalarchives.gov.uk/media/images/hg-envelope-fr.max-1024x1024.format-webp.webpquality-70.webp,An old yellowed envelope with the words 'private... Billy....' written in black and red text.,An old yellowed envelope with the words 'private... Billy....' written in black and red text. [1],GOOD,,,(missing) [1],,(missing) [1],,(missing) [1],,,true,1024,829,1,1,https://www.nationalarchives.gov.uk/explore-the-collection/explore-by-topic/identity-and-community/sexuality-identity/
https://www.nationalarchives.gov.uk/media/images/hg-exhibition-.max-1024x1024.format-webp.webpquality-70.webp,Visitors look at a model of a muscular human form surrounded by gold rings and other exhibits.,Visitors look at a model of a muscular human form surrounded by gold rings and other exhibits. [1],GOOD,,,(missing) [1],,(missing) [1],,(missing) [1],,,true,1024,944,1,1,https://www.nationalarchives.gov.uk/explore-the-collection/explore-by-time-period/postwar/the-festival-of-britain-1951/
https://www.nationalarchives.gov.uk/media/images/hg-exhibits-a-.max-1024x1024.format-webp.webpquality-70.webp,A calling card with the words 'B Oscar Wilde' alongside a smaller piece of paper 'A' with words.,A calling card with the words 'B Oscar Wilde' alongside a smaller piece of paper 'A' with words. [1],GOOD,,,(missing) [1],,(missing) [1],,(missing) [1],,,true,1024,814,1,1,https://www.nationalarchives.gov.uk/explore-the-collection/explore-by-topic/identity-and-community/sexuality-identity/
https://www.nationalarchives.gov.uk/media/images/hg-expenses-fo.max-1024x1024.format-webp.webpquality-70.webp,"A handwritten list of around 20 items and their costs in pounds, shillings and pence.","A handwritten list of around 20 items and their costs in pounds, shillings and pence. [1]",GOOD,,,(missing) [1],,(missing) [1],,(missing) [1],,,true,644,1024,1,1,https://www.nationalarchives.gov.uk/explore-the-collection/explore-by-time-period/georgians/native-americans-18th-century/
https://www.nationalarchives.gov.uk/media/images/hg-experimenta.max-1024x1024.format-webp.webpquality-70.webp,"A large sheet of paper with three columns of text, below are two sound ranging graphs and a table.","A large sheet of paper with three columns of text, below are two sound ranging graphs and a table. [1]",GOOD,,,(missing) [1],,(missing) [1],,(missing) [1],,,true,814,1024,1,1,https://www.nationalarchives.gov.uk/explore-the-collection/explore-by-time-period/early-20th-century/technology-first-world-war/
https://www.nationalarchives.gov.uk/media/images/hg-farm-survey_LwW3Dax.max-1024x1024.format-webp.webpquality-70.webp,An official form titled 'Farm Survey' that has been filled in by hand,An official form titled 'Farm Survey' that has been filled in by hand [1],GOOD,,,(missing) [1],,(missing) [1],,(missing) [1],,,true,609,1024,1,1,https://www.nationalarchives.gov.uk/explore-the-collection/explore-by-time-period/second-world-war/the-national-farm-survey-1941-1943/
https://www.nationalarchives.gov.uk/media/images/hg-farm-survey_Lxzh590.max-1024x1024.format-webp.webpquality-70.webp,An official form listing crops and livestock on a farm,An official form listing crops and livestock on a farm [1],GOOD,,,(missing) [1],,(missing) [1],,(missing) [1],,,true,630,1024,1,1,https://www.nationalarchives.gov.uk/explore-the-collection/explore-by-time-period/second-world-war/the-national-farm-survey-1941-1943/
https://www.nationalarchives.gov.uk/media/images/hg-farm-survey_mamF6Zo.max-1024x1024.format-webp.webpquality-70.webp,A map of an area which has been divided up into sections with coloured outlines,A map of an area which has been divided up into sections with coloured outlines [1],GOOD,,,(missing) [1],,(missing) [1],,(missing) [1],,,true,1000,733,1,1,https://www.nationalarchives.gov.uk/explore-the-collection/explore-by-time-period/second-world-war/the-national-farm-survey-1941-1943/
https://www.nationalarchives.gov.uk/media/images/hg-farm-survey.max-1024x1024.format-webp.webpquality-70.webp,A map of an area which has been divided up into sections and coloured in by hand,A map of an area which has been divided up into sections and coloured in by hand [1],GOOD,,,(missing) [1],,(missing) [1],,(missing) [1],,,true,1000,730,1,1,https://www.nationalarchives.gov.uk/explore-the-collection/explore-by-time-period/second-world-war/the-national-farm-survey-1941-1943/
https://www.nationalarchives.gov.uk/media/images/hg-festival-of_0aZSfwP.max-1024x1024.format-webp.webpquality-70.webp,A black and a blue set of roots join to form a red arrow pointing up into 3 silhouetted factories.,A black and a blue set of roots join to form a red arrow pointing up into 3 silhouetted factories. [1],GOOD,,,(missing) [1],,(missing) [1],,(missing) [1],,,true,699,1024,1,1,https://www.nationalarchives.gov.uk/explore-the-collection/explore-by-time-period/postwar/the-festival-of-britain-1951/
https://www.nationalarchives.gov.uk/media/images/hg-festival-of_LsINBIi.max-1024x1024.format-webp.webpquality-70.webp,A brown paper booklet with the helmet-headed logo surrounded by four stylish coloured points on it.,A brown paper booklet with the helmet-headed logo surrounded by four stylish coloured points on it. [1],GOOD,,,(missing) [1],,(missing) [1],,(missing) [1],,,true,760,1024,1,1,https://www.nationalarchives.gov.uk/explore-the-collection/explore-by-time-period/postwar/the-festival-of-britain-1951/
https://www.nationalarchives.gov.uk/media/images/hg-flyer-mangr.max-1024x1024.format-webp.webpquality-70.webp,"Flyer with photographs, columns of text and a cartoon headed 'BATTLE FOR FREEDOM AT OLD BAILEY'.","Flyer with photographs, columns of text and a cartoon headed 'BATTLE FOR FREEDOM AT OLD BAILEY'. [1]",GOOD,,,(missing) [1],,(missing) [1],,(missing) [1],,,true,720,1024,1,1,https://www.nationalarchives.gov.uk/explore-the-collection/explore-by-topic/democracy-and-protest/protest-20th-century/
https://www.nationalarchives.gov.uk/media/images/hg-free-passag.max-1024x1024.format-webp.webpquality-70.webp,"Printed form for a single applicant with numerous questions, filled in in black handwriting.","Printed form for a single applicant with numerous questions, filled in in black handwriting. [1]",GOOD,,,(missing) [1],,(missing) [1],,(missing) [1],,,true,1024,634,1,1,https://www.nationalarchives.gov.uk/explore-the-collection/explore-by-time-period/victorians/age-of-mass-migration/
https://www.nationalarchives.gov.uk/media/images/hg-general-pla.max-1024x1024.format-webp.webpquality-70.webp,"The floorplan of one floor of a large building with many rooms, each is coloured and named.","The floorplan of one floor of a large building with many rooms, each is coloured and named. [1]",GOOD,,,(missing) [1],,(missing) [1],,(missing) [1],,,true,826,1024,1,1,https://www.nationalarchives.gov.uk/explore-the-collection/explore-by-topic/international-trade-and-affairs/international-exhibitions/
https://www.nationalarchives.gov.uk/media/images/hg-girl-workin.max-1024x1024.format-webp.webpquality-70.webp,A newspaper photograph of a young woman wearing a white cap and white coat working on a machine,A newspaper photograph of a young woman wearing a white cap and white coat working on a machine [1],GOOD,,,(missing) [1],,(missing) [1],,(missing) [1],,,true,800,664,1,1,https://www.nationalarchives.gov.uk/explore-the-collection/explore-by-time-period/early-20th-century/women-first-world-war/
https://www.nationalarchives.gov.uk/media/images/hg-great-domes.max-1024x1024.format-webp.webpquality-70.webp,A medieval document with two columns of text in black and red ink,A medieval document with two columns of text in black and red ink [1],GOOD,,,(missing) [1],,(missing) [1],,(missing) [1],,,true,733,1024,1,1,https://www.nationalarchives.gov.uk/explore-the-collection/explore-by-time-period/medieval/domesday/
https://www.nationalarchives.gov.uk/media/images/hg-great-north.max-1024x1024.format-webp.webpquality-70.webp,Illustrated poster of two small children sitting on the beach with waves behind them.,Illustrated poster of two small children sitting on the beach with waves behind them. [1],GOOD,,,(missing) [1],,(missing) [1],,(missing) [1],,,true,645,1024,1,1,https://www.nationalarchives.gov.uk/explore-the-collection/explore-by-topic/transport-and-travel/victorian-and-edwardian-travel-posters/
https://www.nationalarchives.gov.uk/media/images/hg-great-train.max-1024x1024.format-webp.webpquality-70.webp,Photograph of a suitcase with piles of money on top of it,Photograph of a suitcase with piles of money on top of it [1],GOOD,,,(missing) [1],,(missing) [1],,(missing) [1],,,true,1024,723,1,1,https://www.nationalarchives.gov.uk/explore-the-collection/explore-by-topic/crime-courts-and-justice/policing-and-prosecution/
https://www.nationalarchives.gov.uk/media/images/hg-great-weste.max-1024x1024.format-webp.webpquality-70.webp,Illustration of a picturesque sea view with a woman in welsh costume of red dress and black hat,Illustration of a picturesque sea view with a woman in welsh costume of red dress and black hat [1],GOOD,,,(missing) [1],,(missing) [1],,(missing) [1],,,true,667,1024,1,1,https://www.nationalarchives.gov.uk/explore-the-collection/explore-by-topic/transport-and-travel/victorian-and-edwardian-travel-posters/
https://www.nationalarchives.gov.uk/media/images/hg-grunwick-st.max-1024x1024.format-webp.webpquality-70.webp,Printed document headed 'Grunwick Strike Committee (APEX)'.,Printed document headed 'Grunwick Strike Committee (APEX)'. [1],GOOD,,,(missing) [1],,(missing) [1],,(missing) [1],,,true,749,1024,1,1,https://www.nationalarchives.gov.uk/explore-the-collection/explore-by-topic/democracy-and-protest/protest-20th-century/
https://www.nationalarchives.gov.uk/media/images/hg-hat-suspend.max-1024x1024.format-webp.webpquality-70.webp,Text surrounds a sketch of a piece of wood with two metal prongs fixed into it on which a hat hangs.,Text surrounds a sketch of a piece of wood with two metal prongs fixed into it on which a hat hangs. [1],GOOD,,,(missing) [1],,(missing) [1],,(missing) [1],,,true,1024,755,1,1,https://www.nationalarchives.gov.uk/explore-the-collection/explore-by-time-period/victorians/top-hats/
https://www.nationalarchives.gov.uk/media/images/hg-hgihways-of.max-1024x1024.format-webp.webpquality-70.webp,A map of the world with the British Empire marked in red and lines representing trade routes,A map of the world with the British Empire marked in red and lines representing trade routes [1],GOOD,,,(missing) [1],,(missing) [1],,(missing) [1],,,true,1024,671,1,1,https://www.nationalarchives.gov.uk/explore-the-collection/explore-by-time-period/interwar/empire-marketing-board-posters/
https://www.nationalarchives.gov.uk/media/images/hg-hlrs-letter_pPntUL6.max-1024x1024.format-webp.webpquality-70.webp,Formal letter headed 'REFORM HOMOSEXUAL LAW PLEA TO PRIME MINISTER.,Formal letter headed 'REFORM HOMOSEXUAL LAW PLEA TO PRIME MINISTER. [1],GOOD,,,(missing) [1],,(missing) [1],,(missing) [1],,,true,625,1024,1,1,https://www.nationalarchives.gov.uk/explore-the-collection/explore-by-topic/democracy-and-protest/protest-20th-century/
https://www.nationalarchives.gov.uk/media/images/hg-hlrs-letter.max-1024x1024.format-webp.webpquality-70.webp,Typewritten letter on letterheaded paper.,Typewritten letter on letterheaded paper. [1],GOOD,,,(missing) [1],,(missing) [1],,(missing) [1],,,true,631,1024,1,1,https://www.nationalarchives.gov.uk/explore-the-collection/explore-by-topic/democracy-and-protest/protest-20th-century/
https://www.nationalarchives.gov.uk/media/images/hg-houses-parl.max-1024x1024.format-webp.webpquality-70.webp,A drawing of a large gothic building with a tall tower in the centre on the banks of the Thames,A drawing of a large gothic building with a tall tower in the centre on the banks of the Thames [1],GOOD,,,(missing) [1],,(missing) [1],,(missing) [1],,,true,1024,596,1,1,https://www.nationalarchives.gov.uk/explore-the-collection/explore-by-topic/land-and-buildings/architecture/
https://www.nationalarchives.gov.uk/media/images/hg-identity-pa.max-1024x1024.format-webp.webpquality-70.webp,Photograph of eight men standing in a line.,Photograph of eight men standing in a line. [1],GOOD,,,(missing) [1],,(missing) [1],,(missing) [1],,,true,1024,786,1,1,https://www.nationalarchives.gov.uk/explore-the-collection/explore-by-topic/crime-courts-and-justice/policing-and-prosecution/
https://www.nationalarchives.gov.uk/media/images/hg-internation.max-1024x1024.format-webp.webpquality-70.webp,Hundred of people standing outside a large Victorian exhibition building with a glass dome.,Hundred of people standing outside a large Victorian exhibition building with a glass dome. [1],GOOD,,,(missing) [1],,(missing) [1],,(missing) [1],,,true,1024,455,1,1,https://www.nationalarchives.gov.uk/explore-the-collection/explore-by-topic/international-trade-and-affairs/international-exhibitions/
https://www.nationalarchives.gov.uk/media/images/hg-jane-guppie.max-1024x1024.format-webp.webpquality-70.webp,A formal document on vellum with five leathery tabs sticking out the bottom.,A formal document on vellum with five leathery tabs sticking out the bottom. [1],GOOD,,,(missing) [1],,(missing) [1],,(missing) [1],,,true,1024,975,1,1,https://www.nationalarchives.gov.uk/explore-the-collection/explore-by-time-period/early-modern/witchcraft/
https://www.nationalarchives.gov.uk/media/images/hg-john-bull-s.max-1024x1024.format-webp.webpquality-70.webp,A painting of the front of a grocers' shop with customers looking at an array of produce,A painting of the front of a grocers' shop with customers looking at an array of produce [1],GOOD,,,(missing) [1],,(missing) [1],,(missing) [1],,,true,1024,684,1,1,https://www.nationalarchives.gov.uk/explore-the-collection/explore-by-time-period/interwar/empire-marketing-board-posters/
https://www.nationalarchives.gov.uk/media/images/hg-journal-tri.max-1024x1024.format-webp.webpquality-70.webp,A handwritten document,A handwritten document [1],GOOD,,,(missing) [1],,(missing) [1],,(missing) [1],,,true,640,1024,1,1,https://www.nationalarchives.gov.uk/explore-the-collection/explore-by-topic/crime-courts-and-justice/treason/
https://www.nationalarchives.gov.uk/media/images/hg-keep-mum-no.max-1024x1024.format-webp.webpquality-70.webp,A woman wearing a white dress is seated between three men.,A woman wearing a white dress is seated between three men. [1],GOOD,,,(missing) [1],,(missing) [1],,(missing) [1],,,true,527,768,1,1,https://www.nationalarchives.gov.uk/explore-the-collection/explore-by-time-period/second-world-war/second-world-war-propaganda-posters/
https://www.nationalarchives.gov.uk/media/images/hg-king-john-r.max-1024x1024.format-webp.webpquality-70.webp,"One large paragraph, part of a long document.","One large paragraph, part of a long document. [1]",GOOD,,,(missing) [1],,(missing) [1],,(missing) [1],,,true,1024,641,1,1,https://www.nationalarchives.gov.uk/explore-the-collection/explore-by-time-period/medieval/magna-carta/
https://www.nationalarchives.gov.uk/media/images/hg-learn-make-.max-1024x1024.format-webp.webpquality-70.webp,"A poster titled 'These women are doing their bit', showing a woman getting ready to go to work","A poster titled 'These women are doing their bit', showing a woman getting ready to go to work [1]",GOOD,,,(missing) [1],,(missing) [1],,(missing) [1],,,true,679,1024,1,1,https://www.nationalarchives.gov.uk/explore-the-collection/explore-by-time-period/early-20th-century/women-first-world-war/
https://www.nationalarchives.gov.uk/media/images/hg-let-us-go-f.max-1024x1024.format-webp.webpquality-70.webp,Winston Churchill wearing a hat and looking confident is shown in front of a battle scene.,Winston Churchill wearing a hat and looking confident is shown in front of a battle scene. [1],GOOD,,,(missing) [1],,(missing) [1],,(missing) [1],,,true,509,768,1,1,https://www.nationalarchives.gov.uk/explore-the-collection/explore-by-time-period/second-world-war/second-world-war-propaganda-posters/
https://www.nationalarchives.gov.uk/media/images/hg-letter-by-h.max-1024x1024.format-webp.webpquality-70.webp,Typewritten document on paper headed 'THE LEAGUE OF COLOURED PEOPLES'.,Typewritten document on paper headed 'THE LEAGUE OF COLOURED PEOPLES'. [1],GOOD,,,(missing) [1],,(missing) [1],,(missing) [1],,,true,894,1024,1,1,https://www.nationalarchives.gov.uk/explore-the-collection/explore-by-topic/democracy-and-protest/protest-20th-century/
https://www.nationalarchives.gov.uk/media/images/hg-letter-from.max-1024x1024.format-webp.webpquality-70.webp,Handwritten letter on 'Barbara Hepworth'-letterheaded paper.,Handwritten letter on 'Barbara Hepworth'-letterheaded paper. [1],GOOD,,,(missing) [1],,(missing) [1],,(missing) [1],,,true,812,1024,1,1,https://www.nationalarchives.gov.uk/explore-the-collection/explore-by-time-period/postwar/the-festival-of-britain-1951/
https://www.nationalarchives.gov.uk/media/images/hg-letter-grea.max-1024x1024.format-webp.webpquality-70.webp,"Handwritten letter on yellow notepaper, beginning 'Dear Hunt'.","Handwritten letter on yellow notepaper, beginning 'Dear Hunt'. [1]",GOOD,,,(missing) [1],,(missing) [1],,(missing) [1],,,true,632,1024,1,1,https://www.nationalarchives.gov.uk/explore-the-collection/explore-by-time-period/early-20th-century/lives-on-the-front/
https://www.nationalarchives.gov.uk/media/images/hg-list-of-shi.max-1024x1024.format-webp.webpquality-70.webp,A handwritten list of ship names and the number of enslaved people carried.,A handwritten list of ship names and the number of enslaved people carried. [1],GOOD,,,(missing) [1],,(missing) [1],,(missing) [1],,,true,697,1024,1,1,https://www.nationalarchives.gov.uk/explore-the-collection/explore-by-time-period/georgians/transatlantic-slave-trade/
https://www.nationalarchives.gov.uk/media/images/hg-list-of-ships-emp_KEaZ7O5.5f060265.fill-600x400.format-jpeg.jpegquality-60.bgcolor-fff.jpg,A handwritten list of ship names and the number of enslaved people carried.,A handwritten list of ship names and the number of enslaved people carried. [1],GOOD,,,(missing) [1],,(missing) [1],,(missing) [1],,,true,600,400,1,1,https://www.nationalarchives.gov.uk/explore-the-collection/explore-by-time-period/georgians/
https://www.nationalarchives.gov.uk/media/images/hg-magna-carta_ekiQl34.max-1024x1024.format-webp.webpquality-70.webp,"One large, dense section of text written.","One large, dense section of text written. [1]",GOOD,,,(missing) [1],,(missing) [1],,(missing) [1],,,true,723,1024,1,1,https://www.nationalarchives.gov.uk/explore-the-collection/explore-by-time-period/medieval/magna-carta/
https://www.nationalarchives.gov.uk/media/images/hg-magna-carta_xsPYEVU.max-1024x1024.format-webp.webpquality-70.webp,"A lengthy, yellowed document with several holes in.","A lengthy, yellowed document with several holes in. [1]",GOOD,,,(missing) [1],,(missing) [1],,(missing) [1],,,true,499,1024,1,1,https://www.nationalarchives.gov.uk/explore-the-collection/explore-by-time-period/medieval/magna-carta/
https://www.nationalarchives.gov.uk/media/images/hg-magna-carta.max-1024x1024.format-webp.webpquality-70.webp,Two wide paragraphs written in brown ink.,Two wide paragraphs written in brown ink. [1],GOOD,,,(missing) [1],,(missing) [1],,(missing) [1],,,true,1024,392,1,1,https://www.nationalarchives.gov.uk/explore-the-collection/explore-by-time-period/medieval/magna-carta/
https://www.nationalarchives.gov.uk/media/images/hg-make-do-and.max-1024x1024.format-webp.webpquality-70.webp,A women is sewing and smiling 'Make-do and mend says Mrs Sew-and-Sew' is written.,A women is sewing and smiling 'Make-do and mend says Mrs Sew-and-Sew' is written. [1],GOOD,,,(missing) [1],,(missing) [1],,(missing) [1],,,true,673,1024,1,1,https://www.nationalarchives.gov.uk/explore-the-collection/explore-by-time-period/second-world-war/second-world-war-propaganda-posters/
https://www.nationalarchives.gov.uk/media/images/hg-manchester-.max-1024x1024.format-webp.webpquality-70.webp,An extract from a newspaper,An extract from a newspaper [1],GOOD,,,(missing) [1],,(missing) [1],,(missing) [1],,,true,721,1024,1,1,https://www.nationalarchives.gov.uk/explore-the-collection/explore-by-time-period/georgians/the-peterloo-massacre/
https://www.nationalarchives.gov.uk/media/images/hg-map-of-batt.max-1024x1024.format-webp.webpquality-70.webp,"Map with a river marked in blue and columns of troops marked in blue, pink, yellow and green.","Map with a river marked in blue and columns of troops marked in blue, pink, yellow and green. [1]",GOOD,,,(missing) [1],,(missing) [1],,(missing) [1],,,true,1024,850,1,1,https://www.nationalarchives.gov.uk/explore-the-collection/explore-by-time-period/victorians/the-crimean-war/
https://www.nationalarchives.gov.uk/media/images/hg-map-of-clog.max-1024x1024.format-webp.webpquality-70.webp,"Extremely colourful map with elaborate handwriting showing mountain ranges, rivers and region names.","Extremely colourful map with elaborate handwriting showing mountain ranges, rivers and region names. [1]",GOOD,,,(missing) [1],,(missing) [1],,(missing) [1],,,true,1024,724,1,1,https://www.nationalarchives.gov.uk/explore-the-collection/explore-by-time-period/early-modern/early-modern-maps/
https://www.nationalarchives.gov.uk/media/images/hg-map-of-midd.max-1024x1024.format-webp.webpquality-70.webp,"Map on parchment showing very straight pink roads, blue rivers, trees and buildings.","Map on parchment showing very straight pink roads, blue rivers, trees and buildings. [1]",GOOD,,,(missing) [1],,(missing) [1],,(missing) [1],,,true,1024,730,1,1,https://www.nationalarchives.gov.uk/explore-the-collection/explore-by-time-period/early-modern/early-modern-maps/
https://www.nationalarchives.gov.uk/media/images/hg-map-of-st-b.max-1024x1024.format-webp.webpquality-70.webp,Map showing clusters of buildings sketched in 3D next to names of settlements.,Map showing clusters of buildings sketched in 3D next to names of settlements. [1],GOOD,,,(missing) [1],,(missing) [1],,(missing) [1],,,true,1024,712,1,1,https://www.nationalarchives.gov.uk/explore-the-collection/explore-by-time-period/early-modern/early-modern-maps/
https://www.nationalarchives.gov.uk/media/images/hg-medical-off.max-1024x1024.format-webp.webpquality-70.webp,A hand written journal in a grid formation,A hand written journal in a grid formation [1],GOOD,,,(missing) [1],,(missing) [1],,(missing) [1],,,true,1000,647,1,1,https://www.nationalarchives.gov.uk/explore-the-collection/explore-by-time-period/georgians/the-life-and-career-of-horatio-nelson/
https://www.nationalarchives.gov.uk/media/images/hg-metropolita.max-1024x1024.format-webp.webpquality-70.webp,"A poster titled 'Bye-laws, orders, rules and regulations' with a list of rules for passengers.","A poster titled 'Bye-laws, orders, rules and regulations' with a list of rules for passengers. [1]",GOOD,,,(missing) [1],,(missing) [1],,(missing) [1],,,true,671,1024,1,1,https://www.nationalarchives.gov.uk/explore-the-collection/explore-by-topic/transport-and-travel/railways/
https://www.nationalarchives.gov.uk/media/images/hg-midland-rai.max-1024x1024.format-webp.webpquality-70.webp,An illustrated poster of a map of Britain with a large black bird and a train,An illustrated poster of a map of Britain with a large black bird and a train [1],GOOD,,,(missing) [1],,(missing) [1],,(missing) [1],,,true,628,1024,1,1,https://www.nationalarchives.gov.uk/explore-the-collection/explore-by-topic/transport-and-travel/victorian-and-edwardian-travel-posters/
https://www.nationalarchives.gov.uk/media/images/hg-midwife-mot.max-1024x1024.format-webp.webpquality-70.webp,A woman in a blouse sits holding a tiny baby below a woman in a white gown and mask.,A woman in a blouse sits holding a tiny baby below a woman in a white gown and mask. [1],GOOD,,,(missing) [1],,(missing) [1],,(missing) [1],,,true,692,1024,1,1,https://www.nationalarchives.gov.uk/explore-the-collection/explore-by-topic/health-and-welfare/public-health-campaigns/
https://www.nationalarchives.gov.uk/media/images/hg-miner-hand-.max-1024x1024.format-webp.webpquality-70.webp,A man lying down under a supported section of cave holding a tool in both hands.,A man lying down under a supported section of cave holding a tool in both hands. [1],GOOD,,,(missing) [1],,(missing) [1],,(missing) [1],,,true,1024,865,1,1,https://www.nationalarchives.gov.uk/explore-the-collection/explore-by-topic/business-finance-and-innovation/british-industry/
https://www.nationalarchives.gov.uk/media/images/hg-model-of-th.max-1024x1024.format-webp.webpquality-70.webp,A large and wide modern-white-windowless building with a large tower with the British flag.,A large and wide modern-white-windowless building with a large tower with the British flag. [1],GOOD,,,(missing) [1],,(missing) [1],,(missing) [1],,,true,1024,803,1,1,https://www.nationalarchives.gov.uk/explore-the-collection/explore-by-topic/international-trade-and-affairs/international-exhibitions/
https://www.nationalarchives.gov.uk/media/images/hg-motor-manuf.max-1024x1024.format-webp.webpquality-70.webp,"A blocky, abstract painting of men working on large machines","A blocky, abstract painting of men working on large machines [1]",GOOD,,,(missing) [1],,(missing) [1],,(missing) [1],,,true,1024,686,1,1,https://www.nationalarchives.gov.uk/explore-the-collection/explore-by-time-period/interwar/empire-marketing-board-posters/
https://www.nationalarchives.gov.uk/media/images/hg-nelson-lett.max-1024x1024.format-webp.webpquality-70.webp,A handwritten letter,A handwritten letter [1],GOOD,,,(missing) [1],,(missing) [1],,(missing) [1],,,true,737,1024,1,1,https://www.nationalarchives.gov.uk/explore-the-collection/explore-by-time-period/georgians/the-life-and-career-of-horatio-nelson/
https://www.nationalarchives.gov.uk/media/images/hg-nelson-must.max-1024x1024.format-webp.webpquality-70.webp,A detail from a page of an official log. An entry for 'Horace Nelson' is the second to last,A detail from a page of an official log. An entry for 'Horace Nelson' is the second to last [1],GOOD,,,(missing) [1],,(missing) [1],,(missing) [1],,,true,1000,574,1,1,https://www.nationalarchives.gov.uk/explore-the-collection/explore-by-time-period/georgians/the-life-and-career-of-horatio-nelson/
https://www.nationalarchives.gov.uk/media/images/hg-nelson-will.max-1024x1024.format-webp.webpquality-70.webp,The last page of a hand written will. There is a red wax seal on the right hand side,The last page of a hand written will. There is a red wax seal on the right hand side [1],GOOD,,,(missing) [1],,(missing) [1],,(missing) [1],,,true,650,1024,1,1,https://www.nationalarchives.gov.uk/explore-the-collection/explore-by-time-period/georgians/the-life-and-career-of-horatio-nelson/
https://www.nationalarchives.gov.uk/media/images/hg-nh_Vx5QTBC.max-900x900.format-jpeg.jpegquality-60.bgcolor-fff.jpg,Cartoon of a man in a brown suit and black tie waiting outside a door marked 'DOCTOR'.,Cartoon of a man in a brown suit and black tie waiting outside a door marked 'DOCTOR'. [1],GOOD,,,(missing) [1],,(missing) [1],,(missing) [1],,,true,602,451,1,1,https://www.nationalarchives.gov.uk/explore-the-collection/stories/the-foundation-of-the-nhs/
https://www.nationalarchives.gov.uk/media/images/hg-nhs-and-you.max-1024x1024.format-webp.webpquality-70.webp,A pamphlet across three pages with text and cartoons illustrating uses of the NHS.,A pamphlet across three pages with text and cartoons illustrating uses of the NHS. [1],GOOD,,,(missing) [1],,(missing) [1],,(missing) [1],,,true,1024,553,1,1,https://www.nationalarchives.gov.uk/explore-the-collection/explore-by-topic/health-and-welfare/nhs-posters-and-leaflets/
https://www.nationalarchives.gov.uk/media/images/hg-nhs-film-st.max-1024x1024.format-webp.webpquality-70.webp,Cartoon of a man in a brown suit and black tie waiting outside a door marked 'DOCTOR'.,Cartoon of a man in a brown suit and black tie waiting outside a door marked 'DOCTOR'. [1],GOOD,,,(missing) [1],,(missing) [1],,(missing) [1],,,true,602,451,1,1,https://www.nationalarchives.gov.uk/explore-the-collection/explore-by-topic/health-and-welfare/public-health-campaigns/
https://www.nationalarchives.gov.uk/media/images/hg-nhs-nursing_GgHmQwj.max-1024x1024.format-webp.webpquality-70.webp,Two nurses are providing support to a sleeping patient on a breathing machine.,Two nurses are providing support to a sleeping patient on a breathing machine. [1],GOOD,,,(missing) [1],,(missing) [1],,(missing) [1],,,true,720,1024,1,1,https://www.nationalarchives.gov.uk/explore-the-collection/explore-by-topic/health-and-welfare/nhs-posters-and-leaflets/
https://www.nationalarchives.gov.uk/media/images/hg-nhs-nursing.max-1024x1024.format-webp.webpquality-70.webp,Eight photographs displaying 'your life as a nurse' including seeing patients and learning.,Eight photographs displaying 'your life as a nurse' including seeing patients and learning. [1],GOOD,,,(missing) [1],,(missing) [1],,(missing) [1],,,true,1024,817,1,1,https://www.nationalarchives.gov.uk/explore-the-collection/explore-by-topic/health-and-welfare/nhs-posters-and-leaflets/
https://www.nationalarchives.gov.uk/media/images/hg-nigeria-pav.max-1024x1024.format-webp.webpquality-70.webp,The inside of a building with objects laid out on a table under a shelter such as fabrics and drum.,The inside of a building with objects laid out on a table under a shelter such as fabrics and drum. [1],GOOD,,,(missing) [1],,(missing) [1],,(missing) [1],,,true,1024,832,1,1,https://www.nationalarchives.gov.uk/explore-the-collection/explore-by-topic/international-trade-and-affairs/international-exhibitions/
https://www.nationalarchives.gov.uk/media/images/hg-norfolk-cot.max-1024x1024.format-webp.webpquality-70.webp,A row of thatched white cottage with hay bales dotted outside.,A row of thatched white cottage with hay bales dotted outside. [1],GOOD,,,(missing) [1],,(missing) [1],,(missing) [1],,,true,1024,261,1,1,https://www.nationalarchives.gov.uk/explore-the-collection/explore-by-time-period/victorians/peter-henry-emerson-rural-photography/
https://www.nationalarchives.gov.uk/media/images/hg-notice-abou.max-1024x1024.format-webp.webpquality-70.webp,Notice with just text in black lettering and a list of around 80 eligible children's names.,Notice with just text in black lettering and a list of around 80 eligible children's names. [1],GOOD,,,(missing) [1],,(missing) [1],,(missing) [1],,,true,651,1024,1,1,https://www.nationalarchives.gov.uk/explore-the-collection/explore-by-time-period/victorians/age-of-mass-migration/
https://www.nationalarchives.gov.uk/media/images/hg-nuestra-sen.max-1024x1024.format-webp.webpquality-70.webp,"Two pages from a book, covered in elaborate sketches and writing in Spanish.","Two pages from a book, covered in elaborate sketches and writing in Spanish. [1]",GOOD,,,(missing) [1],,(missing) [1],,(missing) [1],,,true,1024,731,1,1,https://www.nationalarchives.gov.uk/explore-the-collection/explore-by-time-period/georgians/the-prize-papers/
https://www.nationalarchives.gov.uk/media/images/hg-official-or.max-1024x1024.format-webp.webpquality-70.webp,A printed list starting at number 6 going to 15 of orders to follow.,A printed list starting at number 6 going to 15 of orders to follow. [1],GOOD,,,(missing) [1],,(missing) [1],,(missing) [1],,,true,1024,791,1,1,https://www.nationalarchives.gov.uk/explore-the-collection/explore-by-time-period/early-modern/plague/
https://www.nationalarchives.gov.uk/media/images/hg-osier-peeli.max-1024x1024.format-webp.webpquality-70.webp,"Three women working outside a cottage all standing. A man, head bent, head sits in the distance.","Three women working outside a cottage all standing. A man, head bent, head sits in the distance. [1]",GOOD,,,(missing) [1],,(missing) [1],,(missing) [1],,,true,1024,756,1,1,https://www.nationalarchives.gov.uk/explore-the-collection/explore-by-time-period/victorians/peter-henry-emerson-rural-photography/
https://www.nationalarchives.gov.uk/media/images/hg-other-profe.max-1024x1024.format-webp.webpquality-70.webp,12 cartoon frames demonstrate different job roles needed at a hospital.,12 cartoon frames demonstrate different job roles needed at a hospital. [1],GOOD,,,(missing) [1],,(missing) [1],,(missing) [1],,,true,1024,782,1,1,https://www.nationalarchives.gov.uk/explore-the-collection/explore-by-topic/health-and-welfare/nhs-posters-and-leaflets/
https://www.nationalarchives.gov.uk/media/images/hg-peterloo-le.max-1024x1024.format-webp.webpquality-70.webp,A handwritten letter,A handwritten letter [1],GOOD,,,(missing) [1],,(missing) [1],,(missing) [1],,,true,638,1024,1,1,https://www.nationalarchives.gov.uk/explore-the-collection/explore-by-time-period/georgians/the-peterloo-massacre/
https://www.nationalarchives.gov.uk/media/images/hg-petition-fr.max-1024x1024.format-webp.webpquality-70.webp,"Official form on blue paper, filled in with black ink.","Official form on blue paper, filled in with black ink. [1]",GOOD,,,(missing) [1],,(missing) [1],,(missing) [1],,,true,638,1024,1,1,https://www.nationalarchives.gov.uk/explore-the-collection/explore-by-topic/democracy-and-protest/protest-20th-century/
https://www.nationalarchives.gov.uk/media/images/hg-petition-th.max-1024x1024.format-webp.webpquality-70.webp,A folder sheet of yellow paper with untidy handwriting.,A folder sheet of yellow paper with untidy handwriting. [1],GOOD,,,(missing) [1],,(missing) [1],,(missing) [1],,,true,1024,898,1,1,https://www.nationalarchives.gov.uk/explore-the-collection/explore-by-time-period/early-modern/witchcraft/
https://www.nationalarchives.gov.uk/media/images/hg-ph_zwG7OTI.max-900x900.format-jpeg.jpegquality-60.bgcolor-fff.jpg,Allan dressed as Salome. She wears a beaded cropped top and translucent skirt,Allan dressed as Salome. She wears a beaded cropped top and translucent skirt [1],GOOD,,,(missing) [1],,(missing) [1],,(missing) [1],,,true,621,900,1,1,https://www.nationalarchives.gov.uk/explore-the-collection/stories/maud-allan/
https://www.nationalarchives.gov.uk/media/images/hg-photo-bogno.max-1024x1024.format-webp.webpquality-70.webp,"Large buildings sit at the base of a long pier, with cars driving in front.","Large buildings sit at the base of a long pier, with cars driving in front. [1]",GOOD,,,(missing) [1],,(missing) [1],,(missing) [1],,,true,1024,663,1,1,https://www.nationalarchives.gov.uk/explore-the-collection/explore-by-time-period/interwar/dixon-scott-photos-of-british-life/
https://www.nationalarchives.gov.uk/media/images/hg-photo-cats-.max-1024x1024.format-webp.webpquality-70.webp,A man wearing a flat cap and holding a basket reaches into the wheelbarrow in front of him.,A man wearing a flat cap and holding a basket reaches into the wheelbarrow in front of him. [1],GOOD,,,(missing) [1],,(missing) [1],,(missing) [1],,,true,1024,655,1,1,https://www.nationalarchives.gov.uk/explore-the-collection/explore-by-time-period/interwar/dixon-scott-photos-of-british-life/
https://www.nationalarchives.gov.uk/media/images/hg-photo-linco.max-1024x1024.format-webp.webpquality-70.webp,An impressive cathedral buildings with two large towers sticks out from surrounding buildings.,An impressive cathedral buildings with two large towers sticks out from surrounding buildings. [1],GOOD,,,(missing) [1],,(missing) [1],,(missing) [1],,,true,1000,692,1,1,https://www.nationalarchives.gov.uk/explore-the-collection/explore-by-time-period/interwar/dixon-scott-photos-of-british-life/
https://www.nationalarchives.gov.uk/media/images/hg-photo-no-ma.max-1024x1024.format-webp.webpquality-70.webp,"Landscape photo showing bare fields with trenches dug in, and a row of thin trees.","Landscape photo showing bare fields with trenches dug in, and a row of thin trees. [1]",GOOD,,,(missing) [1],,(missing) [1],,(missing) [1],,,true,1024,480,1,1,https://www.nationalarchives.gov.uk/explore-the-collection/explore-by-time-period/early-20th-century/lives-on-the-front/
https://www.nationalarchives.gov.uk/media/images/hg-photo-of-gi.max-1024x1024.format-webp.webpquality-70.webp,Ten piglets feed from a trough that a woman is reaching into.,Ten piglets feed from a trough that a woman is reaching into. [1],GOOD,,,(missing) [1],,(missing) [1],,(missing) [1],,,true,1024,800,1,1,https://www.nationalarchives.gov.uk/explore-the-collection/explore-by-topic/environment-and-agriculture/rural-life/
https://www.nationalarchives.gov.uk/media/images/hg-photo-of-sh.max-1024x1024.format-webp.webpquality-70.webp,A wet sheep leaves a trough in front of 6 farm worked and a full pen of sheep.,A wet sheep leaves a trough in front of 6 farm worked and a full pen of sheep. [1],GOOD,,,(missing) [1],,(missing) [1],,(missing) [1],,,true,1024,684,1,1,https://www.nationalarchives.gov.uk/explore-the-collection/explore-by-topic/environment-and-agriculture/rural-life/
https://www.nationalarchives.gov.uk/media/images/hg-photo-pier-.max-1024x1024.format-webp.webpquality-70.webp,A ship sailing away from three large buildings on land.,A ship sailing away from three large buildings on land. [1],GOOD,,,(missing) [1],,(missing) [1],,(missing) [1],,,true,1024,676,1,1,https://www.nationalarchives.gov.uk/explore-the-collection/explore-by-time-period/interwar/dixon-scott-photos-of-british-life/
https://www.nationalarchives.gov.uk/media/images/hg-photograph-_hzlFWus.max-1024x1024.format-webp.webpquality-70.webp,"Eight people seated, one standing, in a room looking at the camera.","Eight people seated, one standing, in a room looking at the camera. [1]",GOOD,,,(missing) [1],,(missing) [1],,(missing) [1],,,true,1024,775,1,1,https://www.nationalarchives.gov.uk/explore-the-collection/explore-by-topic/identity-and-community/sexuality-identity/
https://www.nationalarchives.gov.uk/media/images/hg-photograph-_ztoAZNR.max-1024x1024.format-webp.webpquality-70.webp,"The interior of a club with no people. It is full of soft furnishings, tables and draped fabric","The interior of a club with no people. It is full of soft furnishings, tables and draped fabric [1]",GOOD,,,(missing) [1],,(missing) [1],,(missing) [1],,,true,1024,773,1,1,https://www.nationalarchives.gov.uk/explore-the-collection/explore-by-topic/identity-and-community/sexuality-identity/
https://www.nationalarchives.gov.uk/media/images/hg-photograph-.max-1024x1024.format-webp.webpquality-70.webp,Allan dressed as Salome. She wears a beaded cropped top and translucent skirt,Allan dressed as Salome. She wears a beaded cropped top and translucent skirt [1],GOOD,,,(missing) [1],,(missing) [1],,(missing) [1],,,true,707,1024,1,1,https://www.nationalarchives.gov.uk/explore-the-collection/explore-by-topic/identity-and-community/sexuality-identity/
https://www.nationalarchives.gov.uk/media/images/hg-pikes-cato-.max-1024x1024.format-webp.webpquality-70.webp,"Three long, pointed pieces of metal.","Three long, pointed pieces of metal. [1]",GOOD,,,(missing) [1],,(missing) [1],,(missing) [1],,,true,1000,680,1,1,https://www.nationalarchives.gov.uk/explore-the-collection/explore-by-topic/crime-courts-and-justice/treason/
https://www.nationalarchives.gov.uk/media/images/hg-pikes-cato-street_ivpCVaH.2e16d0ba.fill-600x400.format-jpeg.jpegquality-60.bgcolor-fff.jpg,"Three long, pointed pieces of metal.","Three long, pointed pieces of metal. [1]",GOOD,,,(missing) [1],,(missing) [1],,(missing) [1],,,true,600,400,1,1,https://www.nationalarchives.gov.uk/explore-the-collection/stories/the-monteagle-letter/
https://www.nationalarchives.gov.uk/media/images/hg-pillow-cap-.max-1024x1024.format-webp.webpquality-70.webp,"A front view and a cross-section of quite a flat, cushioned hat along with a description.","A front view and a cross-section of quite a flat, cushioned hat along with a description. [1]",GOOD,,,(missing) [1],,(missing) [1],,(missing) [1],,,true,1024,680,1,1,https://www.nationalarchives.gov.uk/explore-the-collection/explore-by-time-period/victorians/victorian-bright-ideas/
https://www.nationalarchives.gov.uk/media/images/hg-plan-of-an-.max-1024x1024.format-webp.webpquality-70.webp,7 diagrams on one sheet of paper of a Zeppelin from different angles.,7 diagrams on one sheet of paper of a Zeppelin from different angles. [1],GOOD,,,(missing) [1],,(missing) [1],,(missing) [1],,,true,1024,296,1,1,https://www.nationalarchives.gov.uk/explore-the-collection/explore-by-time-period/early-20th-century/technology-first-world-war/
https://www.nationalarchives.gov.uk/media/images/hg-pledge-to-a.max-1024x1024.format-webp.webpquality-70.webp,A handwritten document written in one paragraph from top to bottom of page. Writing in the margin.,A handwritten document written in one paragraph from top to bottom of page. Writing in the margin. [1],GOOD,,,(missing) [1],,(missing) [1],,(missing) [1],,,true,728,1024,1,1,https://www.nationalarchives.gov.uk/explore-the-collection/explore-by-time-period/medieval/the-wars-of-the-roses/
https://www.nationalarchives.gov.uk/media/images/hg-poem-by-lan.max-1024x1024.format-webp.webpquality-70.webp,Printed verse 18 lines long headed 'My Day'.,Printed verse 18 lines long headed 'My Day'. [1],GOOD,,,(missing) [1],,(missing) [1],,(missing) [1],,,true,420,1024,1,1,https://www.nationalarchives.gov.uk/explore-the-collection/explore-by-time-period/second-world-war/women-and-the-second-world-war/
https://www.nationalarchives.gov.uk/media/images/hg-poem-by-land_QCtnKnp.2e16d0ba.fill-600x400.format-jpeg.jpegquality-60.bgcolor-fff.jpg,Printed verse 18 lines long headed 'My Day'.,Printed verse 18 lines long headed 'My Day'. [1],GOOD,,,(missing) [1],,(missing) [1],,(missing) [1],,,true,600,400,1,1,https://www.nationalarchives.gov.uk/explore-the-collection/stories/christine-granville-application/
https://www.nationalarchives.gov.uk/media/images/hg-police-photograph_t6sT7Q9.8a500fe6.fill-600x400.format-jpeg.jpegquality-60.bgcolor-fff.jpg,Ten un-posed portrait photos of women.,Ten un-posed portrait photos of women. [1],GOOD,,,(missing) [1],,(missing) [1],,(missing) [1],,,true,600,400,1,1,https://www.nationalarchives.gov.uk/explore-the-collection/stories/list-of-suffragettes-arrested-from-1906-1914/
https://www.nationalarchives.gov.uk/media/images/hg-portable-co.max-1024x1024.format-webp.webpquality-70.webp,A diagram of a pork chop and some eggs contained in compartments of a fire-filled metal stove.,A diagram of a pork chop and some eggs contained in compartments of a fire-filled metal stove. [1],GOOD,,,(missing) [1],,(missing) [1],,(missing) [1],,,true,1024,632,1,1,https://www.nationalarchives.gov.uk/explore-the-collection/explore-by-time-period/victorians/victorian-bright-ideas/
https://www.nationalarchives.gov.uk/media/images/hg-portable-cooking-_vDSwuXX.2e16d0ba.fill-600x400.format-jpeg.jpegquality-60.bgcolor-fff.jpg,A diagram of a pork chop and some eggs contained in compartments of a fire-filled metal stove.,A diagram of a pork chop and some eggs contained in compartments of a fire-filled metal stove. [1],GOOD,,,(missing) [1],,(missing) [1],,(missing) [1],,,true,600,400,1,1,https://www.nationalarchives.gov.uk/explore-the-collection/stories/registered-design-for-expanding-travelling-basket/
https://www.nationalarchives.gov.uk/media/images/hg-portable-fi.max-1024x1024.format-webp.webpquality-70.webp,Various views of a peculiar building that looks curved like a hill.,Various views of a peculiar building that looks curved like a hill. [1],GOOD,,,(missing) [1],,(missing) [1],,(missing) [1],,,true,651,1024,1,1,https://www.nationalarchives.gov.uk/explore-the-collection/explore-by-time-period/victorians/victorian-bright-ideas/
https://www.nationalarchives.gov.uk/media/images/hg-portable-sh.max-1024x1024.format-webp.webpquality-70.webp,View of a device with a sheet that hangs from a hook above a round base with holes in.,View of a device with a sheet that hangs from a hook above a round base with holes in. [1],GOOD,,,(missing) [1],,(missing) [1],,(missing) [1],,,true,1024,769,1,1,https://www.nationalarchives.gov.uk/explore-the-collection/explore-by-time-period/victorians/victorian-bright-ideas/
https://www.nationalarchives.gov.uk/media/images/hg-portable-shower-b_oRgr7nY.2e16d0ba.fill-600x400.format-jpeg.jpegquality-60.bgcolor-fff.jpg,View of a device with a sheet that hangs from a hook above a round base with holes in.,View of a device with a sheet that hangs from a hook above a round base with holes in. [1],GOOD,,,(missing) [1],,(missing) [1],,(missing) [1],,,true,600,400,1,1,https://www.nationalarchives.gov.uk/explore-the-collection/stories/registered-design-for-expanding-travelling-basket/
https://www.nationalarchives.gov.uk/media/images/hg-portchester.max-1024x1024.format-webp.webpquality-70.webp,A top down architectural plan of a castle,A top down architectural plan of a castle [1],GOOD,,,(missing) [1],,(missing) [1],,(missing) [1],,,true,991,1024,1,1,https://www.nationalarchives.gov.uk/explore-the-collection/explore-by-topic/land-and-buildings/architecture/
https://www.nationalarchives.gov.uk/media/images/hg-poster-bene.max-1024x1024.format-webp.webpquality-70.webp,The words 'MORE MONEY-MORE FUN-IF YOU DON'T SMOKE!' below a woman surrounded by desirable goods.,The words 'MORE MONEY-MORE FUN-IF YOU DON'T SMOKE!' below a woman surrounded by desirable goods. [1],GOOD,,,(missing) [1],,(missing) [1],,(missing) [1],,,true,679,1024,1,1,https://www.nationalarchives.gov.uk/explore-the-collection/explore-by-topic/health-and-welfare/public-health-campaigns/
https://www.nationalarchives.gov.uk/media/images/hg-poster-depi.max-1024x1024.format-webp.webpquality-70.webp,14 flags of the allied forces of WW2 are positioned in a 'V' formation on a blue background.,14 flags of the allied forces of WW2 are positioned in a 'V' formation on a blue background. [1],GOOD,,,(missing) [1],,(missing) [1],,(missing) [1],,,true,684,1024,1,1,https://www.nationalarchives.gov.uk/explore-the-collection/explore-by-time-period/second-world-war/second-world-war-propaganda-posters/
https://www.nationalarchives.gov.uk/media/images/hg-poster-for-.max-1024x1024.format-webp.webpquality-70.webp,"A basket with vegetables, 'Your own vegetable all the year round... If you dig for victory now'","A basket with vegetables, 'Your own vegetable all the year round... If you dig for victory now' [1]",GOOD,,,(missing) [1],,(missing) [1],,(missing) [1],,,true,680,1024,1,1,https://www.nationalarchives.gov.uk/explore-the-collection/explore-by-time-period/second-world-war/second-world-war-propaganda-posters/
https://www.nationalarchives.gov.uk/media/images/hg-poster-of-d.max-1024x1024.format-webp.webpquality-70.webp,Painting of two brown and two black dappled cows grazing in front of houses with thatched rooves.,Painting of two brown and two black dappled cows grazing in front of houses with thatched rooves. [1],GOOD,,,(missing) [1],,(missing) [1],,(missing) [1],,,true,622,1024,1,1,https://www.nationalarchives.gov.uk/explore-the-collection/explore-by-topic/environment-and-agriculture/rural-life/
https://www.nationalarchives.gov.uk/media/images/hg-poster-prom.max-1024x1024.format-webp.webpquality-70.webp,"Simple poster with just text in black lettering and many different fonts, headed 'EMIGRATION'.","Simple poster with just text in black lettering and many different fonts, headed 'EMIGRATION'. [1]",GOOD,,,(missing) [1],,(missing) [1],,(missing) [1],,,true,1024,745,1,1,https://www.nationalarchives.gov.uk/explore-the-collection/explore-by-time-period/victorians/age-of-mass-migration/
https://www.nationalarchives.gov.uk/media/images/hg-poster-up-h.max-1024x1024.format-webp.webpquality-70.webp,Colourful painting of three women in aprons striding forwards with a large red flag.,Colourful painting of three women in aprons striding forwards with a large red flag. [1],GOOD,,,(missing) [1],,(missing) [1],,(missing) [1],,,true,681,1024,1,1,https://www.nationalarchives.gov.uk/explore-the-collection/explore-by-time-period/second-world-war/women-and-the-second-world-war/
https://www.nationalarchives.gov.uk/media/images/hg-poster-up-house_Vjvr7Gw.c058f651.fill-600x400.format-jpeg.jpegquality-60.bgcolor-fff.jpg,Colourful painting of three women in aprons striding forwards with a large red flag.,Colourful painting of three women in aprons striding forwards with a large red flag. [1],GOOD,,,(missing) [1],,(missing) [1],,(missing) [1],,,true,600,400,1,1,https://www.nationalarchives.gov.uk/explore-the-collection/stories/christine-granville-application/
https://www.nationalarchives.gov.uk/media/images/hg-poster-walk.max-1024x1024.format-webp.webpquality-70.webp,Yellow poster showing a range of manufactured goods and different crafts happening in rooms.,Yellow poster showing a range of manufactured goods and different crafts happening in rooms. [1],GOOD,,,(missing) [1],,(missing) [1],,(missing) [1],,,true,1024,799,1,1,https://www.nationalarchives.gov.uk/explore-the-collection/explore-by-topic/business-finance-and-innovation/british-industry/
https://www.nationalarchives.gov.uk/media/images/hg-press-cutti.max-1024x1024.format-webp.webpquality-70.webp,A newspaper story cutting titled A BOOK THAT MUST BE SUPPRESSED.,A newspaper story cutting titled A BOOK THAT MUST BE SUPPRESSED. [1],GOOD,,,(missing) [1],,(missing) [1],,(missing) [1],,,true,1024,742,1,1,https://www.nationalarchives.gov.uk/explore-the-collection/explore-by-topic/identity-and-community/sexuality-identity/
https://www.nationalarchives.gov.uk/media/images/hg-priest-lett.max-1024x1024.format-webp.webpquality-70.webp,"A long, folded-over strip of linen below a folded letter and an envelope with Spanish writing on.","A long, folded-over strip of linen below a folded letter and an envelope with Spanish writing on. [1]",GOOD,,,(missing) [1],,(missing) [1],,(missing) [1],,,true,1024,682,1,1,https://www.nationalarchives.gov.uk/explore-the-collection/explore-by-time-period/georgians/the-prize-papers/
https://www.nationalarchives.gov.uk/media/images/hg-prize-paper_ei4PN1P.max-1024x1024.format-webp.webpquality-70.webp,"An open book, with pages covered in writing and including a sketched diagram of a hand.","An open book, with pages covered in writing and including a sketched diagram of a hand. [1]",GOOD,,,(missing) [1],,(missing) [1],,(missing) [1],,,true,1024,683,1,1,https://www.nationalarchives.gov.uk/explore-the-collection/explore-by-time-period/georgians/the-prize-papers/
https://www.nationalarchives.gov.uk/media/images/hg-prize-paper_eJZcsiB.max-1024x1024.format-webp.webpquality-70.webp,A rusted metal key with a small paper label attached in an opened grey box.,A rusted metal key with a small paper label attached in an opened grey box. [1],GOOD,,,(missing) [1],,(missing) [1],,(missing) [1],,,true,1024,731,1,1,https://www.nationalarchives.gov.uk/explore-the-collection/explore-by-time-period/georgians/the-prize-papers/
https://www.nationalarchives.gov.uk/media/images/hg-prize-paper_fHvObh1.max-1024x1024.format-webp.webpquality-70.webp,"A few dozen colourful beads, of different shapes and sizes, on a length of string.","A few dozen colourful beads, of different shapes and sizes, on a length of string. [1]",GOOD,,,(missing) [1],,(missing) [1],,(missing) [1],,,true,1024,731,1,1,https://www.nationalarchives.gov.uk/explore-the-collection/explore-by-time-period/georgians/the-prize-papers/
https://www.nationalarchives.gov.uk/media/images/hg-prize-paper_Fp2CUlz.max-1024x1024.format-webp.webpquality-70.webp,A box tightly packed with bundles of letters. One letter sat on top is marked 'Lima' in red.,A box tightly packed with bundles of letters. One letter sat on top is marked 'Lima' in red. [1],GOOD,,,(missing) [1],,(missing) [1],,(missing) [1],,,true,1024,682,1,1,https://www.nationalarchives.gov.uk/explore-the-collection/explore-by-time-period/georgians/the-prize-papers/
https://www.nationalarchives.gov.uk/media/images/hg-prize-paper_yMVW99S.max-1024x1024.format-webp.webpquality-70.webp,"A red, patterned wallet above a number of small slips of paper that it contained.","A red, patterned wallet above a number of small slips of paper that it contained. [1]",GOOD,,,(missing) [1],,(missing) [1],,(missing) [1],,,true,1024,680,1,1,https://www.nationalarchives.gov.uk/explore-the-collection/explore-by-time-period/georgians/the-prize-papers/
https://www.nationalarchives.gov.uk/media/images/hg-prize-paper.max-1024x1024.format-webp.webpquality-70.webp,"10 rows of slanted, hand-drawn sheet music on a page with torn edges.","10 rows of slanted, hand-drawn sheet music on a page with torn edges. [1]",GOOD,,,(missing) [1],,(missing) [1],,(missing) [1],,,true,1024,731,1,1,https://www.nationalarchives.gov.uk/explore-the-collection/explore-by-time-period/georgians/the-prize-papers/
https://www.nationalarchives.gov.uk/media/images/hg-prize-papers-can_FSZtNsZ.0bd5971d.fill-1800x720.format-jpeg.jpegquality-60.bgcolor-fff.jpg,"A red, patterned wallet above a number of small slips of paper that it contained.","A red, patterned wallet above a number of small slips of paper that it contained. [1]",GOOD,,,(missing) [1],,(missing) [1],,(missing) [1],,,true,1200,481,1,1,https://www.nationalarchives.gov.uk/explore-the-collection/explore-by-topic/international-trade-and-affairs/
https://www.nationalarchives.gov.uk/media/images/hg-prize-papers-la-perla-l.bbae6780.fill-1800x720.format-jpeg.jpegquality-60.bgcolor-fff.jpg,A box tightly packed with bundles of letters. One letter sat on top is marked 'Lima' in red.,A box tightly packed with bundles of letters. One letter sat on top is marked 'Lima' in red. [1],GOOD,,,(missing) [1],,(missing) [1],,(missing) [1],,,true,1200,480,1,1,https://www.nationalarchives.gov.uk/explore-the-collection/explore-by-time-period/georgians/
https://www.nationalarchives.gov.uk/media/images/hg-pro-governm.max-1024x1024.format-webp.webpquality-70.webp,A printed document titled 'Evidence disproving some of the charges',A printed document titled 'Evidence disproving some of the charges' [1],GOOD,,,(missing) [1],,(missing) [1],,(missing) [1],,,true,787,1024,1,1,https://www.nationalarchives.gov.uk/explore-the-collection/explore-by-time-period/georgians/the-peterloo-massacre/
https://www.nationalarchives.gov.uk/media/images/hg-proclamatio.max-1024x1024.format-webp.webpquality-70.webp,A proclamation with the heading 'To The Rebellious slaves' has Coat of arms of the United Kingdom.,A proclamation with the heading 'To The Rebellious slaves' has Coat of arms of the United Kingdom. [1],GOOD,,,(missing) [1],,(missing) [1],,(missing) [1],,,true,661,1024,1,1,https://www.nationalarchives.gov.uk/explore-the-collection/explore-by-time-period/georgians/transatlantic-slave-trade/
https://www.nationalarchives.gov.uk/media/images/hg-queen-victo.max-1024x1024.format-webp.webpquality-70.webp,Two handwritten letters with a card above titled: 'Queen Victoria's first railway journey'.,Two handwritten letters with a card above titled: 'Queen Victoria's first railway journey'. [1],GOOD,,,(missing) [1],,(missing) [1],,(missing) [1],,,true,637,1024,1,1,https://www.nationalarchives.gov.uk/explore-the-collection/explore-by-topic/transport-and-travel/railways/
https://www.nationalarchives.gov.uk/media/images/hg-Race-Relati.max-1024x1024.format-webp.webpquality-70.webp,The front cover of a document. The text 'Race Relations Act 1968' is written in bold red text,The front cover of a document. The text 'Race Relations Act 1968' is written in bold red text [1],GOOD,,,(missing) [1],,(missing) [1],,(missing) [1],,,true,576,1024,1,1,https://www.nationalarchives.gov.uk/explore-the-collection/explore-by-topic/migration-and-citizenship/coming-to-britain/
https://www.nationalarchives.gov.uk/media/images/hg-record-of-r.max-1024x1024.format-webp.webpquality-70.webp,A hand-written manuscript written in three paragraphs in black ink with annotations in the margins.,A hand-written manuscript written in three paragraphs in black ink with annotations in the margins. [1],GOOD,,,(missing) [1],,(missing) [1],,(missing) [1],,,true,773,1024,1,1,https://www.nationalarchives.gov.uk/explore-the-collection/explore-by-time-period/early-modern/william-shakespeare-life/
https://www.nationalarchives.gov.uk/media/images/hg-record-of-s_sE4TodK.max-1024x1024.format-webp.webpquality-70.webp,A hand-written manuscript written in black ink in one column.,A hand-written manuscript written in black ink in one column. [1],GOOD,,,(missing) [1],,(missing) [1],,(missing) [1],,,true,1024,768,1,1,https://www.nationalarchives.gov.uk/explore-the-collection/explore-by-time-period/early-modern/william-shakespeare-life/
https://www.nationalarchives.gov.uk/media/images/hg-record-of-s.max-1024x1024.format-webp.webpquality-70.webp,A hand-written manuscript written in black ink.,A hand-written manuscript written in black ink. [1],GOOD,,,(missing) [1],,(missing) [1],,(missing) [1],,,true,1024,448,1,1,https://www.nationalarchives.gov.uk/explore-the-collection/explore-by-time-period/early-modern/william-shakespeare-life/
https://www.nationalarchives.gov.uk/media/images/hg-recruiting-.max-1024x1024.format-webp.webpquality-70.webp,The front page of a folder titled 'Police Recruitment',The front page of a folder titled 'Police Recruitment' [1],GOOD,,,(missing) [1],,(missing) [1],,(missing) [1],,,true,1024,836,1,1,https://www.nationalarchives.gov.uk/explore-the-collection/explore-by-topic/crime-courts-and-justice/policing-and-prosecution/
https://www.nationalarchives.gov.uk/media/images/hg-referee-nat.max-1024x1024.format-webp.webpquality-70.webp,Official form with hand written additions.,Official form with hand written additions. [1],GOOD,,,(missing) [1],,(missing) [1],,(missing) [1],,,true,660,1024,1,1,https://www.nationalarchives.gov.uk/explore-the-collection/explore-by-topic/migration-and-citizenship/coming-to-britain/
https://www.nationalarchives.gov.uk/media/images/hg-refusal-nat.max-1024x1024.format-webp.webpquality-70.webp,A hand written letter on paper headed 'Metropolitan Police',A hand written letter on paper headed 'Metropolitan Police' [1],GOOD,,,(missing) [1],,(missing) [1],,(missing) [1],,,true,676,1024,1,1,https://www.nationalarchives.gov.uk/explore-the-collection/explore-by-topic/migration-and-citizenship/coming-to-britain/
https://www.nationalarchives.gov.uk/media/images/hg-registered-_CKZTrrN.max-1024x1024.format-webp.webpquality-70.webp,Detailed black and white sketches of two highly-decorated fireplaces.,Detailed black and white sketches of two highly-decorated fireplaces. [1],GOOD,,,(missing) [1],,(missing) [1],,(missing) [1],,,true,1024,720,1,1,https://www.nationalarchives.gov.uk/explore-the-collection/explore-by-time-period/victorians/victorian-ornamental-design/
https://www.nationalarchives.gov.uk/media/images/hg-registered-_EKWyFcC.max-1024x1024.format-webp.webpquality-70.webp,A diagram of a colourful striped necktie alongside a curled piece of metal.,A diagram of a colourful striped necktie alongside a curled piece of metal. [1],GOOD,,,(missing) [1],,(missing) [1],,(missing) [1],,,true,1024,690,1,1,https://www.nationalarchives.gov.uk/explore-the-collection/explore-by-time-period/victorians/victorian-bright-ideas/
https://www.nationalarchives.gov.uk/media/images/hg-registered-_iQ65wvK.max-1024x1024.format-webp.webpquality-70.webp,"A diagram of a rectangle of glass, evenly perforated with small holes.","A diagram of a rectangle of glass, evenly perforated with small holes. [1]",GOOD,,,(missing) [1],,(missing) [1],,(missing) [1],,,true,1024,600,1,1,https://www.nationalarchives.gov.uk/explore-the-collection/explore-by-time-period/victorians/victorian-bright-ideas/
https://www.nationalarchives.gov.uk/media/images/hg-registered-_iVt7QWo.max-1024x1024.format-webp.webpquality-70.webp,A diagram of the branch of a peach tree with a glass dome over one of the peaches.,A diagram of the branch of a peach tree with a glass dome over one of the peaches. [1],GOOD,,,(missing) [1],,(missing) [1],,(missing) [1],,,true,1024,640,1,1,https://www.nationalarchives.gov.uk/explore-the-collection/explore-by-time-period/victorians/victorian-bright-ideas/
https://www.nationalarchives.gov.uk/media/images/hg-registered-_RJeuwjM.max-1024x1024.format-webp.webpquality-70.webp,A diagram of a cross section of a boot-shaped object with a stopper in the top.,A diagram of a cross section of a boot-shaped object with a stopper in the top. [1],GOOD,,,(missing) [1],,(missing) [1],,(missing) [1],,,true,858,1024,1,1,https://www.nationalarchives.gov.uk/explore-the-collection/explore-by-time-period/victorians/victorian-bright-ideas/
https://www.nationalarchives.gov.uk/media/images/hg-registered-_s203X5F.max-1024x1024.format-webp.webpquality-70.webp,Orange and yellow chrysanthemum flowers facing upwards in alternate rows.,Orange and yellow chrysanthemum flowers facing upwards in alternate rows. [1],GOOD,,,(missing) [1],,(missing) [1],,(missing) [1],,,true,780,1024,1,1,https://www.nationalarchives.gov.uk/explore-the-collection/explore-by-time-period/victorians/victorian-ornamental-design/
https://www.nationalarchives.gov.uk/media/images/hg-registered-_T9knClp.max-1024x1024.format-webp.webpquality-70.webp,"Black and white sketch of an extremely detailed, ornate jug featuring a woman with two naked infants","Black and white sketch of an extremely detailed, ornate jug featuring a woman with two naked infants [1]",GOOD,,,(missing) [1],,(missing) [1],,(missing) [1],,,true,676,1024,1,1,https://www.nationalarchives.gov.uk/explore-the-collection/explore-by-time-period/victorians/victorian-ornamental-design/
https://www.nationalarchives.gov.uk/media/images/hg-registered-_zmQQMkt.max-1024x1024.format-webp.webpquality-70.webp,Four drawings of registered designs of women's clothing.,Four drawings of registered designs of women's clothing. [1],GOOD,,,(missing) [1],,(missing) [1],,(missing) [1],,,true,891,1024,1,1,https://www.nationalarchives.gov.uk/explore-the-collection/explore-by-time-period/victorians/victorian-fashion/
https://www.nationalarchives.gov.uk/media/images/hg-registered-.max-1024x1024.format-webp.webpquality-70.webp,"Fourteen small, rectangular patches of textiles showing very different colourful patterns.","Fourteen small, rectangular patches of textiles showing very different colourful patterns. [1]",GOOD,,,(missing) [1],,(missing) [1],,(missing) [1],,,true,702,1024,1,1,https://www.nationalarchives.gov.uk/explore-the-collection/explore-by-time-period/victorians/victorian-ornamental-design/
https://www.nationalarchives.gov.uk/media/images/hg-registered-design_Pr9bAAL.2e16d0ba.fill-600x400.format-jpeg.jpegquality-60.bgcolor-fff.jpg,"A diagram of a rectangle of glass, evenly perforated with small holes.","A diagram of a rectangle of glass, evenly perforated with small holes. [1]",GOOD,,,(missing) [1],,(missing) [1],,(missing) [1],,,true,600,400,1,1,https://www.nationalarchives.gov.uk/explore-the-collection/stories/registered-design-for-expanding-travelling-basket/
https://www.nationalarchives.gov.uk/media/images/hg-renunciatio.max-1024x1024.format-webp.webpquality-70.webp,Three paragraphs of text written across three areas of a rectangle-shaped document.,Three paragraphs of text written across three areas of a rectangle-shaped document. [1],GOOD,,,(missing) [1],,(missing) [1],,(missing) [1],,,true,1024,725,1,1,https://www.nationalarchives.gov.uk/explore-the-collection/explore-by-time-period/medieval/the-wars-of-the-roses/
https://www.nationalarchives.gov.uk/media/images/hg-report-of-w.max-1024x1024.format-webp.webpquality-70.webp,A page of cursive handwriting beginning 'May it please your Honor'.,A page of cursive handwriting beginning 'May it please your Honor'. [1],GOOD,,,(missing) [1],,(missing) [1],,(missing) [1],,,true,668,1024,1,1,https://www.nationalarchives.gov.uk/explore-the-collection/explore-by-time-period/early-modern/witchcraft/
https://www.nationalarchives.gov.uk/media/images/hg-richard-duk.max-1024x1024.format-webp.webpquality-70.webp,A handwritten document written in one paragraph from top to bottom of the page.,A handwritten document written in one paragraph from top to bottom of the page. [1],GOOD,,,(missing) [1],,(missing) [1],,(missing) [1],,,true,850,745,1,1,https://www.nationalarchives.gov.uk/explore-the-collection/explore-by-time-period/medieval/the-wars-of-the-roses/
https://www.nationalarchives.gov.uk/media/images/hg-road-safety_a5uR2jI.max-1024x1024.format-webp.webpquality-70.webp,An illustrated poster with a couple wearing brightly patterned helmets,An illustrated poster with a couple wearing brightly patterned helmets [1],GOOD,,,(missing) [1],,(missing) [1],,(missing) [1],,,true,800,329,1,1,https://www.nationalarchives.gov.uk/explore-the-collection/explore-by-topic/transport-and-travel/road-safety-campaigns/
https://www.nationalarchives.gov.uk/media/images/hg-road-safety_l9lbiqg.max-1024x1024.format-webp.webpquality-70.webp,Bold pink text on a black backround with a white stripe down the middle,Bold pink text on a black backround with a white stripe down the middle [1],GOOD,,,(missing) [1],,(missing) [1],,(missing) [1],,,true,680,1024,1,1,https://www.nationalarchives.gov.uk/explore-the-collection/explore-by-topic/transport-and-travel/road-safety-campaigns/
https://www.nationalarchives.gov.uk/media/images/hg-road-safety_o0JxmFL.max-1024x1024.format-webp.webpquality-70.webp,"An illustrated, handsome, muscular superhero says 'keep looking, keep listening, while you cross'.","An illustrated, handsome, muscular superhero says 'keep looking, keep listening, while you cross'. [1]",GOOD,,,(missing) [1],,(missing) [1],,(missing) [1],,,true,677,1024,1,1,https://www.nationalarchives.gov.uk/explore-the-collection/explore-by-topic/transport-and-travel/road-safety-campaigns/
https://www.nationalarchives.gov.uk/media/images/hg-road-safety.max-1024x1024.format-webp.webpquality-70.webp,An illustrated poster of the back of a cyclist riding in the dark,An illustrated poster of the back of a cyclist riding in the dark [1],GOOD,,,(missing) [1],,(missing) [1],,(missing) [1],,,true,767,1024,1,1,https://www.nationalarchives.gov.uk/explore-the-collection/explore-by-topic/transport-and-travel/road-safety-campaigns/
https://www.nationalarchives.gov.uk/media/images/hg-royal-procl.max-1024x1024.format-webp.webpquality-70.webp,A handwritten document written in one paragraph from top to bottom of the page.,A handwritten document written in one paragraph from top to bottom of the page. [1],GOOD,,,(missing) [1],,(missing) [1],,(missing) [1],,,true,749,1024,1,1,https://www.nationalarchives.gov.uk/explore-the-collection/explore-by-time-period/medieval/the-wars-of-the-roses/
https://www.nationalarchives.gov.uk/media/images/hg-royal-warra.max-1024x1024.format-webp.webpquality-70.webp,"A pile of handwritten documents, one marked 'The original VC Warrant'.","A pile of handwritten documents, one marked 'The original VC Warrant'. [1]",GOOD,,,(missing) [1],,(missing) [1],,(missing) [1],,,true,1024,824,1,1,https://www.nationalarchives.gov.uk/explore-the-collection/explore-by-time-period/victorians/the-crimean-war/
https://www.nationalarchives.gov.uk/media/images/hg-service-rec_l0S5ddx.max-1024x1024.format-webp.webpquality-70.webp,A printed form completed in pen and signed by Battersby and his recruiter.,A printed form completed in pen and signed by Battersby and his recruiter. [1],GOOD,,,(missing) [1],,(missing) [1],,(missing) [1],,,true,653,1024,1,1,https://www.nationalarchives.gov.uk/explore-the-collection/explore-by-time-period/early-20th-century/lives-on-the-front/
https://www.nationalarchives.gov.uk/media/images/hg-service-rec_XGmygBO.max-1024x1024.format-webp.webpquality-70.webp,A printed form with rows of details about Priestley's promotions and movements.,A printed form with rows of details about Priestley's promotions and movements. [1],GOOD,,,(missing) [1],,(missing) [1],,(missing) [1],,,true,1024,824,1,1,https://www.nationalarchives.gov.uk/explore-the-collection/explore-by-time-period/early-20th-century/lives-on-the-front/
https://www.nationalarchives.gov.uk/media/images/hg-shakespeare.max-1024x1024.format-webp.webpquality-70.webp,A hand-written manuscript written in black ink in one block paragraph filling the whole page.,A hand-written manuscript written in black ink in one block paragraph filling the whole page. [1],GOOD,,,(missing) [1],,(missing) [1],,(missing) [1],,,true,784,1024,1,1,https://www.nationalarchives.gov.uk/explore-the-collection/explore-by-time-period/early-modern/william-shakespeare-life/
https://www.nationalarchives.gov.uk/media/images/hg-signatures-.max-1024x1024.format-webp.webpquality-70.webp,Two columns of signatures,Two columns of signatures [1],GOOD,,,(missing) [1],,(missing) [1],,(missing) [1],,,true,785,1024,1,1,https://www.nationalarchives.gov.uk/explore-the-collection/explore-by-time-period/early-modern/the-dissolution-of-the-monasteries/
https://www.nationalarchives.gov.uk/media/images/hg-spanish-war.max-1024x1024.format-webp.webpquality-70.webp,Printed page with a red border and two colourful crests and the heading 'Dn Bernardo de Galvez'.,Printed page with a red border and two colourful crests and the heading 'Dn Bernardo de Galvez'. [1],GOOD,,,(missing) [1],,(missing) [1],,(missing) [1],,,true,1024,671,1,1,https://www.nationalarchives.gov.uk/explore-the-collection/explore-by-time-period/georgians/native-americans-18th-century/
https://www.nationalarchives.gov.uk/media/images/hg-spanish-warrant-t_Id4asoo.3cbf0757.fill-600x400.format-jpeg.jpegquality-60.bgcolor-fff.jpg,Printed page with a red border and two colourful crests and the heading 'Dn Bernardo de Galvez'.,Printed page with a red border and two colourful crests and the heading 'Dn Bernardo de Galvez'. [1],GOOD,,,(missing) [1],,(missing) [1],,(missing) [1],,,true,600,400,1,1,https://www.nationalarchives.gov.uk/explore-the-collection/explore-by-time-period/georgians/
https://www.nationalarchives.gov.uk/media/images/hg-st-Pauls-ca.max-1024x1024.format-webp.webpquality-70.webp,An illustrated side-on view of the dome of St Paul's Cathedral,An illustrated side-on view of the dome of St Paul's Cathedral [1],GOOD,,,(missing) [1],,(missing) [1],,(missing) [1],,,true,1024,744,1,1,https://www.nationalarchives.gov.uk/explore-the-collection/explore-by-topic/land-and-buildings/architecture/
https://www.nationalarchives.gov.uk/media/images/hg-suez-canal-.max-1024x1024.format-webp.webpquality-70.webp,A painted view down the Suez Canal from the perspective of the crew of a ship,A painted view down the Suez Canal from the perspective of the crew of a ship [1],GOOD,,,(missing) [1],,(missing) [1],,(missing) [1],,,true,1024,687,1,1,https://www.nationalarchives.gov.uk/explore-the-collection/explore-by-time-period/interwar/empire-marketing-board-posters/
https://www.nationalarchives.gov.uk/media/images/hg-surrender-b.max-1024x1024.format-webp.webpquality-70.webp,An impressive handwritten document with a large red wax seal hanging off the bottom,An impressive handwritten document with a large red wax seal hanging off the bottom [1],GOOD,,,(missing) [1],,(missing) [1],,(missing) [1],,,true,863,1024,1,1,https://www.nationalarchives.gov.uk/explore-the-collection/explore-by-time-period/early-modern/the-dissolution-of-the-monasteries/
https://www.nationalarchives.gov.uk/media/images/hg-tax-records.max-1024x1024.format-webp.webpquality-70.webp,A hand-written list manuscript written in black ink.,A hand-written list manuscript written in black ink. [1],GOOD,,,(missing) [1],,(missing) [1],,(missing) [1],,,true,1024,768,1,1,https://www.nationalarchives.gov.uk/explore-the-collection/explore-by-time-period/early-modern/william-shakespeare-life/
https://www.nationalarchives.gov.uk/media/images/hg-textile-des_7EvtLEZ.max-1024x1024.format-webp.webpquality-70.webp,A red textile with yellow and green details including dancing women and a bird.,A red textile with yellow and green details including dancing women and a bird. [1],GOOD,,,(missing) [1],,(missing) [1],,(missing) [1],,,true,702,1024,1,1,https://www.nationalarchives.gov.uk/explore-the-collection/explore-by-time-period/early-20th-century/edwardian-textile-designs/
https://www.nationalarchives.gov.uk/media/images/hg-textile-des_zaFJNFp.max-1024x1024.format-webp.webpquality-70.webp,A white textile with two red and green stripes along with black dots in between.,A white textile with two red and green stripes along with black dots in between. [1],GOOD,,,(missing) [1],,(missing) [1],,(missing) [1],,,true,1024,762,1,1,https://www.nationalarchives.gov.uk/explore-the-collection/explore-by-time-period/early-20th-century/edwardian-textile-designs/
https://www.nationalarchives.gov.uk/media/images/hg-textile-des_zNtGIPc.max-1024x1024.format-webp.webpquality-70.webp,A black textile with a red cross like shape with circles and waves.,A black textile with a red cross like shape with circles and waves. [1],GOOD,,,(missing) [1],,(missing) [1],,(missing) [1],,,true,1024,750,1,1,https://www.nationalarchives.gov.uk/explore-the-collection/explore-by-time-period/early-20th-century/edwardian-textile-designs/
https://www.nationalarchives.gov.uk/media/images/hg-textile-des.max-1024x1024.format-webp.webpquality-70.webp,A blue and white striped textile.,A blue and white striped textile. [1],GOOD,,,(missing) [1],,(missing) [1],,(missing) [1],,,true,1024,794,1,1,https://www.nationalarchives.gov.uk/explore-the-collection/explore-by-time-period/early-20th-century/edwardian-textile-designs/
https://www.nationalarchives.gov.uk/media/images/hg-textile-design-r_xVDcu60.addcc748.fill-1800x720.format-jpeg.jpegquality-60.bgcolor-fff.jpg,A white textile with two red and green stripes along with black dots in between.,A white textile with two red and green stripes along with black dots in between. [1],GOOD,,,(missing) [1],,(missing) [1],,(missing) [1],,,true,1200,480,1,1,https://www.nationalarchives.gov.uk/explore-the-collection/explore-by-topic/arts-and-culture/
https://www.nationalarchives.gov.uk/media/images/hg-thames-by-h.max-1024x1024.format-webp.webpquality-70.webp,"A woman sits on a chair with children either side of her, looking across a river by a large bridge..","A woman sits on a chair with children either side of her, looking across a river by a large bridge.. [1]",GOOD,,,(missing) [1],,(missing) [1],,(missing) [1],,,true,1024,747,1,1,https://www.nationalarchives.gov.uk/explore-the-collection/explore-by-time-period/postwar/the-festival-of-britain-1951/
https://www.nationalarchives.gov.uk/media/images/hg-thatcher-le.max-1024x1024.format-webp.webpquality-70.webp,Printed letter on '10 Downing Street' headed paper with the word 'RESTRICTED' prominent.,Printed letter on '10 Downing Street' headed paper with the word 'RESTRICTED' prominent. [1],GOOD,,,(missing) [1],,(missing) [1],,(missing) [1],,,true,726,1024,1,1,https://www.nationalarchives.gov.uk/explore-the-collection/explore-by-topic/health-and-welfare/public-health-campaigns/
https://www.nationalarchives.gov.uk/media/images/hg-the-beechin.max-1024x1024.format-webp.webpquality-70.webp,The cover of a report. It's blue and titled 'Part 1: Report. Her Majesty's Stationary Office'.,The cover of a report. It's blue and titled 'Part 1: Report. Her Majesty's Stationary Office'. [1],GOOD,,,(missing) [1],,(missing) [1],,(missing) [1],,,true,662,1024,1,1,https://www.nationalarchives.gov.uk/explore-the-collection/explore-by-topic/transport-and-travel/railways/
https://www.nationalarchives.gov.uk/media/images/hg-the-clay-mi.max-1024x1024.format-webp.webpquality-70.webp,"Two men working in a farm field with their back to the camera, a horse standing besides them.","Two men working in a farm field with their back to the camera, a horse standing besides them. [1]",GOOD,,,(missing) [1],,(missing) [1],,(missing) [1],,,true,1024,696,1,1,https://www.nationalarchives.gov.uk/explore-the-collection/explore-by-time-period/victorians/peter-henry-emerson-rural-photography/
https://www.nationalarchives.gov.uk/media/images/hg-the-killen-.max-1024x1024.format-webp.webpquality-70.webp,A photograph of an early tank moving a fast speed over a bump with people inside.,A photograph of an early tank moving a fast speed over a bump with people inside. [1],GOOD,,,(missing) [1],,(missing) [1],,(missing) [1],,,true,1024,763,1,1,https://www.nationalarchives.gov.uk/explore-the-collection/explore-by-time-period/early-20th-century/technology-first-world-war/
https://www.nationalarchives.gov.uk/media/images/hg-the-mangrov.max-1024x1024.format-webp.webpquality-70.webp,Seven people bent over working in a farm field alongside two horse and cart.,Seven people bent over working in a farm field alongside two horse and cart. [1],GOOD,,,(missing) [1],,(missing) [1],,(missing) [1],,,true,1024,568,1,1,https://www.nationalarchives.gov.uk/explore-the-collection/explore-by-time-period/victorians/peter-henry-emerson-rural-photography/
https://www.nationalarchives.gov.uk/media/images/hg-the-quintin.max-1024x1024.format-webp.webpquality-70.webp,A completed 'Railway accident' form signed by an employee of the Caledonian Railway.,A completed 'Railway accident' form signed by an employee of the Caledonian Railway. [1],GOOD,,,(missing) [1],,(missing) [1],,(missing) [1],,,true,653,1024,1,1,https://www.nationalarchives.gov.uk/explore-the-collection/explore-by-topic/transport-and-travel/railways/
https://www.nationalarchives.gov.uk/media/images/hg-the-statute.max-1024x1024.format-webp.webpquality-70.webp,"A handwritten document, damaged in parts, full of text.","A handwritten document, damaged in parts, full of text. [1]",GOOD,,,(missing) [1],,(missing) [1],,(missing) [1],,,true,580,1024,1,1,https://www.nationalarchives.gov.uk/explore-the-collection/explore-by-time-period/early-modern/plague/
https://www.nationalarchives.gov.uk/media/images/hg-the-west-en.max-1024x1024.format-webp.webpquality-70.webp,18 drawings of men wearing different outfits.,18 drawings of men wearing different outfits. [1],GOOD,,,(missing) [1],,(missing) [1],,(missing) [1],,,true,1024,686,1,1,https://www.nationalarchives.gov.uk/explore-the-collection/explore-by-time-period/victorians/victorian-fashion/
https://www.nationalarchives.gov.uk/media/images/hg-theft-world.max-1024x1024.format-webp.webpquality-70.webp,Photograph of the World Cup partially wrapped in newspaper,Photograph of the World Cup partially wrapped in newspaper [1],GOOD,,,(missing) [1],,(missing) [1],,(missing) [1],,,true,800,878,1,1,https://www.nationalarchives.gov.uk/explore-the-collection/explore-by-topic/crime-courts-and-justice/policing-and-prosecution/
https://www.nationalarchives.gov.uk/media/images/hg-tom-jones-s.max-1024x1024.format-webp.webpquality-70.webp,A red curtain hangs between colourful poles above the Festival logo and a description of the event.,A red curtain hangs between colourful poles above the Festival logo and a description of the event. [1],GOOD,,,(missing) [1],,(missing) [1],,(missing) [1],,,true,680,1024,1,1,https://www.nationalarchives.gov.uk/explore-the-collection/explore-by-time-period/postwar/the-festival-of-britain-1951/
https://www.nationalarchives.gov.uk/media/images/hg-trade-goods.max-1024x1024.format-webp.webpquality-70.webp,"Two handwritten pages, one a letter and the other a list of items and costs.","Two handwritten pages, one a letter and the other a list of items and costs. [1]",GOOD,,,(missing) [1],,(missing) [1],,(missing) [1],,,true,1024,715,1,1,https://www.nationalarchives.gov.uk/explore-the-collection/explore-by-time-period/georgians/native-americans-18th-century/
https://www.nationalarchives.gov.uk/media/images/hg-travelling-.max-1024x1024.format-webp.webpquality-70.webp,"Labelled diagram of a blue case open, with many folding compartments, and closed.","Labelled diagram of a blue case open, with many folding compartments, and closed. [1]",GOOD,,,(missing) [1],,(missing) [1],,(missing) [1],,,true,614,1024,1,1,https://www.nationalarchives.gov.uk/explore-the-collection/explore-by-time-period/victorians/victorian-bright-ideas/
https://www.nationalarchives.gov.uk/media/images/hg-tuberculosi.max-1024x1024.format-webp.webpquality-70.webp,Sketches of a doctor talking to a patient sit around large amounts of blue text.,Sketches of a doctor talking to a patient sit around large amounts of blue text. [1],GOOD,,,(missing) [1],,(missing) [1],,(missing) [1],,,true,1024,679,1,1,https://www.nationalarchives.gov.uk/explore-the-collection/explore-by-topic/health-and-welfare/public-health-campaigns/
https://www.nationalarchives.gov.uk/media/images/hg-us-declarat.max-1024x1024.format-webp.webpquality-70.webp,A printed copy of a dense piece of text that fills the page. At the top the words 'A Declaration',A printed copy of a dense piece of text that fills the page. At the top the words 'A Declaration' [1],GOOD,,,(missing) [1],,(missing) [1],,(missing) [1],,,true,770,1024,1,1,https://www.nationalarchives.gov.uk/explore-the-collection/explore-by-topic/crime-courts-and-justice/treason/
https://www.nationalarchives.gov.uk/media/images/hg-ventilating.max-1024x1024.format-webp.webpquality-70.webp,Text sits beside a sketched front and bottom-up view of a top hat with a small hole near the top.,Text sits beside a sketched front and bottom-up view of a top hat with a small hole near the top. [1],GOOD,,,(missing) [1],,(missing) [1],,(missing) [1],,,true,1024,698,1,1,https://www.nationalarchives.gov.uk/explore-the-collection/explore-by-time-period/victorians/top-hats/
https://www.nationalarchives.gov.uk/media/images/hg-victory-log.max-1024x1024.format-webp.webpquality-70.webp,A hand written page of text titled 'Remarks for Victory',A hand written page of text titled 'Remarks for Victory' [1],GOOD,,,(missing) [1],,(missing) [1],,(missing) [1],,,true,651,1024,1,1,https://www.nationalarchives.gov.uk/explore-the-collection/explore-by-time-period/georgians/the-life-and-career-of-horatio-nelson/
https://www.nationalarchives.gov.uk/media/images/hg-white-star-.max-1024x1024.format-webp.webpquality-70.webp,"Poster with all the dates in January in a table and a large painting of a steamship, and many fonts.","Poster with all the dates in January in a table and a large painting of a steamship, and many fonts. [1]",GOOD,,,(missing) [1],,(missing) [1],,(missing) [1],,,true,753,1024,1,1,https://www.nationalarchives.gov.uk/explore-the-collection/explore-by-time-period/victorians/age-of-mass-migration/
https://www.nationalarchives.gov.uk/media/images/hg-winston-chu.max-1024x1024.format-webp.webpquality-70.webp,A typed version of Winston Churchill's iron curtain speech across two pages.,A typed version of Winston Churchill's iron curtain speech across two pages. [1],GOOD,,,(missing) [1],,(missing) [1],,(missing) [1],,,true,1024,790,1,1,https://www.nationalarchives.gov.uk/explore-the-collection/explore-by-time-period/postwar/the-cold-war/
https://www.nationalarchives.gov.uk/media/images/hg-women-in-gu.max-1024x1024.format-webp.webpquality-70.webp,Two women wearing military caps looking into barreled equipment.,Two women wearing military caps looking into barreled equipment. [1],GOOD,,,(missing) [1],,(missing) [1],,(missing) [1],,,true,957,1024,1,1,https://www.nationalarchives.gov.uk/explore-the-collection/explore-by-time-period/second-world-war/women-and-the-second-world-war/
https://www.nationalarchives.gov.uk/media/images/hg-womens-land.max-1024x1024.format-webp.webpquality-70.webp,A dark arm band with a red insignia of a crown and the letters WLA,A dark arm band with a red insignia of a crown and the letters WLA [1],GOOD,,,(missing) [1],,(missing) [1],,(missing) [1],,,true,1024,258,1,1,https://www.nationalarchives.gov.uk/explore-the-collection/explore-by-time-period/early-20th-century/women-first-world-war/
https://www.nationalarchives.gov.uk/media/images/hg-womens-suff.max-1024x1024.format-webp.webpquality-70.webp,Map of England and Wales almost like a rail network plan showing stops on routes leading to London.,Map of England and Wales almost like a rail network plan showing stops on routes leading to London. [1],GOOD,,,(missing) [1],,(missing) [1],,(missing) [1],,,true,760,1024,1,1,https://www.nationalarchives.gov.uk/explore-the-collection/explore-by-topic/democracy-and-protest/protest-20th-century/
https://www.nationalarchives.gov.uk/media/images/hg-your-new-nh.max-1024x1024.format-webp.webpquality-70.webp,A leaflet titled 'Your new national health service' suggesting users to 'Choose your doctor now',A leaflet titled 'Your new national health service' suggesting users to 'Choose your doctor now' [1],GOOD,,,(missing) [1],,(missing) [1],,(missing) [1],,,true,814,1024,1,1,https://www.nationalarchives.gov.uk/explore-the-collection/explore-by-topic/health-and-welfare/nhs-posters-and-leaflets/
https://www.nationalarchives.gov.uk/media/images/hgittle-domesd.max-1024x1024.format-webp.webpquality-70.webp,A medieval document with a single column of writing,A medieval document with a single column of writing [1],GOOD,,,(missing) [1],,(missing) [1],,(missing) [1],,,true,718,1024,1,1,https://www.nationalarchives.gov.uk/explore-the-collection/explore-by-time-period/medieval/domesday/
https://www.nationalarchives.gov.uk/media/images/home-office-in_bJFVcJP.max-1024x1024.format-webp.webpquality-70.webp,"The word 'Unknown' above the date '22/5/14', repeated three times.","The word 'Unknown' above the date '22/5/14', repeated three times. [1]",GOOD,,,(missing) [1],,(missing) [1],,(missing) [1],,,true,800,678,1,1,https://www.nationalarchives.gov.uk/explore-the-collection/stories/list-of-suffragettes-arrested-from-1906-1914/
https://www.nationalarchives.gov.uk/media/images/home-office-in_iSSawd5.max-1024x1024.format-webp.webpquality-70.webp,"Close-up showing the name 'Warton, Jane' above ‘Liverpool’ and the date ‘15/1/10’.","Close-up showing the name 'Warton, Jane' above ‘Liverpool’ and the date ‘15/1/10’. [1]",GOOD,,,(missing) [1],,(missing) [1],,(missing) [1],,,true,800,251,1,1,https://www.nationalarchives.gov.uk/explore-the-collection/stories/list-of-suffragettes-arrested-from-1906-1914/
https://www.nationalarchives.gov.uk/media/images/home-office-in.max-1024x1024.format-webp.webpquality-70.webp,"Close-up showing the name 'Lansbury, George' above three dates.","Close-up showing the name 'Lansbury, George' above three dates. [1]",GOOD,,,(missing) [1],,(missing) [1],,(missing) [1],,,true,800,229,1,1,https://www.nationalarchives.gov.uk/explore-the-collection/stories/list-of-suffragettes-arrested-from-1906-1914/
https://www.nationalarchives.gov.uk/media/images/hp-advertiseme.max-1024x1024.format-webp.webpquality-70.webp,An advertisement for 'Andersons' Waterproofs' showing 4 women and a child alongside view of Chicago.,An advertisement for 'Andersons' Waterproofs' showing 4 women and a child alongside view of Chicago. [1],GOOD,,,(missing) [1],,(missing) [1],,(missing) [1],,,true,1024,763,1,1,https://www.nationalarchives.gov.uk/explore-the-collection/explore-by-time-period/victorians/victorian-fashion/
https://www.nationalarchives.gov.uk/media/images/hp-membership-.max-1024x1024.format-webp.webpquality-70.webp,A membership card for the Men's Political Union for Women's Enfranchisement.,A membership card for the Men's Political Union for Women's Enfranchisement. [1],GOOD,,,(missing) [1],,(missing) [1],,(missing) [1],,,true,670,1024,1,1,https://www.nationalarchives.gov.uk/explore-the-collection/explore-by-topic/democracy-and-protest/womens-suffrage/
https://www.nationalarchives.gov.uk/media/images/hp-national-so.max-1024x1024.format-webp.webpquality-70.webp,An address written on paper.,An address written on paper. [1],GOOD,,,(missing) [1],,(missing) [1],,(missing) [1],,,true,605,1024,1,1,https://www.nationalarchives.gov.uk/explore-the-collection/explore-by-topic/democracy-and-protest/womens-suffrage/
https://www.nationalarchives.gov.uk/media/images/hp-representat.max-1024x1024.format-webp.webpquality-70.webp,A front cover for 'An Act' document with red binding.,A front cover for 'An Act' document with red binding. [1],GOOD,,,(missing) [1],,(missing) [1],,(missing) [1],,,true,651,1024,1,1,https://www.nationalarchives.gov.uk/explore-the-collection/explore-by-topic/democracy-and-protest/womens-suffrage/
https://www.nationalarchives.gov.uk/media/images/hp-representation-of_RkKtpI9.62726d97.fill-600x400.format-jpeg.jpegquality-60.bgcolor-fff.jpg,A front cover for 'An Act' document with red binding.,A front cover for 'An Act' document with red binding. [1],GOOD,,,(missing) [1],,(missing) [1],,(missing) [1],,,true,600,400,1,1,https://www.nationalarchives.gov.uk/explore-the-collection/stories/list-of-suffragettes-arrested-from-1906-1914/
https://www.nationalarchives.gov.uk/media/images/hp-squander-bu.max-1024x1024.format-webp.webpquality-70.webp,A cartoon across four panels of a woman being encouraged to shop by a animal.,A cartoon across four panels of a woman being encouraged to shop by a animal. [1],GOOD,,,(missing) [1],,(missing) [1],,(missing) [1],,,true,763,1024,1,1,https://www.nationalarchives.gov.uk/explore-the-collection/explore-by-time-period/second-world-war/second-world-war-propaganda-posters/
https://www.nationalarchives.gov.uk/media/images/hp-suffrage-ce.max-1024x1024.format-webp.webpquality-70.webp,"A piece of paper with columns titled 'No votes for women, no census'.","A piece of paper with columns titled 'No votes for women, no census'. [1]",GOOD,,,(missing) [1],,(missing) [1],,(missing) [1],,,true,1024,616,1,1,https://www.nationalarchives.gov.uk/explore-the-collection/explore-by-topic/democracy-and-protest/womens-suffrage/
https://www.nationalarchives.gov.uk/media/images/hp-suffrage-census-p_r3UGGv6.d9173f3d.fill-600x400.format-jpeg.jpegquality-60.bgcolor-fff.jpg,"A piece of paper with columns titled 'No votes for women, no census'.","A piece of paper with columns titled 'No votes for women, no census'. [1]",GOOD,,,(missing) [1],,(missing) [1],,(missing) [1],,,true,600,400,1,1,https://www.nationalarchives.gov.uk/explore-the-collection/stories/list-of-suffragettes-arrested-from-1906-1914/
https://www.nationalarchives.gov.uk/media/images/hp-the-new-uni.max-1024x1024.format-webp.webpquality-70.webp,A bearded man drawn from behind and the front wearing a white sleeveless shirt.,A bearded man drawn from behind and the front wearing a white sleeveless shirt. [1],GOOD,,,(missing) [1],,(missing) [1],,(missing) [1],,,true,727,1024,1,1,https://www.nationalarchives.gov.uk/explore-the-collection/explore-by-time-period/victorians/victorian-fashion/
https://www.nationalarchives.gov.uk/media/images/hp-women-of-Br.max-1024x1024.format-webp.webpquality-70.webp,A woman stands in front of a factory with her arms outstretched as planes fly over her.,A woman stands in front of a factory with her arms outstretched as planes fly over her. [1],GOOD,,,(missing) [1],,(missing) [1],,(missing) [1],,,true,682,1024,1,1,https://www.nationalarchives.gov.uk/explore-the-collection/explore-by-time-period/second-world-war/second-world-war-propaganda-posters/
https://www.nationalarchives.gov.uk/media/images/Image_kudGT0p.max-900x900.format-jpeg.jpegquality-60.bgcolor-fff.jpg,"The front of a large passenger ship, packed with waving people.","The front of a large passenger ship, packed with waving people. [1]",GOOD,,,(missing) [1],,(missing) [1],,(missing) [1],,,true,643,900,1,1,https://www.nationalarchives.gov.uk/explore-the-collection/stories/ivor-cummings/
https://www.nationalarchives.gov.uk/media/images/Imper_YTr0BNu.max-900x900.format-jpeg.jpegquality-60.bgcolor-fff.jpg,A newspaper clipping showing a photograph of a large group of strikers holding packards.,A newspaper clipping showing a photograph of a large group of strikers holding packards. [1],GOOD,,,(missing) [1],,(missing) [1],,(missing) [1],,,true,900,597,1,1,https://www.nationalarchives.gov.uk/explore-the-collection/stories/the-imperial-typewriters-dispute/
https://www.nationalarchives.gov.uk/media/images/Imperial-typewriters-d.57856944.fill-1800x720.format-jpeg.jpegquality-60.bgcolor-fff.jpg,A newspaper clipping showing a photograph of a large group of strikers holding packards.,A newspaper clipping showing a photograph of a large group of strikers holding packards. [1],GOOD,,,(missing) [1],,(missing) [1],,(missing) [1],,,true,1200,481,1,1,https://www.nationalarchives.gov.uk/explore-the-collection/stories/the-imperial-typewriters-dispute/
https://www.nationalarchives.gov.uk/media/images/Insaa_7wPkaOR.max-900x900.format-jpeg.jpegquality-60.bgcolor-fff.jpg,Film poster with illustrations of characters in purple and red,Film poster with illustrations of characters in purple and red [1],GOOD,,,(missing) [1],,(missing) [1],,(missing) [1],,,true,679,900,1,1,https://www.nationalarchives.gov.uk/explore-the-collection/stories/insaaf/
https://www.nationalarchives.gov.uk/media/images/Insaa_nSL0Sat.max-900x900.format-jpeg.jpegquality-60.bgcolor-fff.jpg,A typed form records details of the film Insaaf including number of reels and type of negative,A typed form records details of the film Insaaf including number of reels and type of negative [1],GOOD,,,(missing) [1],,(missing) [1],,(missing) [1],,,true,900,767,1,1,https://www.nationalarchives.gov.uk/explore-the-collection/stories/insaaf/
https://www.nationalarchives.gov.uk/media/images/Insaa.2e16d0ba.fill-600x400.format-jpeg.jpegquality-60.bgcolor-fff.jpg,A still from Insaaf. A South-Asian family sit in a theatre watching the stage,A still from Insaaf. A South-Asian family sit in a theatre watching the stage [1],GOOD,,,(missing) [1],,(missing) [1],,(missing) [1],,,true,600,400,1,1,https://www.nationalarchives.gov.uk/explore-the-collection/stories/insaaf/
https://www.nationalarchives.gov.uk/media/images/insaa.max-900x900.format-jpeg.jpegquality-60.bgcolor-fff.jpg,A  leaflet featuring stills from the film Insaaf and headshots of the characters,A  leaflet featuring stills from the film Insaaf and headshots of the characters [1],GOOD,,,(missing) [1],,(missing) [1],,(missing) [1],,,true,900,637,1,1,https://www.nationalarchives.gov.uk/explore-the-collection/stories/insaaf/
https://www.nationalarchives.gov.uk/media/images/ivor-_ecHDbLh.max-900x900.format-jpeg.jpegquality-60.bgcolor-fff.jpg,Form headed 'Strictly Confidential' describing three residents.,Form headed 'Strictly Confidential' describing three residents. [1],GOOD,,,(missing) [1],,(missing) [1],,(missing) [1],,,true,900,371,1,1,https://www.nationalarchives.gov.uk/explore-the-collection/stories/ivor-cummings/
https://www.nationalarchives.gov.uk/media/images/ivor-_foM45Vv.max-900x900.format-jpeg.jpegquality-60.bgcolor-fff.jpg,Typewritten letter signed by Ivor Cummings.,Typewritten letter signed by Ivor Cummings. [1],GOOD,,,(missing) [1],,(missing) [1],,(missing) [1],,,true,,,1,1,https://www.nationalarchives.gov.uk/explore-the-collection/stories/ivor-cummings/
https://www.nationalarchives.gov.uk/media/images/ivor-_HmPMmMx.max-900x900.format-jpeg.jpegquality-60.bgcolor-fff.jpg,A typewritten speech on green paper.,A typewritten speech on green paper. [1],GOOD,,,(missing) [1],,(missing) [1],,(missing) [1],,,true,,,1,1,https://www.nationalarchives.gov.uk/explore-the-collection/stories/ivor-cummings/
https://www.nationalarchives.gov.uk/media/images/ivor-_xfs02qq.max-900x900.format-jpeg.jpegquality-60.bgcolor-fff.jpg,"Purple, typewritten notes under the heading 'Allocation of duties'.","Purple, typewritten notes under the heading 'Allocation of duties'. [1]",GOOD,,,(missing) [1],,(missing) [1],,(missing) [1],,,true,,,1,1,https://www.nationalarchives.gov.uk/explore-the-collection/stories/ivor-cummings/
https://www.nationalarchives.gov.uk/media/images/john__A3FwUTf.max-900x900.format-jpeg.jpegquality-60.bgcolor-fff.jpg,Handwritten manuscript in Latin,Handwritten manuscript in Latin [1],GOOD,,,(missing) [1],,(missing) [1],,(missing) [1],,,true,,,1,1,https://www.nationalarchives.gov.uk/explore-the-collection/stories/richard-iii/
https://www.nationalarchives.gov.uk/media/images/john-blanke-re_NzBYX47.max-1024x1024.format-webp.webpquality-70.webp,Faint lines spelling 'Henry' in capital letters.,Faint lines spelling 'Henry' in capital letters. [1],GOOD,,,(missing) [1],,(missing) [1],,(missing) [1],,,true,1000,501,1,1,https://www.nationalarchives.gov.uk/explore-the-collection/stories/john-blanke-petition-for-pay-rise/
https://www.nationalarchives.gov.uk/media/images/john-blanke-re_tHKO8Ro.max-1024x1024.format-webp.webpquality-70.webp,Grey parchment with nine lines of handwritten old English in ink.,Grey parchment with nine lines of handwritten old English in ink. [1],GOOD,,,(missing) [1],,(missing) [1],,(missing) [1],,,true,1000,423,1,1,https://www.nationalarchives.gov.uk/explore-the-collection/stories/john-blanke-petition-for-pay-rise/
https://www.nationalarchives.gov.uk/media/images/john-blanke-re.max-1024x1024.format-webp.webpquality-70.webp,Grey parchment with nine lines of handwritten old English in ink beside a faint signature.,Grey parchment with nine lines of handwritten old English in ink beside a faint signature. [1],GOOD,,,(missing) [1],,(missing) [1],,(missing) [1],,,true,1024,347,1,1,https://www.nationalarchives.gov.uk/explore-the-collection/stories/john-blanke-petition-for-pay-rise/
https://www.nationalarchives.gov.uk/media/images/john-blanke-reques.width-400.format-webp.webpquality-70.webp,Grey parchment with nine lines of handwritten old English in ink beside a faint signature.,Grey parchment with nine lines of handwritten old English in ink beside a faint signature. [1],GOOD,,,(missing) [1],,(missing) [1],,(missing) [1],,,true,400,135,1,1,https://www.nationalarchives.gov.uk/explore-the-collection/stories/john-blanke-petition-for-pay-rise/
https://www.nationalarchives.gov.uk/media/images/katherine-howard-.2e16d0ba.fill-600x400.format-jpeg.jpegquality-60.bgcolor-fff.jpg,Close up on Katherine's sign off message,Close up on Katherine's sign off message [1],GOOD,,,(missing) [1],,(missing) [1],,(missing) [1],,,true,600,400,1,1,https://www.nationalarchives.gov.uk/explore-the-collection/stories/
https://www.nationalarchives.gov.uk/media/images/kings-bench-plea-ro_3TK7Xsi.f1c93cd1.fill-1800x720.format-jpeg.jpegquality-60.bgcolor-fff.jpg,"Red and white and illustration of the young, clean-shaven King Henry VIII sat on a throne with a gilded orb, sceptre and crown, surrounded by a border of tree branches and monsters.","Red and white and illustration of the young, clean-shaven King Henry VIII sat on a throne with a gilded orb, sceptre and crown, surrounded by a border of tree branches and monsters. [1]",GOOD,,,(missing) [1],,(missing) [1],,(missing) [1],,,true,1800,720,1,1,https://www.nationalarchives.gov.uk/explore-the-collection/explore-by-topic/crime-courts-and-justice/
https://www.nationalarchives.gov.uk/media/images/lette_rZo8Op8.max-900x900.format-jpeg.jpegquality-60.bgcolor-fff.jpg,A handwritten letter dated February 1932 to the Commissioner of Police,A handwritten letter dated February 1932 to the Commissioner of Police [1],GOOD,,,(missing) [1],,(missing) [1],,(missing) [1],,,true,,,1,1,https://www.nationalarchives.gov.uk/explore-the-collection/stories/nancy-cunard/
https://www.nationalarchives.gov.uk/media/images/list-of-suffra_Re3mPuw.max-1024x1024.format-webp.webpquality-70.webp,Full page listing names against dates in two columns.,Full page listing names against dates in two columns. [1],GOOD,,,(missing) [1],,(missing) [1],,(missing) [1],,,true,682,1024,1,1,https://www.nationalarchives.gov.uk/explore-the-collection/stories/list-of-suffragettes-arrested-from-1906-1914/
https://www.nationalarchives.gov.uk/media/images/list-of-suffra.max-1024x1024.format-webp.webpquality-70.webp,"Frayed cover of a book, with its title written in large capital letters.","Frayed cover of a book, with its title written in large capital letters. [1]",GOOD,,,(missing) [1],,(missing) [1],,(missing) [1],,,true,648,1024,1,1,https://www.nationalarchives.gov.uk/explore-the-collection/stories/list-of-suffragettes-arrested-from-1906-1914/
https://www.nationalarchives.gov.uk/media/images/list-of-suffragett.width-400.format-webp.webpquality-70.webp,Full page listing names against dates in two columns.,Full page listing names against dates in two columns. [1],GOOD,,,(missing) [1],,(missing) [1],,(missing) [1],,,true,400,600,1,1,https://www.nationalarchives.gov.uk/explore-the-collection/stories/list-of-suffragettes-arrested-from-1906-1914/
https://www.nationalarchives.gov.uk/media/images/loading-d-day-casu.6fd3e998.fill-1800x720.format-jpeg.jpegquality-60.bgcolor-fff.jpg,Photograph looking down on around thirty people unloading stretchers from vans marked with crosses.,Photograph looking down on around thirty people unloading stretchers from vans marked with crosses. [1],GOOD,,,(missing) [1],,(missing) [1],,(missing) [1],,,true,1200,481,1,1,https://www.nationalarchives.gov.uk/explore-the-collection/explore-by-topic/military-and-war/
https://www.nationalarchives.gov.uk/media/images/louis-wain-singin.431df4d7.fill-1800x720.format-jpeg.jpegquality-60.bgcolor-fff.jpg,A group of cats wearing hats and boots stand in a line and sing 'Jacksons Boots and Hats are Great',A group of cats wearing hats and boots stand in a line and sing 'Jacksons Boots and Hats are Great' [1],GOOD,,,(missing) [1],,(missing) [1],,(missing) [1],,,true,1800,720,1,1,https://www.nationalarchives.gov.uk/explore-the-collection/explore-by-time-period/early-20th-century/
https://www.nationalarchives.gov.uk/media/images/mangr_FvQUzuu.max-900x900.format-jpeg.jpegquality-60.bgcolor-fff.jpg,An illustrated pamphlet with the headline 'Battle for Freedom at Old Bailey',An illustrated pamphlet with the headline 'Battle for Freedom at Old Bailey' [1],GOOD,,,(missing) [1],,(missing) [1],,(missing) [1],,,true,,,1,1,https://www.nationalarchives.gov.uk/explore-the-collection/stories/mangrove-nine/
https://www.nationalarchives.gov.uk/media/images/Marga_6evYmoK.max-900x900.format-jpeg.jpegquality-60.bgcolor-fff.jpg,A black and white illustration of a woman dumping a body of a child in the countryside,A black and white illustration of a woman dumping a body of a child in the countryside [1],GOOD,,,(missing) [1],,(missing) [1],,(missing) [1],,,true,410,462,1,1,https://www.nationalarchives.gov.uk/explore-the-collection/stories/sophia-todd/
https://www.nationalarchives.gov.uk/media/images/marga_w195AYN.max-900x900.format-jpeg.jpegquality-60.bgcolor-fff.jpg,A typed letter on Ministry of Labour headed paper,A typed letter on Ministry of Labour headed paper [1],GOOD,,,(missing) [1],,(missing) [1],,(missing) [1],,,true,671,900,1,1,https://www.nationalarchives.gov.uk/explore-the-collection/stories/margaret-bondfield/
https://www.nationalarchives.gov.uk/media/images/Marga_y2Qc95s.max-900x900.format-jpeg.jpegquality-60.bgcolor-fff.jpg,Typed memorandum,Typed memorandum [1],GOOD,,,(missing) [1],,(missing) [1],,(missing) [1],,,true,,,1,1,https://www.nationalarchives.gov.uk/explore-the-collection/stories/margaret-bondfield/
https://www.nationalarchives.gov.uk/media/images/marga.max-900x900.format-jpeg.jpegquality-60.bgcolor-fff.jpg,A census return. The name and occupation sections are highlighted,A census return. The name and occupation sections are highlighted [1],GOOD,,,(missing) [1],,(missing) [1],,(missing) [1],,,true,760,347,1,1,https://www.nationalarchives.gov.uk/explore-the-collection/stories/margaret-bondfield/
https://www.nationalarchives.gov.uk/media/images/Margu_rFK1Mdb.max-900x900.format-jpeg.jpegquality-60.bgcolor-fff.jpg,Photograph of black and white handwritten 1921 Census record of Marguerite Radclyffe-Hall,Photograph of black and white handwritten 1921 Census record of Marguerite Radclyffe-Hall [1],GOOD,,,(missing) [1],,(missing) [1],,(missing) [1],,,true,760,348,1,1,https://www.nationalarchives.gov.uk/explore-the-collection/stories/radclyffe-hall/
https://www.nationalarchives.gov.uk/media/images/maud__MZXJGxK.max-900x900.format-jpeg.jpegquality-60.bgcolor-fff.jpg,Exterior view of a large building with extensive grounds.,Exterior view of a large building with extensive grounds. [1],GOOD,,,(missing) [1],,(missing) [1],,(missing) [1],,,true,,,1,1,https://www.nationalarchives.gov.uk/explore-the-collection/stories/maud-allan/
https://www.nationalarchives.gov.uk/media/images/memor_BeVWn97.max-900x900.format-jpeg.jpegquality-60.bgcolor-fff.jpg,A typed memorandum.,A typed memorandum. [1],GOOD,,,(missing) [1],,(missing) [1],,(missing) [1],,,true,900,589,1,1,https://www.nationalarchives.gov.uk/explore-the-collection/stories/the-imperial-typewriters-dispute/
https://www.nationalarchives.gov.uk/media/images/memor_pFAwfRl.max-900x900.format-jpeg.jpegquality-60.bgcolor-fff.jpg,A typed memorandum.,A typed memorandum. [1],GOOD,,,(missing) [1],,(missing) [1],,(missing) [1],,,true,900,627,1,1,https://www.nationalarchives.gov.uk/explore-the-collection/stories/the-imperial-typewriters-dispute/
https://www.nationalarchives.gov.uk/media/images/MG.2e16d0ba.fill-600x400.format-jpeg.jpegquality-60.bgcolor-fff.jpg,A conservator working closely on a document.,A conservator working closely on a document. [1],GOOD,,,(missing) [1],,(missing) [1],,(missing) [1],,,true,600,400,1,1,https://www.nationalarchives.gov.uk/explore-the-collection/stories/william-shakespeare/
https://www.nationalarchives.gov.uk/media/images/milit_L6S3sNI.max-900x900.format-jpeg.jpegquality-60.bgcolor-fff.jpg,A double-page spread from the Illustrated London News.,A double-page spread from the Illustrated London News. [1],GOOD,,,(missing) [1],,(missing) [1],,(missing) [1],,,true,,,1,1,https://www.nationalarchives.gov.uk/explore-the-collection/stories/emmeline-pankhurst/
https://www.nationalarchives.gov.uk/media/images/monteagle-lett.max-1024x1024.format-webp.webpquality-70.webp,"Yellowed parchment with untidy handwriting in a single, long paragraph.","Yellowed parchment with untidy handwriting in a single, long paragraph. [1]",GOOD,,,(missing) [1],,(missing) [1],,(missing) [1],,,true,693,1024,1,1,https://www.nationalarchives.gov.uk/explore-the-collection/stories/the-monteagle-letter/
https://www.nationalarchives.gov.uk/media/images/monteagle-letter-d.width-400.format-webp.webpquality-70.webp,"Yellowed parchment with untidy handwriting in a single, long paragraph.","Yellowed parchment with untidy handwriting in a single, long paragraph. [1]",GOOD,,,(missing) [1],,(missing) [1],,(missing) [1],,,true,400,591,1,1,https://www.nationalarchives.gov.uk/explore-the-collection/stories/the-monteagle-letter/
https://www.nationalarchives.gov.uk/media/images/mrs-d_md6vaY5.max-900x900.format-jpeg.jpegquality-60.bgcolor-fff.jpg,Photograph of a group of women standing in the doorway of a building,Photograph of a group of women standing in the doorway of a building [1],GOOD,,,(missing) [1],,(missing) [1],,(missing) [1],,,true,,,1,1,https://www.nationalarchives.gov.uk/explore-the-collection/stories/alice-hawkins/
https://www.nationalarchives.gov.uk/media/images/Natio_NWRnnYy.max-900x900.format-jpeg.jpegquality-60.bgcolor-fff.jpg,The front cover of a leaflet with the title: 'The National Health Service',The front cover of a leaflet with the title: 'The National Health Service' [1],GOOD,,,(missing) [1],,(missing) [1],,(missing) [1],,,true,,,1,1,https://www.nationalarchives.gov.uk/explore-the-collection/stories/the-foundation-of-the-nhs/
https://www.nationalarchives.gov.uk/media/images/New-Y_kReg5kn.max-900x900.format-jpeg.jpegquality-60.bgcolor-fff.jpg,A cartoon of two women seated in a busy café chatting and drinking from cups.,A cartoon of two women seated in a busy café chatting and drinking from cups. [1],GOOD,,,(missing) [1],,(missing) [1],,(missing) [1],,,true,,,1,1,https://www.nationalarchives.gov.uk/explore-the-collection/stories/the-foundation-of-the-nhs/
https://www.nationalarchives.gov.uk/media/images/nlb-image-a.max-1024x1024.format-webp.webpquality-70.webp,"Typed, formal letter with long paragraphs.","Typed, formal letter with long paragraphs. [1]",GOOD,,,(missing) [1],,(missing) [1],,(missing) [1],,,true,649,1024,1,1,https://www.nationalarchives.gov.uk/explore-the-collection/stories/printed-circular-by-the-national-league-of-the-blind/
https://www.nationalarchives.gov.uk/media/images/nlb-image-a.width-400.format-webp.webpquality-70.webp,"Typed, formal letter with long paragraphs.","Typed, formal letter with long paragraphs. [1]",GOOD,,,(missing) [1],,(missing) [1],,(missing) [1],,,true,400,630,1,1,https://www.nationalarchives.gov.uk/explore-the-collection/stories/printed-circular-by-the-national-league-of-the-blind/
https://www.nationalarchives.gov.uk/media/images/nlb-image-b.max-1024x1024.format-webp.webpquality-70.webp,"Typed, formal letter with long paragraphs.","Typed, formal letter with long paragraphs. [1]",GOOD,,,(missing) [1],,(missing) [1],,(missing) [1],,,true,800,667,1,1,https://www.nationalarchives.gov.uk/explore-the-collection/stories/printed-circular-by-the-national-league-of-the-blind/
https://www.nationalarchives.gov.uk/media/images/no-co_9lhXM9k.max-900x900.format-jpeg.jpegquality-60.bgcolor-fff.jpg,An newspaper article titled 'No Colour Bar At Imperial Typewriters',An newspaper article titled 'No Colour Bar At Imperial Typewriters' [1],GOOD,,,(missing) [1],,(missing) [1],,(missing) [1],,,true,,,1,1,https://www.nationalarchives.gov.uk/explore-the-collection/stories/the-imperial-typewriters-dispute/
https://www.nationalarchives.gov.uk/media/images/Photo_dD7zeRi.max-900x900.format-jpeg.jpegquality-60.bgcolor-fff.jpg,A grainy photograph of Nancy. She has short cropped hair and wears many bangles on her arm,A grainy photograph of Nancy. She has short cropped hair and wears many bangles on her arm [1],GOOD,,,(missing) [1],,(missing) [1],,(missing) [1],,,true,562,900,1,1,https://www.nationalarchives.gov.uk/explore-the-collection/stories/nancy-cunard/
https://www.nationalarchives.gov.uk/media/images/plans-of-the-h.9067574b.fill-600x400.format-jpeg.jpegquality-60.bgcolor-fff.jpg,"Diagram showing arrangement of two floors of the Hygeia, marking doors, tables. beds and cabins.","Diagram showing arrangement of two floors of the Hygeia, marking doors, tables. beds and cabins. [1]",GOOD,,,(missing) [1],,(missing) [1],,(missing) [1],,,true,600,400,1,1,https://www.nationalarchives.gov.uk/explore-the-collection/explore-by-topic/health-and-welfare/
https://www.nationalarchives.gov.uk/media/images/polic_Ef7RWN3.max-900x900.format-jpeg.jpegquality-60.bgcolor-fff.jpg,An extract from a typed official document,An extract from a typed official document [1],GOOD,,,(missing) [1],,(missing) [1],,(missing) [1],,,true,,,1,1,https://www.nationalarchives.gov.uk/explore-the-collection/stories/nancy-cunard/
https://www.nationalarchives.gov.uk/media/images/radcl.max-900x900.format-jpeg.jpegquality-60.bgcolor-fff.jpg,Two women in overcoats and hats hold up dachshunds to the camera,Two women in overcoats and hats hold up dachshunds to the camera [1],GOOD,,,(missing) [1],,(missing) [1],,(missing) [1],,,true,600,374,1,1,https://www.nationalarchives.gov.uk/explore-the-collection/stories/radclyffe-hall/
https://www.nationalarchives.gov.uk/media/images/recipe-for-six-mince_8BBtcHM.2e16d0ba.fill-600x400.format-jpeg.jpegquality-60.bgcolor-fff.jpg,"A handwritten recipe for six mince pies, written across 23 lines.","A handwritten recipe for six mince pies, written across 23 lines. [1]",GOOD,,,(missing) [1],,(missing) [1],,(missing) [1],,,true,384,256,1,1,https://www.nationalarchives.gov.uk/explore-the-collection/explore-by-time-period/early-modern/
https://www.nationalarchives.gov.uk/media/images/Register_of_en.max-1024x1024.format-webp.webpquality-70.webp,A handwritten list of enslaved people.,A handwritten list of enslaved people. [1],GOOD,,,(missing) [1],,(missing) [1],,(missing) [1],,,true,914,1024,1,1,https://www.nationalarchives.gov.uk/explore-the-collection/explore-by-time-period/georgians/transatlantic-slave-trade/
https://www.nationalarchives.gov.uk/media/images/repre_nm9nNi8.max-900x900.format-jpeg.jpegquality-60.bgcolor-fff.jpg,"The front page from the Representation of the People Act, 1918.","The front page from the Representation of the People Act, 1918. [1]",GOOD,,,(missing) [1],,(missing) [1],,(missing) [1],,,true,,,1,1,https://www.nationalarchives.gov.uk/explore-the-collection/stories/emmeline-pankhurst/
https://www.nationalarchives.gov.uk/media/images/researching-in-docum_OOlUypc.6f6e9d24.fill-600x400.format-jpeg.jpegquality-60.bgcolor-fff.jpg,"Four visitors sit at tables in a large, open room. Each is looking at a document.","Four visitors sit at tables in a large, open room. Each is looking at a document. [1]",GOOD,,,(missing) [1],,(missing) [1],,(missing) [1],,,true,600,400,1,1,https://www.nationalarchives.gov.uk/
https://www.nationalarchives.gov.uk/media/images/Richa_i5G1PyJ.max-900x900.format-jpeg.jpegquality-60.bgcolor-fff.jpg,Hand written manuscript with stitching at the top,Hand written manuscript with stitching at the top [1],GOOD,,,(missing) [1],,(missing) [1],,(missing) [1],,,true,,,1,1,https://www.nationalarchives.gov.uk/explore-the-collection/stories/richard-iii/
https://www.nationalarchives.gov.uk/media/images/richa.max-900x900.format-jpeg.jpegquality-60.bgcolor-fff.jpg,"Small neat lettering, with additional text added underneath in a different handwriting","Small neat lettering, with additional text added underneath in a different handwriting [1]",GOOD,,,(missing) [1],,(missing) [1],,(missing) [1],,,true,,,1,1,https://www.nationalarchives.gov.uk/explore-the-collection/stories/richard-iii/
https://www.nationalarchives.gov.uk/media/images/Royal_Charter_.max-1024x1024.format-webp.webpquality-70.webp,"A hand-written royal charter with a large paragraph of text, the name Charles is clearly visible.","A hand-written royal charter with a large paragraph of text, the name Charles is clearly visible. [1]",GOOD,,,(missing) [1],,(missing) [1],,(missing) [1],,,true,638,1024,1,1,https://www.nationalarchives.gov.uk/explore-the-collection/explore-by-time-period/georgians/transatlantic-slave-trade/
https://www.nationalarchives.gov.uk/media/images/Sakla_OSTP85s.max-900x900.format-jpeg.jpegquality-60.bgcolor-fff.jpg,Front cover of an official file,Front cover of an official file [1],GOOD,,,(missing) [1],,(missing) [1],,(missing) [1],,,true,576,900,1,1,https://www.nationalarchives.gov.uk/explore-the-collection/stories/shapurji-saklatvala/
https://www.nationalarchives.gov.uk/media/images/sc_1__wk2vTZM.max-900x900.format-jpeg.jpegquality-60.bgcolor-fff.jpg,Hand written manuscript,Hand written manuscript [1],GOOD,,,(missing) [1],,(missing) [1],,(missing) [1],,,true,,,1,1,https://www.nationalarchives.gov.uk/explore-the-collection/stories/richard-iii/
https://www.nationalarchives.gov.uk/media/images/shake_I1aC2pP.max-900x900.format-jpeg.jpegquality-60.bgcolor-fff.jpg,Shakespeare's signature,Shakespeare's signature [1],GOOD,,,(missing) [1],,(missing) [1],,(missing) [1],,,true,,,1,1,https://www.nationalarchives.gov.uk/explore-the-collection/stories/william-shakespeare/
https://www.nationalarchives.gov.uk/media/images/Shake_M5t9v9N.max-900x900.format-jpeg.jpegquality-60.bgcolor-fff.jpg,Document listing tax defaulters,Document listing tax defaulters [1],GOOD,,,(missing) [1],,(missing) [1],,(missing) [1],,,true,,,1,1,https://www.nationalarchives.gov.uk/explore-the-collection/stories/william-shakespeare/
https://www.nationalarchives.gov.uk/media/images/Shake_OnIfi59.max-900x900.format-jpeg.jpegquality-60.bgcolor-fff.jpg,Shakespeare's will,Shakespeare's will [1],GOOD,,,(missing) [1],,(missing) [1],,(missing) [1],,,true,690,900,1,1,https://www.nationalarchives.gov.uk/explore-the-collection/stories/william-shakespeare/
https://www.nationalarchives.gov.uk/media/images/Shake_WOfC0MT.max-900x900.format-jpeg.jpegquality-60.bgcolor-fff.jpg,Hand written document with wavy top edge,Hand written document with wavy top edge [1],GOOD,,,(missing) [1],,(missing) [1],,(missing) [1],,,true,,,1,1,https://www.nationalarchives.gov.uk/explore-the-collection/stories/william-shakespeare/
https://www.nationalarchives.gov.uk/media/images/shake.max-900x900.format-jpeg.jpegquality-60.bgcolor-fff.jpg,Shakespeare's signature,Shakespeare's signature [1],GOOD,,,(missing) [1],,(missing) [1],,(missing) [1],,,true,900,254,1,1,https://www.nationalarchives.gov.uk/explore-the-collection/stories/william-shakespeare/
https://www.nationalarchives.gov.uk/media/images/Shapu_bz0JKks.max-900x900.format-jpeg.jpegquality-60.bgcolor-fff.jpg,Black and white head and shoulders photograph of Shapurji Saklatvala,Black and white head and shoulders photograph of Shapurji Saklatvala [1],GOOD,,,(missing) [1],,(missing) [1],,(missing) [1],,,true,590,800,1,1,https://www.nationalarchives.gov.uk/explore-the-collection/stories/shapurji-saklatvala/
https://www.nationalarchives.gov.uk/media/images/Shapu_djlgXVX.max-900x900.format-jpeg.jpegquality-60.bgcolor-fff.jpg,Shapurji Saklatvala’s 1921 Census record,Shapurji Saklatvala’s 1921 Census record [1],GOOD,,,(missing) [1],,(missing) [1],,(missing) [1],,,true,760,449,1,1,https://www.nationalarchives.gov.uk/explore-the-collection/stories/shapurji-saklatvala/
https://www.nationalarchives.gov.uk/media/images/Shapu_KUj9uZo.max-900x900.format-jpeg.jpegquality-60.bgcolor-fff.jpg,Photograph of a South Asian man wearing a suit and a white woman in traditional South Asian dress,Photograph of a South Asian man wearing a suit and a white woman in traditional South Asian dress [1],GOOD,,,(missing) [1],,(missing) [1],,(missing) [1],,,true,686,900,1,1,https://www.nationalarchives.gov.uk/explore-the-collection/stories/shapurji-saklatvala/
https://www.nationalarchives.gov.uk/media/images/Shapurji-Sakl.4700e26b.fill-1800x720.format-jpeg.jpegquality-60.bgcolor-fff.jpg,Black and white head and shoulders photograph of Shapurji Saklatvala,Black and white head and shoulders photograph of Shapurji Saklatvala [1],GOOD,,,(missing) [1],,(missing) [1],,(missing) [1],,,true,590,236,1,1,https://www.nationalarchives.gov.uk/explore-the-collection/stories/shapurji-saklatvala/
https://www.nationalarchives.gov.uk/media/images/Shaxb_tr4sYvb.max-900x900.format-jpeg.jpegquality-60.bgcolor-fff.jpg,Page of hand written accounts,Page of hand written accounts [1],GOOD,,,(missing) [1],,(missing) [1],,(missing) [1],,,true,,,1,1,https://www.nationalarchives.gov.uk/explore-the-collection/stories/william-shakespeare/
https://www.nationalarchives.gov.uk/media/images/signa_NAWyjfw.max-900x900.format-jpeg.jpegquality-60.bgcolor-fff.jpg,Manuscript featuring many signatures,Manuscript featuring many signatures [1],GOOD,,,(missing) [1],,(missing) [1],,(missing) [1],,,true,,,1,1,https://www.nationalarchives.gov.uk/explore-the-collection/stories/richard-iii/
https://www.nationalarchives.gov.uk/media/images/Skylo_EfxDC8i.max-900x900.format-jpeg.jpegquality-60.bgcolor-fff.jpg,"Visitors looking at the Skylon - a thin, upright structure towering into the sky","Visitors looking at the Skylon - a thin, upright structure towering into the sky [1]",GOOD,,,(missing) [1],,(missing) [1],,(missing) [1],,,true,825,900,1,1,https://www.nationalarchives.gov.uk/explore-the-collection/stories/festival-of-britain/
https://www.nationalarchives.gov.uk/media/images/Sophi_gx0ie60.max-900x900.format-jpeg.jpegquality-60.bgcolor-fff.jpg,A woman in a black dress with white cap sits with her arms folded in her lap,A woman in a black dress with white cap sits with her arms folded in her lap [1],GOOD,,,(missing) [1],,(missing) [1],,(missing) [1],,,true,612,900,1,1,https://www.nationalarchives.gov.uk/explore-the-collection/stories/sophia-todd/
https://www.nationalarchives.gov.uk/media/images/Sophi_nz9R4mx.max-900x900.format-jpeg.jpegquality-60.bgcolor-fff.jpg,Official document with hand written additions releasing Sophia Todd,Official document with hand written additions releasing Sophia Todd [1],GOOD,,,(missing) [1],,(missing) [1],,(missing) [1],,,true,,,1,1,https://www.nationalarchives.gov.uk/explore-the-collection/stories/sophia-todd/
https://www.nationalarchives.gov.uk/media/images/stoker-dracula_yF5F9dA.max-1024x1024.format-webp.webpquality-70.webp,"Two columns of the form, filled in with the same information.","Two columns of the form, filled in with the same information. [1]",GOOD,,,(missing) [1],,(missing) [1],,(missing) [1],,,true,1000,803,1,1,https://www.nationalarchives.gov.uk/explore-the-collection/stories/copyright-registration-form-for-bram-stokers-dracula/
https://www.nationalarchives.gov.uk/media/images/stoker-dracula-clo.width-400.format-webp.webpquality-70.webp,"Two columns of the form, filled in with the same information.","Two columns of the form, filled in with the same information. [1]",GOOD,,,(missing) [1],,(missing) [1],,(missing) [1],,,true,400,321,1,1,https://www.nationalarchives.gov.uk/explore-the-collection/stories/copyright-registration-form-for-bram-stokers-dracula/
https://www.nationalarchives.gov.uk/media/images/stoker-dracula.max-1024x1024.format-webp.webpquality-70.webp,An official form printed in red ink and filled in with black handwriting.,An official form printed in red ink and filled in with black handwriting. [1],GOOD,,,(missing) [1],,(missing) [1],,(missing) [1],,,true,1024,634,1,1,https://www.nationalarchives.gov.uk/explore-the-collection/stories/copyright-registration-form-for-bram-stokers-dracula/
https://www.nationalarchives.gov.uk/media/images/Teeming-steel-.max-1024x1024.format-webp.webpquality-70.webp,A man in a vast warehouse stood on a platform next to a huge metal cylinder.,A man in a vast warehouse stood on a platform next to a huge metal cylinder. [1],GOOD,,,(missing) [1],,(missing) [1],,(missing) [1],,,true,728,1024,1,1,https://www.nationalarchives.gov.uk/explore-the-collection/explore-by-topic/business-finance-and-innovation/british-industry/
https://www.nationalarchives.gov.uk/media/images/telephone-crackers-_IZnZ1J8.0840ebdd.fill-1800x720.format-jpeg.jpegquality-60.bgcolor-fff.jpg,A man and a woman talk either side of a table via a string attached telephone,A man and a woman talk either side of a table via a string attached telephone [1],GOOD,,,(missing) [1],,(missing) [1],,(missing) [1],,,true,1800,720,1,1,https://www.nationalarchives.gov.uk/explore-the-collection/explore-by-time-period/victorians/
https://www.nationalarchives.gov.uk/media/images/The_National_Archive_SPOXViq.2e16d0ba.fill-600x400.format-jpeg.jpegquality-60.bgcolor-fff.jpg,Rows of neatly stacked archival boxes.,Rows of neatly stacked archival boxes. [1],GOOD,,,(missing) [1],,(missing) [1],,(missing) [1],,,true,600,400,1,1,https://www.nationalarchives.gov.uk/
https://www.nationalarchives.gov.uk/media/images/the-D_XP8HZYj.max-900x900.format-jpeg.jpegquality-60.bgcolor-fff.jpg,Photograph of a group of smartly women standing on the steps of a building,Photograph of a group of smartly women standing on the steps of a building [1],GOOD,,,(missing) [1],,(missing) [1],,(missing) [1],,,true,674,900,1,1,https://www.nationalarchives.gov.uk/explore-the-collection/stories/alice-hawkins/
https://www.nationalarchives.gov.uk/media/images/The-N_SPZB5jM.max-900x900.format-jpeg.jpegquality-60.bgcolor-fff.jpg,A pamphlet across three pages with text and cartoons illustrating uses of the NHS.,A pamphlet across three pages with text and cartoons illustrating uses of the NHS. [1],GOOD,,,(missing) [1],,(missing) [1],,(missing) [1],,,true,,,1,1,https://www.nationalarchives.gov.uk/explore-the-collection/stories/the-foundation-of-the-nhs/
https://www.nationalarchives.gov.uk/media/images/The-New-NHS-and-You_uSVWApD.50653f3e.fill-1800x720.format-jpeg.jpegquality-60.bgcolor-fff.jpg,A pamphlet across three pages with text and cartoons illustrating uses of the NHS.,A pamphlet across three pages with text and cartoons illustrating uses of the NHS. [1],GOOD,,,(missing) [1],,(missing) [1],,(missing) [1],,,true,1800,720,1,1,https://www.nationalarchives.gov.uk/explore-the-collection/stories/the-foundation-of-the-nhs/
https://www.nationalarchives.gov.uk/media/images/threatening-le_eGSXem4.max-1024x1024.format-webp.webpquality-70.webp,A page of handwriting in black ink.,A page of handwriting in black ink. [1],GOOD,,,(missing) [1],,(missing) [1],,(missing) [1],,,true,668,1024,1,1,https://www.nationalarchives.gov.uk/explore-the-collection/stories/angry-letter-sent-during-the-bread-or-blood-riots/
https://www.nationalarchives.gov.uk/media/images/threatening-le.max-1024x1024.format-webp.webpquality-70.webp,A page of handwriting in black ink.,A page of handwriting in black ink. [1],GOOD,,,(missing) [1],,(missing) [1],,(missing) [1],,,true,659,1024,1,1,https://www.nationalarchives.gov.uk/explore-the-collection/stories/angry-letter-sent-during-the-bread-or-blood-riots/
https://www.nationalarchives.gov.uk/media/images/threatening-letter.width-400.format-webp.webpquality-70.webp,A page of handwriting in black ink.,A page of handwriting in black ink. [1],GOOD,,,(missing) [1],,(missing) [1],,(missing) [1],,,true,400,621,1,1,https://www.nationalarchives.gov.uk/explore-the-collection/stories/angry-letter-sent-during-the-bread-or-blood-riots/
https://www.nationalarchives.gov.uk/media/images/travelling-bas.max-1024x1024.format-webp.webpquality-70.webp,"The cover of a blue book, titled Office of Registrar of Designs.","The cover of a blue book, titled Office of Registrar of Designs. [1]",GOOD,,,(missing) [1],,(missing) [1],,(missing) [1],,,true,726,1024,1,1,https://www.nationalarchives.gov.uk/explore-the-collection/stories/registered-design-for-expanding-travelling-basket/
https://www.nationalarchives.gov.uk/media/images/visitor-using-catal.2e16d0ba.fill-600x400.format-jpeg.jpegquality-60.bgcolor-fff.jpg,"A visitor sat at a computer, using the online catalogue at The National Archives.","A visitor sat at a computer, using the online catalogue at The National Archives. [1]",GOOD,,,(missing) [1],,(missing) [1],,(missing) [1],,,true,600,400,1,1,https://www.nationalarchives.gov.uk/explore-the-collection/
https://www.nationalarchives.gov.uk/media/images/votes_z9nvXeX.max-900x900.format-jpeg.jpegquality-60.bgcolor-fff.jpg,Suffragettes Annie Kenny and Christabel Pankhurst holding a giant sign that says Votes for Women.,Suffragettes Annie Kenny and Christabel Pankhurst holding a giant sign that says Votes for Women. [1],GOOD,,,(missing) [1],,(missing) [1],,(missing) [1],,,true,,,1,1,https://www.nationalarchives.gov.uk/explore-the-collection/stories/emmeline-pankhurst/
https://www.nationalarchives.gov.uk/media/images/wartime-s.ba9b0df7.fill-1800x720.format-jpeg.jpegquality-60.bgcolor-fff.jpg,Eight people in medical gowns and masks in an operating theatre while some perform surgery.,Eight people in medical gowns and masks in an operating theatre while some perform surgery. [1],GOOD,,,(missing) [1],,(missing) [1],,(missing) [1],,,true,1500,601,1,1,https://www.nationalarchives.gov.uk/explore-the-collection/explore-by-topic/health-and-welfare/
https://www.nationalarchives.gov.uk/media/images/WC_no_d6COAuY.max-900x900.format-jpeg.jpegquality-60.bgcolor-fff.jpg,Hand written text listing pleas of 'not guilty',Hand written text listing pleas of 'not guilty' [1],GOOD,,,(missing) [1],,(missing) [1],,(missing) [1],,,true,700,398,1,1,https://www.nationalarchives.gov.uk/explore-the-collection/stories/william-cuffey/
https://www.nationalarchives.gov.uk/media/images/well-_06MVLXI.max-900x900.format-jpeg.jpegquality-60.bgcolor-fff.jpg,A typed police memo. The last three lines have been redacted with a thick black line,A typed police memo. The last three lines have been redacted with a thick black line [1],GOOD,,,(missing) [1],,(missing) [1],,(missing) [1],,,true,,,1,1,https://www.nationalarchives.gov.uk/explore-the-collection/stories/nancy-cunard/
https://www.nationalarchives.gov.uk/media/images/Willi_TwcBENc.max-900x900.format-jpeg.jpegquality-60.bgcolor-fff.jpg,A black and white portrait of William Cuffey. He is standing with one hand in his waistcoat,A black and white portrait of William Cuffey. He is standing with one hand in his waistcoat [1],GOOD,,,(missing) [1],,(missing) [1],,(missing) [1],,,true,557,800,1,1,https://www.nationalarchives.gov.uk/explore-the-collection/stories/william-cuffey/
https://www.nationalarchives.gov.uk/media/images/Windr_CKD38HG.max-900x900.format-jpeg.jpegquality-60.bgcolor-fff.jpg,A close up of the passenger list with a name highlighted,A close up of the passenger list with a name highlighted [1],GOOD,,,(missing) [1],,(missing) [1],,(missing) [1],,,true,900,318,1,1,https://www.nationalarchives.gov.uk/explore-the-collection/stories/ormonde-almanzora-windrush/
https://www.nationalarchives.gov.uk/media/images/Windr_eRwWfc0.max-900x900.format-jpeg.jpegquality-60.bgcolor-fff.jpg,A close up of the passenger list with a name highlighted,A close up of the passenger list with a name highlighted [1],GOOD,,,(missing) [1],,(missing) [1],,(missing) [1],,,true,,,1,1,https://www.nationalarchives.gov.uk/explore-the-collection/stories/ormonde-almanzora-windrush/
https://www.nationalarchives.gov.uk/media/images/Windr_qhH5yST.max-900x900.format-jpeg.jpegquality-60.bgcolor-fff.jpg,A list of passengers from the Empire Windrush,A list of passengers from the Empire Windrush [1],GOOD,,,(missing) [1],,(missing) [1],,(missing) [1],,,true,730,900,1,1,https://www.nationalarchives.gov.uk/explore-the-collection/stories/ormonde-almanzora-windrush/
https://www.nationalarchives.gov.uk/media/images/windr.max-900x900.format-jpeg.jpegquality-60.bgcolor-fff.jpg,A section of a table of names and occupations. Nancy Cunard's entry is highlighted,A section of a table of names and occupations. Nancy Cunard's entry is highlighted [1],GOOD,,,(missing) [1],,(missing) [1],,(missing) [1],,,true,,,1,1,https://www.nationalarchives.gov.uk/explore-the-collection/stories/nancy-cunard/
https://www.nationalarchives.gov.uk/media/images/womens-land-army-.2e16d0ba.fill-1800x720.format-jpeg.jpegquality-60.bgcolor-fff.jpg,A Women's Land Army recruitment poster showing a land girl operating farming machinery in a field.,A Women's Land Army recruitment poster showing a land girl operating farming machinery in a field. [1],GOOD,,,(missing) [1],,(missing) [1],,(missing) [1],,,true,1800,720,1,1,https://www.nationalarchives.gov.uk/explore-the-collection/explore-by-topic/environment-and-agriculture/
https://www.nationalarchives.gov.uk/media/images/WSPU__TqOrwAW.max-900x900.format-jpeg.jpegquality-60.bgcolor-fff.jpg,A group of women working at desks in a large wood-panelled office.,A group of women working at desks in a large wood-panelled office. [1],GOOD,,,(missing) [1],,(missing) [1],,(missing) [1],,,true,792,452,1,1,https://www.nationalarchives.gov.uk/explore-the-collection/stories/emmeline-pankhurst/