Image URL,Alt Text,Alt Text Variants,Status,Issues,Title,Title Variants,ARIA Label,ARIA Label Variants,ARIA Describedby,ARIA Describedby Variants,Longdesc,Role,Visible,Width,Height,Occurrences,Page Count,Found On Pages
https://insidegovuk.blog.gov.uk/wp-content/uploads/sites/24/2013/10/01-whitehall-new-image-tab-620x235.png,"A screenshot of the new image upload tab. It includes guidance on what kind of file to use, a prompt for the user to choose a file from their device and subsequently upload it.","A screenshot of the new image upload tab. It includes guidance on what kind of file to use, a prompt for the user to choose a file from their device and subsequently upload it. [1]",SUSPICIOUS,"Alt text contains redundant phrase ""screenshot of""",,(missing) [1],,(missing) [1],,(missing) [1],,,true,620,235,1,1,https://insidegovuk.blog.gov.uk/2023/08/10/making-it-easier-to-add-images-on-gov-uk/
https://insidegovuk.blog.gov.uk/wp-content/uploads/sites/24/2019/06/blog-ethnicity-in-the-uk-page-e1561467540795.png,A screenshot of the ethnicity in the uk page,A screenshot of the ethnicity in the uk page [1],SUSPICIOUS,"Alt text contains redundant phrase ""screenshot of""",,(missing) [1],,(missing) [1],,(missing) [1],,,true,620,413,1,1,https://insidegovuk.blog.gov.uk/2019/06/26/guest-post-why-we-deleted-one-of-our-most-popular-pages/
https://insidegovuk.blog.gov.uk/wp-content/uploads/sites/24/2019/08/Reshuffle-mode-screenshot-620x351.png,Screenshot of reshuffle mode for Ministers page on GOV.UK,Screenshot of reshuffle mode for Ministers page on GOV.UK [1],SUSPICIOUS,"Alt text contains redundant phrase ""screenshot of""",,(missing) [1],,(missing) [1],,(missing) [1],,,true,620,351,1,1,https://insidegovuk.blog.gov.uk/2019/08/16/updating-gov-uk-during-a-reshuffle/
https://insidegovuk.blog.gov.uk/wp-content/uploads/sites/24/2020/05/Introduction-to-Content-Design-sign-up-page-620x297.png,"A screenshot of the sign-up page for the 'Introduction to Content design' course on Future Learn. It includes an image of 5 participants talking and sticking post-its on a wall, and a description of the course: ""Discover the fundamentals of content design. Learn about user-centred content that's easy for everyone to understand and access"".","A screenshot of the sign-up page for the 'Introduction to Content design' course on Future Learn. It includes an image of 5 participants talking and sticking post-its on a wall, and a description of the course: ""Discover the fundamentals of content design. Learn about user-centred content that's easy for everyone to understand and access"". [1]",SUSPICIOUS,"Alt text contains redundant phrase ""image of""; Alt text contains redundant phrase ""screenshot of""",,(missing) [1],,(missing) [1],,(missing) [1],,,true,620,297,1,1,https://insidegovuk.blog.gov.uk/2020/05/07/six-lessons-from-gdss-introduction-to-content-design-course/
https://insidegovuk.blog.gov.uk/wp-content/uploads/sites/24/2020/12/v2.-control-how-we-use-info-about-you-620x923.png,Screenshot of the privacy screen for the live experiment. Title on page is Control how we use information about you with 2 subheadings on Data about how you use GOV.UK and Feedback about your GOV.UK account. Both subheadings show radio buttons in use,Screenshot of the privacy screen for the live experiment. Title on page is Control how we use information about you with 2 subheadings on Data about how you use GOV.UK and Feedback about your GOV.UK account. Both subheadings show radio buttons in use [1],SUSPICIOUS,"Alt text contains redundant phrase ""screenshot of""",,(missing) [1],,(missing) [1],,(missing) [1],,,true,620,923,1,1,https://insidegovuk.blog.gov.uk/2020/12/09/five-things-weve-learned-from-researching-the-gov-uk-account/
https://insidegovuk.blog.gov.uk/wp-content/uploads/sites/24/2021/03/47757563072_eb4c6f7d7b_c-620x414.jpg,An image of someone reading a magazine about content design. On the page it says ‘Content design makes things so much easier for the user to complete’.,An image of someone reading a magazine about content design. On the page it says ‘Content design makes things so much easier for the user to complete’. [1],SUSPICIOUS,"Alt text contains redundant phrase ""image of""",,(missing) [1],,(missing) [1],,(missing) [1],,,true,620,414,1,1,https://insidegovuk.blog.gov.uk/2021/03/01/moving-into-content-design/
https://insidegovuk.blog.gov.uk/wp-content/uploads/sites/24/2021/04/image3-620x349.jpg,"On the left, a screenshot of the “Accounts and tax return for private limited companies'' guidance page on GOV.UK with a red circle around the title of the page to indicate information extracted to the spreadsheet and service map. On the right, an image of another guidance page on GOV.UK with multiple links circled in red.","On the left, a screenshot of the “Accounts and tax return for private limited companies'' guidance page on GOV.UK with a red circle around the title of the page to indicate information extracted to the spreadsheet and service map. On the right, an image of another guidance page on GOV.UK with multiple links circled in red. [1]",SUSPICIOUS,"Alt text contains redundant phrase ""image of""; Alt text contains redundant phrase ""screenshot of""",,(missing) [1],,(missing) [1],,(missing) [1],,,true,620,349,1,1,https://insidegovuk.blog.gov.uk/2021/04/28/scoping-the-starting-and-sustaining-a-business-whole-user-journey/
https://insidegovuk.blog.gov.uk/wp-content/uploads/sites/24/2021/05/image3-620x599.png,Screenshot of the hub page tested for starting a business,Screenshot of the hub page tested for starting a business [1],SUSPICIOUS,"Alt text contains redundant phrase ""screenshot of""",,(missing) [1],,(missing) [1],,(missing) [1],,,true,620,599,1,1,https://insidegovuk.blog.gov.uk/2021/06/02/how-we-are-creating-a-product-to-help-new-business-owners/
https://insidegovuk.blog.gov.uk/wp-content/uploads/sites/24/2021/06/image2-620x466.png,"Screenshot of error page on GOV.UK saying ""Error 503 Service Unavailable. Guru Mediation: Details: cache-lon4229-LON 1623147191 1303196230. Varnish cache server","Screenshot of error page on GOV.UK saying ""Error 503 Service Unavailable. Guru Mediation: Details: cache-lon4229-LON 1623147191 1303196230. Varnish cache server [1]",SUSPICIOUS,"Alt text contains redundant phrase ""screenshot of""",,(missing) [1],,(missing) [1],,(missing) [1],,,true,620,466,1,1,https://insidegovuk.blog.gov.uk/2021/06/11/incident-report-gov-uk-outage-on-8-june-2021/
https://insidegovuk.blog.gov.uk/wp-content/uploads/sites/24/2021/08/image1-1-620x108.png,Screenshot of GOV.UK with the user feedback banner,Screenshot of GOV.UK with the user feedback banner [1],SUSPICIOUS,"Alt text contains redundant phrase ""screenshot of""",,(missing) [1],,(missing) [1],,(missing) [1],,,true,620,108,1,1,https://insidegovuk.blog.gov.uk/2021/08/16/working-with-user-feedback-during-covid-19/
https://insidegovuk.blog.gov.uk/wp-content/uploads/sites/24/2021/08/image1-620x438.png,"Screenshot of a few comments from the retrospective. Everyone liked the new automation, and there were also some suggestions for how to improve the pipeline.","Screenshot of a few comments from the retrospective. Everyone liked the new automation, and there were also some suggestions for how to improve the pipeline. [1]",SUSPICIOUS,"Alt text contains redundant phrase ""screenshot of""",,(missing) [1],,(missing) [1],,(missing) [1],,,true,620,438,1,1,https://insidegovuk.blog.gov.uk/2021/08/05/how-and-why-we-switched-to-continuous-deployment-on-gov-uk/
https://insidegovuk.blog.gov.uk/wp-content/uploads/sites/24/2021/08/image2-620x261.png,"Screenshot of GOV.UK where users are encouraged to tell us what they were doing and what went wrong, without including personal or financial information.","Screenshot of GOV.UK where users are encouraged to tell us what they were doing and what went wrong, without including personal or financial information. [1]",SUSPICIOUS,"Alt text contains redundant phrase ""screenshot of""",,(missing) [1],,(missing) [1],,(missing) [1],,,true,620,261,1,1,https://insidegovuk.blog.gov.uk/2021/08/16/working-with-user-feedback-during-covid-19/
https://insidegovuk.blog.gov.uk/wp-content/uploads/sites/24/2021/08/image3-1-620x455.png,"Screenshot of GOV.UK feedback survey, which notes that all questions are optional and responses to the survey are anonymous","Screenshot of GOV.UK feedback survey, which notes that all questions are optional and responses to the survey are anonymous [1]",SUSPICIOUS,"Alt text contains redundant phrase ""screenshot of""",,(missing) [1],,(missing) [1],,(missing) [1],,,true,620,455,1,1,https://insidegovuk.blog.gov.uk/2021/08/16/working-with-user-feedback-during-covid-19/
https://insidegovuk.blog.gov.uk/wp-content/uploads/sites/24/2021/08/image3-620x294.png,"Screenshot of the GOV.UK Release app, which we use to manage deployments. The screenshot shows some suggestions of what to check before deploying: Integration dashboard: Monitor your deployment to check that it hasn’t caused any problems. Integration smokey: Check Smokey has run in Integration and your deploy didn’t cause any problems.","Screenshot of the GOV.UK Release app, which we use to manage deployments. The screenshot shows some suggestions of what to check before deploying: Integration dashboard: Monitor your deployment to check that it hasn’t caused any problems. Integration smokey: Check Smokey has run in Integration and your deploy didn’t cause any problems. [1]",SUSPICIOUS,"Alt text contains redundant phrase ""screenshot of""",,(missing) [1],,(missing) [1],,(missing) [1],,,true,620,294,1,1,https://insidegovuk.blog.gov.uk/2021/08/05/how-and-why-we-switched-to-continuous-deployment-on-gov-uk/
https://insidegovuk.blog.gov.uk/wp-content/uploads/sites/24/2021/08/image4-620x245.png,Screenshot of our spreadsheet showing the breakdown of work involved for each app and the priority scoring. Lower scores mean less work (in theory).,Screenshot of our spreadsheet showing the breakdown of work involved for each app and the priority scoring. Lower scores mean less work (in theory). [1],SUSPICIOUS,"Alt text contains redundant phrase ""screenshot of""",,(missing) [1],,(missing) [1],,(missing) [1],,,true,620,245,1,1,https://insidegovuk.blog.gov.uk/2021/08/05/how-and-why-we-switched-to-continuous-deployment-on-gov-uk/
https://insidegovuk.blog.gov.uk/wp-content/uploads/sites/24/2021/08/image5-620x295.png,Screenshot of the audit results for a GOV.UK app. There are several issues that will need to be addressed before we can enable Continuous Deployment for this app.,Screenshot of the audit results for a GOV.UK app. There are several issues that will need to be addressed before we can enable Continuous Deployment for this app. [1],SUSPICIOUS,"Alt text contains redundant phrase ""screenshot of""",,(missing) [1],,(missing) [1],,(missing) [1],,,true,620,295,1,1,https://insidegovuk.blog.gov.uk/2021/08/05/how-and-why-we-switched-to-continuous-deployment-on-gov-uk/
https://insidegovuk.blog.gov.uk/wp-content/uploads/sites/24/2021/08/image6-620x193.png,"Screenshot of a message from our “Deploy Badger” Slack bot, which we built to prompt us to keep up-to-date with deployments.","Screenshot of a message from our “Deploy Badger” Slack bot, which we built to prompt us to keep up-to-date with deployments. [1]",SUSPICIOUS,"Alt text contains redundant phrase ""screenshot of""",,(missing) [1],,(missing) [1],,(missing) [1],,,true,620,193,1,1,https://insidegovuk.blog.gov.uk/2021/08/05/how-and-why-we-switched-to-continuous-deployment-on-gov-uk/
https://insidegovuk.blog.gov.uk/wp-content/uploads/sites/24/2021/08/image7-620x111.png,"Screenshot of a message from our “Deploy Badger” Slack bot, congratulating us on having no pending deployments.","Screenshot of a message from our “Deploy Badger” Slack bot, congratulating us on having no pending deployments. [1]",SUSPICIOUS,"Alt text contains redundant phrase ""screenshot of""",,(missing) [1],,(missing) [1],,(missing) [1],,,true,620,111,1,1,https://insidegovuk.blog.gov.uk/2021/08/05/how-and-why-we-switched-to-continuous-deployment-on-gov-uk/
https://insidegovuk.blog.gov.uk/wp-content/uploads/sites/24/2021/08/image8-620x137.png,"Screenshot of the GOV.UK Release app, which we use to monitor deployments. We added a new safety feature, “freeze deployments”, for the trial, which allows a developer to disable automatic deployments.","Screenshot of the GOV.UK Release app, which we use to monitor deployments. We added a new safety feature, “freeze deployments”, for the trial, which allows a developer to disable automatic deployments. [1]",SUSPICIOUS,"Alt text contains redundant phrase ""screenshot of""",,(missing) [1],,(missing) [1],,(missing) [1],,,true,620,137,1,1,https://insidegovuk.blog.gov.uk/2021/08/05/how-and-why-we-switched-to-continuous-deployment-on-gov-uk/
https://insidegovuk.blog.gov.uk/wp-content/uploads/sites/24/2021/11/Mobile-menu-isolated-620x413.png,"Screenshot of the GOV.UK menu showing the GOV.UK logo, a menu button with a chevron and a magnifying glass icon for search","Screenshot of the GOV.UK menu showing the GOV.UK logo, a menu button with a chevron and a magnifying glass icon for search [1]",SUSPICIOUS,"Alt text contains redundant phrase ""screenshot of""",,(missing) [1],,(missing) [1],,(missing) [1],,,true,620,413,1,1,https://insidegovuk.blog.gov.uk/2021/11/11/launching-gov-uks-new-menu-bar/
https://insidegovuk.blog.gov.uk/wp-content/uploads/sites/24/2021/12/image1-620x349.png,"A graphic of 2 mobile phone screens one showing the new top half of the GOV.UK homepage, and one showing the GOV.UK homepage scrolled down to the search bar","A graphic of 2 mobile phone screens one showing the new top half of the GOV.UK homepage, and one showing the GOV.UK homepage scrolled down to the search bar [1]",SUSPICIOUS,"Alt text contains redundant phrase ""graphic of""",,(missing) [1],,(missing) [1],,(missing) [1],,,true,620,349,1,1,https://insidegovuk.blog.gov.uk/2021/12/13/updating-the-gov-uk-homepage/
https://insidegovuk.blog.gov.uk/wp-content/uploads/sites/24/2021/12/image4-620x350.png,"A graphic of 2 mobile phone screens one showing the previous touch target which was just of the title text, and the other one showing the increased size of the touch target to include the title and description underneath","A graphic of 2 mobile phone screens one showing the previous touch target which was just of the title text, and the other one showing the increased size of the touch target to include the title and description underneath [1]",SUSPICIOUS,"Alt text contains redundant phrase ""graphic of""",,(missing) [1],,(missing) [1],,(missing) [1],,,true,620,350,1,1,https://insidegovuk.blog.gov.uk/2021/12/13/updating-the-gov-uk-homepage/
https://insidegovuk.blog.gov.uk/wp-content/uploads/sites/24/2021/12/image5-620x349.png,"A graphic of a mobile phone showing the GOV.UK homepage with the ""Popular on GOV.UK"" content with increased spacing between the lines","A graphic of a mobile phone showing the GOV.UK homepage with the ""Popular on GOV.UK"" content with increased spacing between the lines [1]",SUSPICIOUS,"Alt text contains redundant phrase ""graphic of""",,(missing) [1],,(missing) [1],,(missing) [1],,,true,620,349,1,1,https://insidegovuk.blog.gov.uk/2021/12/13/updating-the-gov-uk-homepage/
https://insidegovuk.blog.gov.uk/wp-content/uploads/sites/24/2022/02/image2-620x411.png,A screenshot of a GOV.UK page in Welsh. The page header appears in English.,A screenshot of a GOV.UK page in Welsh. The page header appears in English. [1],SUSPICIOUS,"Alt text contains redundant phrase ""screenshot of""",,(missing) [1],,(missing) [1],,(missing) [1],,,true,620,411,1,1,https://insidegovuk.blog.gov.uk/2022/02/09/how-we-improved-translations-on-gov-uk/
https://insidegovuk.blog.gov.uk/wp-content/uploads/sites/24/2022/02/image3-1-620x121.png,A screenshot of the code when it was failing to connect to our servers.,A screenshot of the code when it was failing to connect to our servers. [1],SUSPICIOUS,"Alt text contains redundant phrase ""screenshot of""",,(missing) [1],,(missing) [1],,(missing) [1],,,true,620,121,1,1,https://insidegovuk.blog.gov.uk/2022/02/25/incident-report-increased-error-rate-on-gov-uk-on-5-january-2022/
https://insidegovuk.blog.gov.uk/wp-content/uploads/sites/24/2022/02/image4-1-620x305.png,"Screenshot of error page on GOV.UK, which explains that there are technical issues","Screenshot of error page on GOV.UK, which explains that there are technical issues [1]",SUSPICIOUS,"Alt text contains redundant phrase ""screenshot of""",,(missing) [1],,(missing) [1],,(missing) [1],,,true,620,305,1,1,https://insidegovuk.blog.gov.uk/2022/02/25/incident-report-increased-error-rate-on-gov-uk-on-5-january-2022/
https://insidegovuk.blog.gov.uk/wp-content/uploads/sites/24/2022/02/image6-620x489.png,"A German-language page with an image of the the sign of the Foreign, Commonwealth and Development Office.","A German-language page with an image of the the sign of the Foreign, Commonwealth and Development Office. [1]",SUSPICIOUS,"Alt text contains redundant phrase ""image of""",,(missing) [1],,(missing) [1],,(missing) [1],,,true,620,489,1,1,https://insidegovuk.blog.gov.uk/2022/02/09/how-we-improved-translations-on-gov-uk/
https://insidegovuk.blog.gov.uk/wp-content/uploads/sites/24/2022/06/image1-copy-620x491.png,"A screenshot of what users see when they subscribe to alerts about page changes. It says: Click the link to confirm that you want to get emails from GOV.UK Yes, I want emails about Companies House This link will stop working after 7 days. You'll get one email a week. You can change this any time. If you did not request this email, you can ignore it. Thanks GOV.UK emails","A screenshot of what users see when they subscribe to alerts about page changes. It says: Click the link to confirm that you want to get emails from GOV.UK Yes, I want emails about Companies House This link will stop working after 7 days. You'll get one email a week. You can change this any time. If you did not request this email, you can ignore it. Thanks GOV.UK emails [1]",SUSPICIOUS,"Alt text contains redundant phrase ""screenshot of""",,(missing) [1],,(missing) [1],,(missing) [1],,,true,620,491,1,1,https://insidegovuk.blog.gov.uk/2022/06/17/incident-report-unable-to-subscribe-and-unsubscribe-from-email-alerts-on-30-to-31-may-2022/
https://insidegovuk.blog.gov.uk/wp-content/uploads/sites/24/2022/06/image2-copy-620x243.png,A screenshot of what users saw when during the incident. It says: Your link has expired The links we send only work for 7 days. This is to protect your personal data.,A screenshot of what users saw when during the incident. It says: Your link has expired The links we send only work for 7 days. This is to protect your personal data. [1],SUSPICIOUS,"Alt text contains redundant phrase ""screenshot of""",,(missing) [1],,(missing) [1],,(missing) [1],,,true,620,243,1,1,https://insidegovuk.blog.gov.uk/2022/06/17/incident-report-unable-to-subscribe-and-unsubscribe-from-email-alerts-on-30-to-31-may-2022/
https://insidegovuk.blog.gov.uk/wp-content/uploads/sites/24/2022/07/image1-copy-2-620x570.png,Screenshot of View your Annual Tax Summary page on GOV.UK with the Related content section highlighted by a red box showing 5 related links: Check when you can expect a replay from HMRC Check your tax with the official HMRC app Tax return for Self Assessment Check your payroll calculations manually Register for Self Assessment,Screenshot of View your Annual Tax Summary page on GOV.UK with the Related content section highlighted by a red box showing 5 related links: Check when you can expect a replay from HMRC Check your tax with the official HMRC app Tax return for Self Assessment Check your payroll calculations manually Register for Self Assessment [1],SUSPICIOUS,"Alt text contains redundant phrase ""screenshot of""",,(missing) [1],,(missing) [1],,(missing) [1],,,true,620,570,1,1,https://insidegovuk.blog.gov.uk/2022/07/04/opening-up-our-code-and-logic-for-algorithmic-decision-making/
https://insidegovuk.blog.gov.uk/wp-content/uploads/sites/24/2022/07/image1-copy-620x317.png,"Screenshot of a javascript code snippet of the paste-html-to-govspeak implementation. The first line is a code comment reading: “npm install paste-html-to-govspeak”. The next line imports the module, reading: “import { pasteListener } from 'paste-html-to-govspeak'”. The last line gives an example of how to attach the paste event listener to the element, this reads as “element.addEventListener('paste', pasteListener)”.","Screenshot of a javascript code snippet of the paste-html-to-govspeak implementation. The first line is a code comment reading: “npm install paste-html-to-govspeak”. The next line imports the module, reading: “import { pasteListener } from 'paste-html-to-govspeak'”. The last line gives an example of how to attach the paste event listener to the element, this reads as “element.addEventListener('paste', pasteListener)”. [1]",SUSPICIOUS,"Alt text contains redundant phrase ""screenshot of""",,(missing) [1],,(missing) [1],,(missing) [1],,,true,620,317,1,1,https://insidegovuk.blog.gov.uk/2022/07/29/how-were-saving-publishers-time-by-converting-formatted-text/
https://insidegovuk.blog.gov.uk/wp-content/uploads/sites/24/2022/08/image1-620x431.jpg,"A graphic of the new topic page design showing ""Benefits and financial support for families""","A graphic of the new topic page design showing ""Benefits and financial support for families"" [1]",SUSPICIOUS,"Alt text contains redundant phrase ""graphic of""",,(missing) [1],,(missing) [1],,(missing) [1],,,true,620,431,1,1,https://insidegovuk.blog.gov.uk/2022/08/08/rolling-out-a-new-design-for-browsing-gov-uk-by-topic/
https://insidegovuk.blog.gov.uk/wp-content/uploads/sites/24/2022/08/image3-1-620x266.png,"Image of a load time distribution graph from Real User Monitoring data for GOV.UK over the month of May 2022, showing our 75th percentile load time is 0.824 seconds and that some users see a load time as big as 2.35 seconds.","Image of a load time distribution graph from Real User Monitoring data for GOV.UK over the month of May 2022, showing our 75th percentile load time is 0.824 seconds and that some users see a load time as big as 2.35 seconds. [1]",SUSPICIOUS,"Alt text contains redundant phrase ""image of""",,(missing) [1],,(missing) [1],,(missing) [1],,,true,620,266,1,1,https://insidegovuk.blog.gov.uk/2022/08/15/the-impact-of-removing-jquery-on-our-web-performance/
https://insidegovuk.blog.gov.uk/wp-content/uploads/sites/24/2022/11/Image-1-620x426.jpg,"A screenshot of the Business tax topic page, with 6 subheadings with titles including: 'Pay HMRC' and 'VAT. These subheadings can be expanded to show content links using a blue link saying 'Show'.","A screenshot of the Business tax topic page, with 6 subheadings with titles including: 'Pay HMRC' and 'VAT. These subheadings can be expanded to show content links using a blue link saying 'Show'. [1]",SUSPICIOUS,"Alt text contains redundant phrase ""screenshot of""",,(missing) [1],,(missing) [1],,(missing) [1],,,true,620,426,1,1,https://insidegovuk.blog.gov.uk/2022/11/21/improving-the-design-of-subtopic-pages/
https://insidegovuk.blog.gov.uk/wp-content/uploads/sites/24/2022/11/image-2-1-620x550.jpg,Screenshot of section of the Household Support Fund: guidance for local councils page showing the different formats,Screenshot of section of the Household Support Fund: guidance for local councils page showing the different formats [1],SUSPICIOUS,"Alt text contains redundant phrase ""screenshot of""",,(missing) [1],,(missing) [1],,(missing) [1],,,true,620,550,1,1,https://insidegovuk.blog.gov.uk/2022/11/24/incident-report-some-gov-uk-urls-blocked-by-deceptive-site-warning/
https://insidegovuk.blog.gov.uk/wp-content/uploads/sites/24/2022/11/Image-2-620x426.jpg,"A screenshot of the Business tax topic page, showing 3 subheadings with titles including: 'Pay HMRC' and 'VAT. In this design there's a grey dividing between the subheading and a list of content links shown under each subheading.","A screenshot of the Business tax topic page, showing 3 subheadings with titles including: 'Pay HMRC' and 'VAT. In this design there's a grey dividing between the subheading and a list of content links shown under each subheading. [1]",SUSPICIOUS,"Alt text contains redundant phrase ""screenshot of""",,(missing) [1],,(missing) [1],,(missing) [1],,,true,620,426,1,1,https://insidegovuk.blog.gov.uk/2022/11/21/improving-the-design-of-subtopic-pages/
https://insidegovuk.blog.gov.uk/wp-content/uploads/sites/24/2023/01/P1013756-620x413.jpg,A picture of the authors using a whiteboard to lead a workshop,A picture of the authors using a whiteboard to lead a workshop [1],SUSPICIOUS,"Alt text contains redundant phrase ""picture of""",,(missing) [1],,(missing) [1],,(missing) [1],,,true,620,413,1,1,https://insidegovuk.blog.gov.uk/2023/01/25/how-we-ran-a-discovery-for-gov-uk-publishing-permissions/
https://insidegovuk.blog.gov.uk/wp-content/uploads/sites/24/2023/03/Screenshot-1-620x430.jpeg,Side by side image of before and after of COVID-19 page with improved headings,Side by side image of before and after of COVID-19 page with improved headings [1],SUSPICIOUS,"Alt text contains redundant phrase ""image of""",,(missing) [1],,(missing) [1],,(missing) [1],,,true,620,430,1,1,https://insidegovuk.blog.gov.uk/2023/03/06/responding-to-the-changing-user-needs-of-the-covid-19-landing-page/
https://insidegovuk.blog.gov.uk/wp-content/uploads/sites/24/2023/03/SCreenshot-2-620x351.png,"Screenshot of COVID-19 page after the improvements showing the ""There are no coronavirus (COVID-19) restrictions in the UK."" line","Screenshot of COVID-19 page after the improvements showing the ""There are no coronavirus (COVID-19) restrictions in the UK."" line [1]",SUSPICIOUS,"Alt text contains redundant phrase ""screenshot of""",,(missing) [1],,(missing) [1],,(missing) [1],,,true,620,351,1,1,https://insidegovuk.blog.gov.uk/2023/03/06/responding-to-the-changing-user-needs-of-the-covid-19-landing-page/
https://insidegovuk.blog.gov.uk/wp-content/uploads/sites/24/2023/03/Screenshot-2023-03-06-at-14.32.09-620x352.jpg,Screenshot of COVID-19 page before the changes,Screenshot of COVID-19 page before the changes [1],SUSPICIOUS,"Alt text contains redundant phrase ""screenshot of""",,(missing) [1],,(missing) [1],,(missing) [1],,,true,620,352,1,1,https://insidegovuk.blog.gov.uk/2023/03/06/responding-to-the-changing-user-needs-of-the-covid-19-landing-page/
https://insidegovuk.blog.gov.uk/wp-content/uploads/sites/24/2023/08/old-620x372.png,"A screenshot of the old way to add an image to Whitehall publisher. The widget invites the publisher to add a file, alt text and caption","A screenshot of the old way to add an image to Whitehall publisher. The widget invites the publisher to add a file, alt text and caption [1]",SUSPICIOUS,"Alt text contains redundant phrase ""screenshot of""",,(missing) [1],,(missing) [1],,(missing) [1],,,true,620,372,1,1,https://insidegovuk.blog.gov.uk/2023/08/10/making-it-easier-to-add-images-on-gov-uk/
https://insidegovuk.blog.gov.uk/wp-content/uploads/sites/24/2023/11/govuk-homepage-desktop-620x349.png,"A graphic of the first half of the new GOV.UK homepage on a desktop screen showing the new header at the top, followed by the Popular on GOV.UK links. Below the Popular on GOV.UK links you can see the Services and information list and Featured list appearing next to each other in a 2/3 column grid.","A graphic of the first half of the new GOV.UK homepage on a desktop screen showing the new header at the top, followed by the Popular on GOV.UK links. Below the Popular on GOV.UK links you can see the Services and information list and Featured list appearing next to each other in a 2/3 column grid. [1]",SUSPICIOUS,"Alt text contains redundant phrase ""graphic of""",,(missing) [1],,(missing) [1],,(missing) [1],,,true,620,349,1,1,https://insidegovuk.blog.gov.uk/2023/11/01/a-bold-new-look-for-the-gov-uk-homepage/
https://insidegovuk.blog.gov.uk/wp-content/uploads/sites/24/2023/11/govuk-homepage-mobile-620x349.png,"A graphic of the top part of mobile phone screen showing the new GOV.UK homepage's header. The header uses a blue background and includes the menu bar at the top followed by a tagline saying 'GOV.UK, The best place to find government services and information'. Below the tagline it's the search bar.","A graphic of the top part of mobile phone screen showing the new GOV.UK homepage's header. The header uses a blue background and includes the menu bar at the top followed by a tagline saying 'GOV.UK, The best place to find government services and information'. Below the tagline it's the search bar. [1]",SUSPICIOUS,"Alt text contains redundant phrase ""graphic of""",,(missing) [1],,(missing) [1],,(missing) [1],,,true,620,349,1,1,https://insidegovuk.blog.gov.uk/2023/11/01/a-bold-new-look-for-the-gov-uk-homepage/
https://insidegovuk.blog.gov.uk/wp-content/uploads/sites/24/2023/11/govuk-homepage-mockups-620x349.png,"A graphic of 3 mobile phone screens and 1 desktop screen. The larger mobile screen shows the default view of the new GOV.UK homepage, which includes the menu bar, the header and the search bar followed by part of the Popular on GOV.UK links. The other two mobile screens are smaller and show the rest of the homepage scrolled down, including the first part of the Services and Information section and the Featured sections.","A graphic of 3 mobile phone screens and 1 desktop screen. The larger mobile screen shows the default view of the new GOV.UK homepage, which includes the menu bar, the header and the search bar followed by part of the Popular on GOV.UK links. The other two mobile screens are smaller and show the rest of the homepage scrolled down, including the first part of the Services and Information section and the Featured sections. [1]",SUSPICIOUS,"Alt text contains redundant phrase ""graphic of""",,(missing) [1],,(missing) [1],,(missing) [1],,,true,620,349,1,1,https://insidegovuk.blog.gov.uk/2023/11/01/a-bold-new-look-for-the-gov-uk-homepage/
https://insidegovuk.blog.gov.uk/wp-content/uploads/sites/24/2023/12/image2-310x225.jpg,"A screenshot of the experimental GOV.UK Chat system. A user has typed in a question and the system is generating a response. The question reads “As a small business, do I need to charge VAT to people in Italy when I sell a service online?”","A screenshot of the experimental GOV.UK Chat system. A user has typed in a question and the system is generating a response. The question reads “As a small business, do I need to charge VAT to people in Italy when I sell a service online?” [1]",SUSPICIOUS,"Alt text contains redundant phrase ""screenshot of""",,(missing) [1],,(missing) [1],,(missing) [1],,,true,709,515,1,1,https://insidegovuk.blog.gov.uk/2024/01/18/the-findings-of-our-first-generative-ai-experiment-gov-uk-chat/
https://insidegovuk.blog.gov.uk/wp-content/uploads/sites/24/2024/10/prototype-testing-tool-1-310x157.png,"A screenshot of the tool we built for colleagues to review search results from different prototypes. The query ‘What do I need to do to travel to India?’ is entered in the search field, and 4 columns containing search results can be seen. At the top of each column users are invited to ‘mark as best results’.","A screenshot of the tool we built for colleagues to review search results from different prototypes. The query ‘What do I need to do to travel to India?’ is entered in the search field, and 4 columns containing search results can be seen. At the top of each column users are invited to ‘mark as best results’. [1]",SUSPICIOUS,"Alt text contains redundant phrase ""screenshot of""",,(missing) [1],,(missing) [1],,(missing) [1],,,true,659,332,1,1,https://insidegovuk.blog.gov.uk/2024/10/23/a-new-search-engine-for-gov-uk/
https://insidegovuk.blog.gov.uk/wp-content/uploads/sites/24/2024/11/image1-310x174.png,"An image of the initial message seen by GOV.UK Chat users displayed on a smartphone, against a light blue background. The message says “Hello, I’m GOV.UK Chat. I’m an experimental tool that uses AI to help you find information about business and trade.”","An image of the initial message seen by GOV.UK Chat users displayed on a smartphone, against a light blue background. The message says “Hello, I’m GOV.UK Chat. I’m an experimental tool that uses AI to help you find information about business and trade.” [1]",SUSPICIOUS,"Alt text contains redundant phrase ""image of""",,(missing) [1],,(missing) [1],,(missing) [1],,,true,657,369,1,1,https://insidegovuk.blog.gov.uk/2024/11/05/gov-uk-chat-understanding-and-addressing-jailbreaking-in-our-generative-ai-experiment/
https://insidegovuk.blog.gov.uk/wp-content/uploads/sites/24/2025/02/image1-e1740480278809-310x225.png,"Screenshot of the GOV.UK Publishing Design Guide homepage, featuring a crown logo, navigation links, a description of the design guide, and guidance section.","Screenshot of the GOV.UK Publishing Design Guide homepage, featuring a crown logo, navigation links, a description of the design guide, and guidance section. [1]",SUSPICIOUS,"Alt text contains redundant phrase ""screenshot of""",,(missing) [1],,(missing) [1],,(missing) [1],,,true,859,622,1,1,https://insidegovuk.blog.gov.uk/2025/02/25/creating-the-gov-uk-publishing-design-guide/
https://insidegovuk.blog.gov.uk/wp-content/uploads/sites/24/2025/02/image4-310x176.png,"Screenshot of a virtual whiteboard, showing a workshop activity to draft content sections for the documentation templates.","Screenshot of a virtual whiteboard, showing a workshop activity to draft content sections for the documentation templates. [1]",SUSPICIOUS,"Alt text contains redundant phrase ""screenshot of""",,(missing) [1],,(missing) [1],,(missing) [1],,,true,867,491,1,1,https://insidegovuk.blog.gov.uk/2025/02/25/creating-the-gov-uk-publishing-design-guide/
https://insidegovuk.blog.gov.uk/wp-content/uploads/sites/24/2020/07/search-mobile-screens_AFTER-620x310.png,"Four smartphones showing different parts of the GOV.UK search journey after the changes. The first screenshot shows the user selecting 'filter' on a search results page. The second screenshot gives the user the option to filter by 'topic', 'show only', 'organisation', 'world location' and 'date' and the user selects the 'show only' drop down. The third screenshot shows tick boxes to select 'services', ‘guidance and regulation’, ‘news and communications’, ‘research and statistics’. The user ticks ‘services’ and ‘guidance and regulation’ and selects a green button 'show 6,080 results'. The fourth screenshot shows the search results page with ""Filter (2)"".","Four smartphones showing different parts of the GOV.UK search journey after the changes. The first screenshot shows the user selecting 'filter' on a search results page. The second screenshot gives the user the option to filter by 'topic', 'show only', 'organisation', 'world location' and 'date' and the user selects the 'show only' drop down. The third screenshot shows tick boxes to select 'services', ‘guidance and regulation’, ‘news and communications’, ‘research and statistics’. The user ticks ‘services’ and ‘guidance and regulation’ and selects a green button 'show 6,080 results'. The fourth screenshot shows the search results page with ""Filter (2)"". [1]",TOO_LONG,"Alt text is very long (661 chars); should this be shortened, or use aria-describedby for extended descriptions?",,(missing) [1],,(missing) [1],,(missing) [1],,,true,620,310,1,1,https://insidegovuk.blog.gov.uk/2020/07/23/improving-the-mobile-experience-on-gov-uk/
https://insidegovuk.blog.gov.uk/wp-content/uploads/sites/24/2020/07/search-mobile-screens_BEFORE-2-620x310.png,"Four smartphones showing different parts of the GOV.UK search journey before the changes. First screen shows a user searching for ‘my state pension’ and selecting ‘show more search options’. The second screenshot shows a user selecting to open a filter called ‘show only’. The third screenshot shows the options under ‘show only’: ‘services’, ‘guidance and regulation’, ‘news and communications’, ‘research and statistics’. The user selects ‘services’ and ‘guidance and regulation’. The forth screenshot shows the user selecting 'show fewer search options' and showing the options the user has chosen.","Four smartphones showing different parts of the GOV.UK search journey before the changes. First screen shows a user searching for ‘my state pension’ and selecting ‘show more search options’. The second screenshot shows a user selecting to open a filter called ‘show only’. The third screenshot shows the options under ‘show only’: ‘services’, ‘guidance and regulation’, ‘news and communications’, ‘research and statistics’. The user selects ‘services’ and ‘guidance and regulation’. The forth screenshot shows the user selecting 'show fewer search options' and showing the options the user has chosen. [1]",TOO_LONG,"Alt text is very long (601 chars); should this be shortened, or use aria-describedby for extended descriptions?",,(missing) [1],,(missing) [1],,(missing) [1],,,true,620,310,1,1,https://insidegovuk.blog.gov.uk/2020/07/23/improving-the-mobile-experience-on-gov-uk/
https://insidegovuk.blog.gov.uk/wp-content/uploads/sites/24/2020/08/image2-620x317.png,"A visual representation of the GOV.UK knowledge graph. It shows a simple graph schema consisting of nodes, represented by coloured circles, and edges, represented by directed arrows. It shows some of the main entity types in the graph. Cid stands for content id, and can be thought of as a piece of content on GOV.UK. Also present are organisations, people and roles. More important are the relationships between entities, including some machine learning derived features such as HAS_SIMILAR_CONTENT_TO which uses the cosine similarity of 'content embeddings' to compute how similar they are to one another.","A visual representation of the GOV.UK knowledge graph. It shows a simple graph schema consisting of nodes, represented by coloured circles, and edges, represented by directed arrows. It shows some of the main entity types in the graph. Cid stands for content id, and can be thought of as a piece of content on GOV.UK. Also present are organisations, people and roles. More important are the relationships between entities, including some machine learning derived features such as HAS_SIMILAR_CONTENT_TO which uses the cosine similarity of 'content embeddings' to compute how similar they are to one another. [1]",TOO_LONG,"Alt text is very long (607 chars); should this be shortened, or use aria-describedby for extended descriptions?",,(missing) [1],,(missing) [1],,(missing) [1],,,true,620,317,1,1,https://insidegovuk.blog.gov.uk/2020/08/07/one-graph-to-rule-them-all/
https://insidegovuk.blog.gov.uk/wp-content/uploads/sites/24/2020/08/image3-620x279.png,"The user journey visualisation app allows users to enter the base paths of pages they care about and the movement of users between them. These are entered into text boxes on the left hand side of the image. A yellow button called ""visualise journeys"" can be clicked to query govGraph and return a visualisation on the right side of the screen. It shows four pages connected by user movement. The size of the circles are proportional to how popular the page is, the thickness of the arrows shows the number of users moving. From this image we can see how users move around the pages associated with taking pets abroad.","The user journey visualisation app allows users to enter the base paths of pages they care about and the movement of users between them. These are entered into text boxes on the left hand side of the image. A yellow button called ""visualise journeys"" can be clicked to query govGraph and return a visualisation on the right side of the screen. It shows four pages connected by user movement. The size of the circles are proportional to how popular the page is, the thickness of the arrows shows the number of users moving. From this image we can see how users move around the pages associated with taking pets abroad. [1]",TOO_LONG,"Alt text is very long (617 chars); should this be shortened, or use aria-describedby for extended descriptions?",,(missing) [1],,(missing) [1],,(missing) [1],,,true,620,279,1,1,https://insidegovuk.blog.gov.uk/2020/08/07/one-graph-to-rule-them-all/
https://insidegovuk.blog.gov.uk/wp-content/uploads/sites/24/2020/12/Services-and-guidance-for-you-.png,"Screenshot of 'Because you said' model showing a page with title saying: Services and guidance for you. These recommendations are based on data about [hyperlinked] - then 3 services - Checking a job applicant's right to work. Make sure a job applicant can work in the UK - check they have the right documents and make sure you're not prosecuted for employing an illegal worker. Because you said you employ people from outside the UK, Update this if it's not correct [hyperlinked]. Import goods from outside the EU: step by step. How to bring goods into the UK from outside the EU, including how much tax and duty you'll need to pay and whether you need to get a licence or certificate. Because you said you import goods. Update this if it's not correct [hyperlinked]. Export goods to countries outside the EU: step by step. How to move goods from the UK to countries outside the EU, including any special rules you'll need to follow for your goods in the UK and the destination country. Because you said you export goods. Literal text. This is followed by text containing a hyperlink reading ""Update this if it's not correct","Screenshot of 'Because you said' model showing a page with title saying: Services and guidance for you. These recommendations are based on data about [hyperlinked] - then 3 services - Checking a job applicant's right to work. Make sure a job applicant can work in the UK - check they have the right documents and make sure you're not prosecuted for employing an illegal worker. Because you said you employ people from outside the UK, Update this if it's not correct [hyperlinked]. Import goods from outside the EU: step by step. How to bring goods into the UK from outside the EU, including how much tax and duty you'll need to pay and whether you need to get a licence or certificate. Because you said you import goods. Update this if it's not correct [hyperlinked]. Export goods to countries outside the EU: step by step. How to move goods from the UK to countries outside the EU, including any special rules you'll need to follow for your goods in the UK and the destination country. Because you said you export goods. Literal text. This is followed by text containing a hyperlink reading ""Update this if it's not correct [1]",TOO_LONG,"Alt text contains redundant phrase ""screenshot of""; Alt text is very long (1124 chars); should this be shortened, or use aria-describedby for extended descriptions?",,(missing) [1],,(missing) [1],,(missing) [1],,,true,546,579,1,1,https://insidegovuk.blog.gov.uk/2020/12/09/five-things-weve-learned-from-researching-the-gov-uk-account/
https://insidegovuk.blog.gov.uk/wp-content/uploads/sites/24/2020/12/v2-how-we-will-use-data-about-you-620x726.png,"Screenshot of an early prototype of a privacy screen. Title on page is How we will use data about you. Then says we'll store the information you provided about yourself to suggest guidance and services that might be relevant to you. We'll also collect analytics about how you use GOV.UK when you're logged into your account. We'll use these analytics to improve GOV.UK for everyone and to make your GOV.UK account as useful as possible. Sub-heading of: What you can control about your data. You'll be able to choose what data about you we store and share. You can change your mind about this at any time. As your GOV.UK account develops over time, we may give other government services access to your data. We'll always ask for your permission beforehand. Subheading of We need your feedback. We might email you to ask for any feedback or thoughts you may have about your GOV.UK account. We'll use this feedback to make improvements and add more functionality to GOV.UK accounts. You'll be able to opt out of getting these emails if you'd rather not give feedback. With a click and agree and continue button","Screenshot of an early prototype of a privacy screen. Title on page is How we will use data about you. Then says we'll store the information you provided about yourself to suggest guidance and services that might be relevant to you. We'll also collect analytics about how you use GOV.UK when you're logged into your account. We'll use these analytics to improve GOV.UK for everyone and to make your GOV.UK account as useful as possible. Sub-heading of: What you can control about your data. You'll be able to choose what data about you we store and share. You can change your mind about this at any time. As your GOV.UK account develops over time, we may give other government services access to your data. We'll always ask for your permission beforehand. Subheading of We need your feedback. We might email you to ask for any feedback or thoughts you may have about your GOV.UK account. We'll use this feedback to make improvements and add more functionality to GOV.UK accounts. You'll be able to opt out of getting these emails if you'd rather not give feedback. With a click and agree and continue button [1]",TOO_LONG,"Alt text contains redundant phrase ""screenshot of""; Alt text is very long (1107 chars); should this be shortened, or use aria-describedby for extended descriptions?",,(missing) [1],,(missing) [1],,(missing) [1],,,true,620,726,1,1,https://insidegovuk.blog.gov.uk/2020/12/09/five-things-weve-learned-from-researching-the-gov-uk-account/
https://insidegovuk.blog.gov.uk/wp-content/uploads/sites/24/2021/01/GOV.UK-Accounts-and-Tech-arch-Accounts_Blog-Page-1-620x588.png,"Architectural diagram of GOV.UK Accounts. Shows a user's device with authenticator or text 2FA. From there there are 3 journeys. 1) To transition checker and then onto service data. 2) Other GOV.UK services onto service data and 3) Into GOV.UK Accounts. Both Transition checker and Other GOV.UK Services can also lead into GOV.UK Accounts. From GOV.UK Accounts you go into Broker. From there there are 3 options: Authentication service to credentials, Preferences and consent management to consents and preferences, attribute store to attributes. All this goes into GOV.UK Data Labs. Alongside this user journey is supporting services/infrastructure: Trust framework and fraud protection and monitoring","Architectural diagram of GOV.UK Accounts. Shows a user's device with authenticator or text 2FA. From there there are 3 journeys. 1) To transition checker and then onto service data. 2) Other GOV.UK services onto service data and 3) Into GOV.UK Accounts. Both Transition checker and Other GOV.UK Services can also lead into GOV.UK Accounts. From GOV.UK Accounts you go into Broker. From there there are 3 options: Authentication service to credentials, Preferences and consent management to consents and preferences, attribute store to attributes. All this goes into GOV.UK Data Labs. Alongside this user journey is supporting services/infrastructure: Trust framework and fraud protection and monitoring [1]",TOO_LONG,"Alt text is very long (702 chars); should this be shortened, or use aria-describedby for extended descriptions?",,(missing) [1],,(missing) [1],,(missing) [1],,,true,620,588,1,1,https://insidegovuk.blog.gov.uk/2021/01/07/the-technical-architecture-behind-a-gov-uk-account/
https://insidegovuk.blog.gov.uk/wp-content/uploads/sites/24/2021/10/image4-620x246.png,"Final new accordion design showing “Show all Sections'' blue button and text on the left with a chevron icon. Individual section “Section A” is focused with yellow background, black font colours and underline. Directly under this, additional text ""Hide (this section)"" with a chevron icon is also focused. This section is expanded to reveal the inner list content of ""Example item 1"". Below is “Section B” of the accordion in a collapsed unfocused state with ""Show (this section) and an chevron icon. Each section is separated by grey borders.","Final new accordion design showing “Show all Sections'' blue button and text on the left with a chevron icon. Individual section “Section A” is focused with yellow background, black font colours and underline. Directly under this, additional text ""Hide (this section)"" with a chevron icon is also focused. This section is expanded to reveal the inner list content of ""Example item 1"". Below is “Section B” of the accordion in a collapsed unfocused state with ""Show (this section) and an chevron icon. Each section is separated by grey borders. [1]",TOO_LONG,"Alt text is very long (543 chars); should this be shortened, or use aria-describedby for extended descriptions?",,(missing) [1],,(missing) [1],,(missing) [1],,,true,620,246,1,1,https://insidegovuk.blog.gov.uk/2021/10/29/how-we-made-the-gov-uk-accordion-component-more-accessible/
https://insidegovuk.blog.gov.uk/wp-content/uploads/sites/24/2022/10/Screenshot-2022-10-27-at-10.10.03-620x411.png,"A page on the GOV.UK website showing a start page with the title: ‘Check if you’ll have to pay to fix safety problems with your building’. Below this title are the words: ‘If you’re a leaseholder in England, check whether you’ll have to pay to replace cladding or to fix other safety problems with your building. If you have more than one property, answer for one property at a time. You’ll need to know the value of the property the last time it was sold before 14 February 2022. Check your lease if you’re not sure or search sold property prices.’ Below this are white words: ‘Start now’ on the green prompt button. This button takes you to the first page of the smart answer.","A page on the GOV.UK website showing a start page with the title: ‘Check if you’ll have to pay to fix safety problems with your building’. Below this title are the words: ‘If you’re a leaseholder in England, check whether you’ll have to pay to replace cladding or to fix other safety problems with your building. If you have more than one property, answer for one property at a time. You’ll need to know the value of the property the last time it was sold before 14 February 2022. Check your lease if you’re not sure or search sold property prices.’ Below this are white words: ‘Start now’ on the green prompt button. This button takes you to the first page of the smart answer. [1]",TOO_LONG,"Alt text is very long (678 chars); should this be shortened, or use aria-describedby for extended descriptions?",,(missing) [1],,(missing) [1],,(missing) [1],,,true,620,411,1,1,https://insidegovuk.blog.gov.uk/2022/10/27/helping-people-understand-cladding-and-building-safety-costs/
https://insidegovuk.blog.gov.uk/wp-content/uploads/sites/24/2019/04/Content-Publisher-image-620x413.png,,(empty) [1],DECORATIVE,,,(missing) [1],,(missing) [1],,(missing) [1],,,true,620,413,1,1,https://insidegovuk.blog.gov.uk/2019/04/23/building-and-testing-the-new-content-publisher/
https://insidegovuk.blog.gov.uk/wp-content/uploads/sites/24/2020/06/Brexit-transition-landing-page-screngrab-310x219.png,,(empty) [1],DECORATIVE,,,(missing) [1],,(missing) [1],,(missing) [1],,,true,411,290,1,1,https://insidegovuk.blog.gov.uk/2020/06/25/the-2020-to-2021-gov-uk-roadmap/
https://insidegovuk.blog.gov.uk/wp-content/uploads/sites/24/2020/06/Onebox-treatment.png,,(empty) [1],DECORATIVE,,,(missing) [1],,(missing) [1],,(missing) [1],,,true,620,618,1,1,https://insidegovuk.blog.gov.uk/2020/06/25/the-2020-to-2021-gov-uk-roadmap/
https://insidegovuk.blog.gov.uk/wp-content/uploads/sites/24/2020/08/GOV.UK-sites-1-310x190.jpg,,(empty) [1],DECORATIVE,,,(missing) [1],,(missing) [1],,(missing) [1],,,true,694,425,1,1,https://insidegovuk.blog.gov.uk/2020/08/20/weve-updated-the-gov-uk-proposition/
https://insidegovuk.blog.gov.uk/wp-content/uploads/sites/24/2022/08/51652838420_7bcbbb0d1c_c-1-620x414v2.jpg,,(empty) [1],DECORATIVE,,,(missing) [1],,(missing) [1],,(missing) [1],,,true,620,414,1,1,https://insidegovuk.blog.gov.uk/2022/08/11/how-and-why-we-removed-jquery-from-gov-uk/
https://insidegovuk.blog.gov.uk/wp-content/uploads/sites/24/2022/11/image-1-1-620x425.jpg,,(empty) [1],DECORATIVE,,,(missing) [1],,(missing) [1],,(missing) [1],,,true,620,425,1,1,https://insidegovuk.blog.gov.uk/2022/11/24/incident-report-some-gov-uk-urls-blocked-by-deceptive-site-warning/
https://insidegovuk.blog.gov.uk/wp-content/uploads/sites/24/2023/01/Screenshot-2023-01-25-at-12.25.03-620x624.png,,(empty) [1],DECORATIVE,,,(missing) [1],,(missing) [1],,(missing) [1],,,true,620,624,1,1,https://insidegovuk.blog.gov.uk/2023/01/25/how-we-ran-a-discovery-for-gov-uk-publishing-permissions/
https://insidegovuk.blog.gov.uk/wp-content/uploads/sites/24/2023/08/02-whitehall-resize-image-1-620x480.png,,(empty) [1],DECORATIVE,,,(missing) [1],,(missing) [1],,(missing) [1],,,true,620,480,1,1,https://insidegovuk.blog.gov.uk/2023/08/10/making-it-easier-to-add-images-on-gov-uk/
https://insidegovuk.blog.gov.uk/wp-content/uploads/sites/24/2024/11/image1-1-310x174.png,,(empty) [1],DECORATIVE,,,(missing) [1],,(missing) [1],,(missing) [1],,,true,764,428,1,1,https://insidegovuk.blog.gov.uk/2024/11/28/how-were-designing-gov-uk-chat/
https://insidegovuk.blog.gov.uk/wp-content/uploads/sites/24/2024/11/image3-310x174.png,,(empty) [1],DECORATIVE,,,(missing) [1],,(missing) [1],,(missing) [1],,,true,719,404,1,1,https://insidegovuk.blog.gov.uk/2024/11/28/how-were-designing-gov-uk-chat/
https://insidegovuk.blog.gov.uk/wp-content/uploads/sites/24/2024/11/image4-310x164.png,,(empty) [1],DECORATIVE,,,(missing) [1],,(missing) [1],,(missing) [1],,,true,630,333,1,1,https://insidegovuk.blog.gov.uk/2024/11/28/how-were-designing-gov-uk-chat/
https://insidegovuk.blog.gov.uk/wp-content/uploads/sites/24/2024/12/image2-310x174.png,,(empty) [1],DECORATIVE,,,(missing) [1],,(missing) [1],,(missing) [1],,,true,854,480,1,1,https://insidegovuk.blog.gov.uk/2024/12/12/making-it-quicker-and-easier-to-search-on-gov-uk/
https://insidegovuk.blog.gov.uk/wp-content/uploads/sites/24/2024/12/image3-310x174.png,,(empty) [1],DECORATIVE,,,(missing) [1],,(missing) [1],,(missing) [1],,,true,801,450,1,1,https://insidegovuk.blog.gov.uk/2024/12/12/making-it-quicker-and-easier-to-search-on-gov-uk/
https://insidegovuk.blog.gov.uk/wp-content/uploads/sites/24/2025/01/P1053661-310x207.jpg,,(empty) [1],DECORATIVE,,,(missing) [1],,(missing) [1],,(missing) [1],,,true,701,467,1,1,https://insidegovuk.blog.gov.uk/2025/01/31/rolling-out-simpler-ways-to-navigate-gov-uks-topic-pages/
https://insidegovuk.blog.gov.uk/wp-content/uploads/sites/24/2025/12/app_blog_image-310x207.png,"Graphic showing 3 mobile phone screens with GOV.UK app on them. Title ""GOV.UK Public beta""","Graphic showing 3 mobile phone screens with GOV.UK app on them. Title ""GOV.UK Public beta"" [100]",GOOD,,,(missing) [100],,(missing) [100],,(missing) [100],,,true,300,200,100,100,https://insidegovuk.blog.gov.uk/2026/04/07/why-gov-uk-apis-are-changing-and-how-you-can-get-involved/; https://insidegovuk.blog.gov.uk/2026/03/16/5-things-we-learned-testing-gov-uk-chat-an-ai-assistant-for-government/; https://insidegovuk.blog.gov.uk/2026/03/06/how-we-retired-a-web-application-to-make-gov-uk-simpler-to-run/; https://insidegovuk.blog.gov.uk/2026/01/28/how-people-used-gov-uk-in-2025/; https://insidegovuk.blog.gov.uk/2026/01/20/testing-a-new-gov-uk-publishing-application-content-block-manager/; https://insidegovuk.blog.gov.uk/2025/12/16/gov-uk-has-entered-the-chat-our-vision-for-gov-uk-chat/; https://insidegovuk.blog.gov.uk/2025/11/10/a-year-of-google-analytics-4-on-gov-uk/; https://insidegovuk.blog.gov.uk/2025/04/10/how-information-architects-are-helping-to-build-gov-uks-future/; https://insidegovuk.blog.gov.uk/2025/02/25/creating-the-gov-uk-publishing-design-guide/; https://insidegovuk.blog.gov.uk/2025/01/31/rolling-out-simpler-ways-to-navigate-gov-uks-topic-pages/; https://insidegovuk.blog.gov.uk/2024/12/12/making-it-quicker-and-easier-to-search-on-gov-uk/; https://insidegovuk.blog.gov.uk/2024/11/28/how-were-designing-gov-uk-chat/; https://insidegovuk.blog.gov.uk/2024/11/05/gov-uk-chat-understanding-and-addressing-jailbreaking-in-our-generative-ai-experiment/; https://insidegovuk.blog.gov.uk/2024/11/05/were-running-a-private-beta-of-gov-uk-chat/; https://insidegovuk.blog.gov.uk/2024/10/23/a-new-search-engine-for-gov-uk/; https://insidegovuk.blog.gov.uk/2024/09/05/how-gov-uk-is-supporting-new-ideas-and-helping-the-next-generation-of-service-designers/; https://insidegovuk.blog.gov.uk/2024/08/07/introducing-gov-uks-new-publishing-strategy/; https://insidegovuk.blog.gov.uk/2024/02/19/updating-gov-uks-crown/; https://insidegovuk.blog.gov.uk/2024/02/08/moving-our-most-used-publishing-tool-to-the-gov-uk-design-system/; https://insidegovuk.blog.gov.uk/2024/01/18/the-findings-of-our-first-generative-ai-experiment-gov-uk-chat/; https://insidegovuk.blog.gov.uk/2024/01/18/experimenting-with-how-generative-ai-could-help-gov-uk-users/; https://insidegovuk.blog.gov.uk/2024/01/08/in-numbers-how-people-used-gov-uk-in-2023/; https://insidegovuk.blog.gov.uk/2023/12/21/updating-the-gov-uk-licence-finder/; https://insidegovuk.blog.gov.uk/2023/12/08/changing-the-gov-uk-proposition-supporting-our-strategy-for-growth/; https://insidegovuk.blog.gov.uk/2023/11/01/a-bold-new-look-for-the-gov-uk-homepage/; https://insidegovuk.blog.gov.uk/2023/09/20/undertaking-gov-uks-largest-software-infrastructure-project/; https://insidegovuk.blog.gov.uk/2023/08/24/how-we-developed-gov-uks-strategy-for-growth/; https://insidegovuk.blog.gov.uk/2023/08/10/making-it-easier-to-add-images-on-gov-uk/; https://insidegovuk.blog.gov.uk/2023/06/15/updating-gov-uk-when-there-is-a-machinery-of-government-change/; https://insidegovuk.blog.gov.uk/2023/03/06/responding-to-the-changing-user-needs-of-the-covid-19-landing-page/; https://insidegovuk.blog.gov.uk/2023/01/25/how-we-ran-a-discovery-for-gov-uk-publishing-permissions/; https://insidegovuk.blog.gov.uk/2022/12/07/improving-how-users-search-for-local-information-on-gov-uk/; https://insidegovuk.blog.gov.uk/2022/11/24/incident-report-some-gov-uk-urls-blocked-by-deceptive-site-warning/; https://insidegovuk.blog.gov.uk/2022/11/21/improving-the-design-of-subtopic-pages/; https://insidegovuk.blog.gov.uk/2022/11/03/how-gov-uk-is-upgrading-to-google-analytics-4/; https://insidegovuk.blog.gov.uk/2022/10/27/helping-people-understand-cladding-and-building-safety-costs/; https://insidegovuk.blog.gov.uk/2022/10/05/why-and-how-we-updated-the-gov-uk-campaign-templates/; https://insidegovuk.blog.gov.uk/2022/08/24/how-were-preparing-for-the-migration-to-google-analytics-4/; https://insidegovuk.blog.gov.uk/2022/08/15/the-impact-of-removing-jquery-on-our-web-performance/; https://insidegovuk.blog.gov.uk/2022/08/11/how-and-why-we-removed-jquery-from-gov-uk/; https://insidegovuk.blog.gov.uk/2022/08/08/rolling-out-a-new-design-for-browsing-gov-uk-by-topic/; https://insidegovuk.blog.gov.uk/2022/07/29/how-were-saving-publishers-time-by-converting-formatted-text/; https://insidegovuk.blog.gov.uk/2022/07/13/how-we-made-it-easier-for-publishers-to-share-previews-of-their-work/; https://insidegovuk.blog.gov.uk/2022/07/04/opening-up-our-code-and-logic-for-algorithmic-decision-making/; https://insidegovuk.blog.gov.uk/2022/06/17/incident-report-unable-to-subscribe-and-unsubscribe-from-email-alerts-on-30-to-31-may-2022/; https://insidegovuk.blog.gov.uk/2022/06/13/what-weve-learned-from-one-year-of-real-user-monitoring-data-on-gov-uk/; https://insidegovuk.blog.gov.uk/2022/06/06/iterating-the-gov-uk-proposition-the-first-of-our-improvements-for-2022/; https://insidegovuk.blog.gov.uk/2022/05/19/celebrating-global-accessibility-awareness-day-on-gov-uk/; https://insidegovuk.blog.gov.uk/2022/03/28/making-the-gov-uk-feedback-component-more-accessible/; https://insidegovuk.blog.gov.uk/2022/03/17/replacing-the-scroll-tracker-on-gov-uk/; https://insidegovuk.blog.gov.uk/2022/02/25/incident-report-increased-error-rate-on-gov-uk-on-5-january-2022/; https://insidegovuk.blog.gov.uk/2022/02/09/how-we-improved-translations-on-gov-uk/; https://insidegovuk.blog.gov.uk/2022/01/18/the-gov-uk-roadmap-what-were-working-on-through-spring-2022/; https://insidegovuk.blog.gov.uk/2021/12/13/updating-the-gov-uk-homepage/; https://insidegovuk.blog.gov.uk/2021/11/11/launching-gov-uks-new-menu-bar/; https://insidegovuk.blog.gov.uk/2021/10/29/how-we-made-the-gov-uk-accordion-component-more-accessible/; https://insidegovuk.blog.gov.uk/2021/09/09/platforms-and-services-the-gov-uk-architecture-strategy/; https://insidegovuk.blog.gov.uk/2021/08/16/working-with-user-feedback-during-covid-19/; https://insidegovuk.blog.gov.uk/2021/08/05/how-and-why-we-switched-to-continuous-deployment-on-gov-uk/; https://insidegovuk.blog.gov.uk/2021/07/14/a-team-effort-pair-writing-the-new-skilled-worker-visa-guidance-with-home-office-policy-experts/; https://insidegovuk.blog.gov.uk/2021/06/16/how-real-user-monitoring-will-improve-gov-uk-for-everyone/; https://insidegovuk.blog.gov.uk/2021/06/11/incident-report-gov-uk-outage-on-8-june-2021/; https://insidegovuk.blog.gov.uk/2021/06/02/how-we-are-creating-a-product-to-help-new-business-owners/; https://insidegovuk.blog.gov.uk/2021/05/28/working-in-data-insight-and-user-research-roles-at-gov-uk/; https://insidegovuk.blog.gov.uk/2021/05/24/weve-updated-our-roadmap-for-2021-to-2022/; https://insidegovuk.blog.gov.uk/2021/05/04/five-lessons-from-how-we-approached-scoping-a-whole-user-journey/; https://insidegovuk.blog.gov.uk/2021/04/28/scoping-the-starting-and-sustaining-a-business-whole-user-journey/; https://insidegovuk.blog.gov.uk/2021/04/09/were-hiring-more-technologists-for-gov-uk/; https://insidegovuk.blog.gov.uk/2021/03/31/4-tips-when-applying-for-a-job-at-gov-uk/; https://insidegovuk.blog.gov.uk/2021/03/16/reflections-on-the-gov-uk-accounts-trial-so-far/; https://insidegovuk.blog.gov.uk/2021/03/01/moving-into-content-design/; https://insidegovuk.blog.gov.uk/2021/02/09/apply-to-be-the-head-of-programme-delivery-for-gov-uk/; https://insidegovuk.blog.gov.uk/2021/02/01/weve-got-a-new-public-gov-uk-roadmap/; https://insidegovuk.blog.gov.uk/2021/01/21/respecting-users-privacy-on-gov-uk-accounts/; https://insidegovuk.blog.gov.uk/2021/01/07/the-technical-architecture-behind-a-gov-uk-account/; https://insidegovuk.blog.gov.uk/2020/12/09/five-things-weve-learned-from-researching-the-gov-uk-account/; https://insidegovuk.blog.gov.uk/2020/11/26/how-we-designed-the-gov-uk-accounts-trial/; https://insidegovuk.blog.gov.uk/2020/10/14/mapping-the-start-a-business-journey-on-gov-uk/; https://insidegovuk.blog.gov.uk/2020/10/07/using-accounts-to-personalise-the-user-experience-on-gov-uk/; https://insidegovuk.blog.gov.uk/2020/09/07/deputy-director-job-opportunities-with-gov-uk-at-the-government-digital-service/; https://insidegovuk.blog.gov.uk/2020/08/20/weve-updated-the-gov-uk-proposition/; https://insidegovuk.blog.gov.uk/2020/08/07/one-graph-to-rule-them-all/; https://insidegovuk.blog.gov.uk/2020/07/23/improving-the-mobile-experience-on-gov-uk/; https://insidegovuk.blog.gov.uk/2020/07/09/new-job-opportunities-with-gov-uk-at-the-government-digital-service/; https://insidegovuk.blog.gov.uk/2020/06/25/the-2020-to-2021-gov-uk-roadmap/; https://insidegovuk.blog.gov.uk/2020/05/07/six-lessons-from-gdss-introduction-to-content-design-course/; https://insidegovuk.blog.gov.uk/2019/10/25/how-we-prioritise-bug-fixes-on-gov-uk/; https://insidegovuk.blog.gov.uk/2019/09/18/being-a-user-researcher-for-a-day/; https://insidegovuk.blog.gov.uk/2019/08/16/updating-gov-uk-during-a-reshuffle/; https://insidegovuk.blog.gov.uk/2019/08/07/improving-content-through-journey-mapping/; https://insidegovuk.blog.gov.uk/2019/07/17/training-algorithms-to-create-related-content-links/; https://insidegovuk.blog.gov.uk/2019/07/05/making-site-search-work-smarter-for-users/; https://insidegovuk.blog.gov.uk/2019/06/26/guest-post-why-we-deleted-one-of-our-most-popular-pages/; https://insidegovuk.blog.gov.uk/2019/06/05/helping-content-designers-access-gov-uk-data-quickly-and-easily/; https://insidegovuk.blog.gov.uk/2019/05/03/incident-report-foreign-travel-advice-email-alerts-not-sent/; https://insidegovuk.blog.gov.uk/2019/04/23/building-and-testing-the-new-content-publisher/; https://insidegovuk.blog.gov.uk/2019/04/03/incident-roundup-august-2018/; https://insidegovuk.blog.gov.uk/2019/03/27/why-we-created-a-platform-health-team-on-gov-uk/; https://insidegovuk.blog.gov.uk/2019/03/12/incident-roundup-june-to-july-2018/; https://insidegovuk.blog.gov.uk/2019/03/07/tackling-design-debt-on-gov-uk/
https://insidegovuk.blog.gov.uk/wp-content/uploads/sites/24/2018/11/GOV.UK-Incident-report-1-e1541158099383-620x414.png,GOV.UK Incident Report,GOV.UK Incident Report [6],GOOD,,,(missing) [6],,(missing) [6],,(missing) [6],,,true,620,414,6,6,https://insidegovuk.blog.gov.uk/2022/06/17/incident-report-unable-to-subscribe-and-unsubscribe-from-email-alerts-on-30-to-31-may-2022/; https://insidegovuk.blog.gov.uk/2022/02/25/incident-report-increased-error-rate-on-gov-uk-on-5-january-2022/; https://insidegovuk.blog.gov.uk/2021/06/11/incident-report-gov-uk-outage-on-8-june-2021/; https://insidegovuk.blog.gov.uk/2019/05/03/incident-report-foreign-travel-advice-email-alerts-not-sent/; https://insidegovuk.blog.gov.uk/2019/04/03/incident-roundup-august-2018/; https://insidegovuk.blog.gov.uk/2019/03/12/incident-roundup-june-to-july-2018/
https://insidegovuk.blog.gov.uk/wp-content/uploads/sites/24/2019/03/20190329_Platform_Health_team_workshop-1020_fixed-620x413.jpg,Four members of the Platform Health team looking at a screen.,Four members of the Platform Health team looking at a screen. [1],GOOD,,,(missing) [1],,(missing) [1],,(missing) [1],,,true,620,413,1,1,https://insidegovuk.blog.gov.uk/2019/03/27/why-we-created-a-platform-health-team-on-gov-uk/
https://insidegovuk.blog.gov.uk/wp-content/uploads/sites/24/2019/03/design_debt-e1551959689192-620x413.png,A group of GOV.UK designs and design elements,A group of GOV.UK designs and design elements [1],GOOD,,,(missing) [1],,(missing) [1],,(missing) [1],,,true,620,413,1,1,https://insidegovuk.blog.gov.uk/2019/03/07/tackling-design-debt-on-gov-uk/
https://insidegovuk.blog.gov.uk/wp-content/uploads/sites/24/2019/04/Empathy-lab-users-picture-620x413.png,People using empathy lab accessibility tech,People using empathy lab accessibility tech [1],GOOD,,,(missing) [1],,(missing) [1],,(missing) [1],,,true,620,413,1,1,https://insidegovuk.blog.gov.uk/2019/04/23/building-and-testing-the-new-content-publisher/
https://insidegovuk.blog.gov.uk/wp-content/uploads/sites/24/2019/04/Training-GOV.UK-users-picture-620x413.png,Computer screen showing GOV.UK writing course,Computer screen showing GOV.UK writing course [1],GOOD,,,(missing) [1],,(missing) [1],,(missing) [1],,,true,620,413,1,1,https://insidegovuk.blog.gov.uk/2019/04/23/building-and-testing-the-new-content-publisher/
https://insidegovuk.blog.gov.uk/wp-content/uploads/sites/24/2019/06/01-CONTENT-DATA-hero-image-620x413.png,"The Content Data tool search page on a laptop and on mobile. It shows that there are 472,638 items published on GOV.UK across all document types and all organisations. It shows 'page title', 'document type', 'unique page views' and 'users who found it useful' measures for the 9 most viewed pages.","The Content Data tool search page on a laptop and on mobile. It shows that there are 472,638 items published on GOV.UK across all document types and all organisations. It shows 'page title', 'document type', 'unique page views' and 'users who found it useful' measures for the 9 most viewed pages. [1]",GOOD,,,(missing) [1],,(missing) [1],,(missing) [1],,,true,620,413,1,1,https://insidegovuk.blog.gov.uk/2019/06/05/helping-content-designers-access-gov-uk-data-quickly-and-easily/
https://insidegovuk.blog.gov.uk/wp-content/uploads/sites/24/2019/06/02-page-data-production-620x465.jpg,"Content Data tool metrics for 'UK bank holidays'. The tool shows that in the past 30 days, the page has had 800k unique page views, 87% of users found it useful, there were 676 searches from page and 1 feedback comment.","Content Data tool metrics for 'UK bank holidays'. The tool shows that in the past 30 days, the page has had 800k unique page views, 87% of users found it useful, there were 676 searches from page and 1 feedback comment. [1]",GOOD,,,(missing) [1],,(missing) [1],,(missing) [1],,,true,620,465,1,1,https://insidegovuk.blog.gov.uk/2019/06/05/helping-content-designers-access-gov-uk-data-quickly-and-easily/
https://insidegovuk.blog.gov.uk/wp-content/uploads/sites/24/2019/06/03-index-page-green-production-620x465.jpg,A view of the Content Data tool search page.,A view of the Content Data tool search page. [1],GOOD,,,(missing) [1],,(missing) [1],,(missing) [1],,,true,620,465,1,1,https://insidegovuk.blog.gov.uk/2019/06/05/helping-content-designers-access-gov-uk-data-quickly-and-easily/
https://insidegovuk.blog.gov.uk/wp-content/uploads/sites/24/2019/06/04-content-data-at-concon-620x413.jpg,Two people sitting in front of a computer using the Content Data tool.,Two people sitting in front of a computer using the Content Data tool. [1],GOOD,,,(missing) [1],,(missing) [1],,(missing) [1],,,true,620,413,1,1,https://insidegovuk.blog.gov.uk/2019/06/05/helping-content-designers-access-gov-uk-data-quickly-and-easily/
https://insidegovuk.blog.gov.uk/wp-content/uploads/sites/24/2019/07/190711-Ganesh-Senthi-AI-related-links-blog-post-9923-e1572365062953.jpg,A computer screen showing the coding behind the related links,A computer screen showing the coding behind the related links [1],GOOD,,,(missing) [1],,(missing) [1],,(missing) [1],,,true,545,412,1,1,https://insidegovuk.blog.gov.uk/2019/07/17/training-algorithms-to-create-related-content-links/
https://insidegovuk.blog.gov.uk/wp-content/uploads/sites/24/2019/07/Steve_Messer_GOV.UK_search_blog_post-0393-620x413.jpg,Live searches show on a display screen alongside performance data.,Live searches show on a display screen alongside performance data. [1],GOOD,,,(missing) [1],,(missing) [1],,(missing) [1],,,true,620,413,1,1,https://insidegovuk.blog.gov.uk/2019/07/05/making-site-search-work-smarter-for-users/
https://insidegovuk.blog.gov.uk/wp-content/uploads/sites/24/2019/07/Steve_Messer_GOV.UK_search_blog_post-0433-620x413.jpg,Members of the Search team holding a performance framework session.,Members of the Search team holding a performance framework session. [1],GOOD,,,(missing) [1],,(missing) [1],,(missing) [1],,,true,620,413,1,1,https://insidegovuk.blog.gov.uk/2019/07/05/making-site-search-work-smarter-for-users/
https://insidegovuk.blog.gov.uk/wp-content/uploads/sites/24/2019/08/GOV.UK-Ministers-page-620x413.jpg,GOV.UK ministers page,GOV.UK ministers page [1],GOOD,,,(missing) [1],,(missing) [1],,(missing) [1],,,true,620,413,1,1,https://insidegovuk.blog.gov.uk/2019/08/16/updating-gov-uk-during-a-reshuffle/
https://insidegovuk.blog.gov.uk/wp-content/uploads/sites/24/2019/08/journey-mapping-blog-pic-1-e1565091260719-620x412.jpeg,A post-it note that says 'taking tests' in a box labelled 'step'. Below is a box labelled 'tasks within this step'.,A post-it note that says 'taking tests' in a box labelled 'step'. Below is a box labelled 'tasks within this step'. [1],GOOD,,,(missing) [1],,(missing) [1],,(missing) [1],,,true,620,412,1,1,https://insidegovuk.blog.gov.uk/2019/08/07/improving-content-through-journey-mapping/
https://insidegovuk.blog.gov.uk/wp-content/uploads/sites/24/2019/08/journey-mapping-blog-pic-3-620x465.jpeg,"A table drawn on a whiteboard, with the rows representing different user groups (Users in the UK and Users outside the UK) and the columns representing different stages in the process (numbered 1-4). Each cell of the table has tasks within it. The table shows that tasks for users applying inside the UK are different at each stage of the process for users applying outside the UK.","A table drawn on a whiteboard, with the rows representing different user groups (Users in the UK and Users outside the UK) and the columns representing different stages in the process (numbered 1-4). Each cell of the table has tasks within it. The table shows that tasks for users applying inside the UK are different at each stage of the process for users applying outside the UK. [1]",GOOD,,,(missing) [1],,(missing) [1],,(missing) [1],,,true,620,465,1,1,https://insidegovuk.blog.gov.uk/2019/08/07/improving-content-through-journey-mapping/
https://insidegovuk.blog.gov.uk/wp-content/uploads/sites/24/2019/09/htkwxgqXqyvHAT3OfIdTtuezkFAYJAq3PA8MC2ThOUmJnxC8i_8cvG3pIIqvmG605NjpAJVyJfKjVIhGPAURsMD3MBq9RkX1Qv6W05tfOLkvxZ-e1568720369570.png,A table and chairs in a library with a big GOV.UK banner next to them,A table and chairs in a library with a big GOV.UK banner next to them [1],GOOD,,,(missing) [1],,(missing) [1],,(missing) [1],,,true,620,418,1,1,https://insidegovuk.blog.gov.uk/2019/09/18/being-a-user-researcher-for-a-day/
https://insidegovuk.blog.gov.uk/wp-content/uploads/sites/24/2019/10/Bug-prioritisation-image-1-620x393.png,Post its with prioritisation factors,Post its with prioritisation factors [1],GOOD,,,(missing) [1],,(missing) [1],,(missing) [1],,,true,620,393,1,1,https://insidegovuk.blog.gov.uk/2019/10/25/how-we-prioritise-bug-fixes-on-gov-uk/
https://insidegovuk.blog.gov.uk/wp-content/uploads/sites/24/2019/10/platform-health-image-620x393.png,Mission patch for Platform Health,Mission patch for Platform Health [1],GOOD,,,(missing) [1],,(missing) [1],,(missing) [1],,,true,620,393,1,1,https://insidegovuk.blog.gov.uk/2019/10/25/how-we-prioritise-bug-fixes-on-gov-uk/
https://insidegovuk.blog.gov.uk/wp-content/uploads/sites/24/2020/06/GDS-group-image-620x414.jpeg,Staff are being presented to in a conference room by a peer,Staff are being presented to in a conference room by a peer [1],GOOD,,,(missing) [1],,(missing) [1],,(missing) [1],,,true,620,414,1,1,https://insidegovuk.blog.gov.uk/2020/06/25/the-2020-to-2021-gov-uk-roadmap/
https://insidegovuk.blog.gov.uk/wp-content/uploads/sites/24/2020/07/breadcrumbs-landscape-2-620x221.png,"Two examples of breadcrumbs on GOV.UK pages, showing the spacing around the page breadcrumbs and other page elements. The first example says 'Home' then 'Early years curriculum'. The second example says 'Home' then 'Driving with medical conditions, Blue Badges and public transport if you're disabled'.","Two examples of breadcrumbs on GOV.UK pages, showing the spacing around the page breadcrumbs and other page elements. The first example says 'Home' then 'Early years curriculum'. The second example says 'Home' then 'Driving with medical conditions, Blue Badges and public transport if you're disabled'. [1]",GOOD,,,(missing) [1],,(missing) [1],,(missing) [1],,,true,620,221,1,1,https://insidegovuk.blog.gov.uk/2020/07/23/improving-the-mobile-experience-on-gov-uk/
https://insidegovuk.blog.gov.uk/wp-content/uploads/sites/24/2020/07/mobile-first-screens-1-620x413.png,"The GOV.UK crown logo on a smartphone, a tablet, a laptop and a desktop monitor with arrows between them.","The GOV.UK crown logo on a smartphone, a tablet, a laptop and a desktop monitor with arrows between them. [1]",GOOD,,,(missing) [1],,(missing) [1],,(missing) [1],,,true,620,413,1,1,https://insidegovuk.blog.gov.uk/2020/07/23/improving-the-mobile-experience-on-gov-uk/
https://insidegovuk.blog.gov.uk/wp-content/uploads/sites/24/2020/07/This-is-a-great-team-to-work-on-310x207.jpg,"A poster that says ‘This is a great team to work on because…’. Underneath the poster there are several post-it notes, each in a different person’s handwriting. They say: ‘Respect each other’, ‘Document, document, document’, ‘Change when things don’t work’, ‘Clear, shared vision of our goals’.","A poster that says ‘This is a great team to work on because…’. Underneath the poster there are several post-it notes, each in a different person’s handwriting. They say: ‘Respect each other’, ‘Document, document, document’, ‘Change when things don’t work’, ‘Clear, shared vision of our goals’. [1]",GOOD,,,(missing) [1],,(missing) [1],,(missing) [1],,,true,620,413,1,1,https://insidegovuk.blog.gov.uk/2020/07/09/new-job-opportunities-with-gov-uk-at-the-government-digital-service/
https://insidegovuk.blog.gov.uk/wp-content/uploads/sites/24/2020/08/GOV.UK-image-3-310x233.jpg,GOV.UK logos,GOV.UK logos [1],GOOD,,,(missing) [1],,(missing) [1],,(missing) [1],,,true,677,507,1,1,https://insidegovuk.blog.gov.uk/2020/08/20/weve-updated-the-gov-uk-proposition/
https://insidegovuk.blog.gov.uk/wp-content/uploads/sites/24/2020/08/image1-620x319.png,The Neo4j browser has a window at the top where we write our queries. The query shown is how to return HMRC published COVID-19 content that was after the first of March 2020. The query has been executed and we can see the results at the bottom of the image. The left hand side of the image give us information about the graph database and its contents. What node labels and relationships are present.,The Neo4j browser has a window at the top where we write our queries. The query shown is how to return HMRC published COVID-19 content that was after the first of March 2020. The query has been executed and we can see the results at the bottom of the image. The left hand side of the image give us information about the graph database and its contents. What node labels and relationships are present. [1],GOOD,,,(missing) [1],,(missing) [1],,(missing) [1],,,true,620,319,1,1,https://insidegovuk.blog.gov.uk/2020/08/07/one-graph-to-rule-them-all/
https://insidegovuk.blog.gov.uk/wp-content/uploads/sites/24/2020/09/GDS-colleague-620x413.jpg,GDS colleague walking through office,GDS colleague walking through office [1],GOOD,,,(missing) [1],,(missing) [1],,(missing) [1],,,true,619,412,1,1,https://insidegovuk.blog.gov.uk/2020/09/07/deputy-director-job-opportunities-with-gov-uk-at-the-government-digital-service/
https://insidegovuk.blog.gov.uk/wp-content/uploads/sites/24/2020/10/GOV.UK-Sketch-620x413.png,Sketches made by the GOV.UK team,Sketches made by the GOV.UK team [1],GOOD,,,(missing) [1],,(missing) [1],,(missing) [1],,,true,620,413,1,1,https://insidegovuk.blog.gov.uk/2020/10/07/using-accounts-to-personalise-the-user-experience-on-gov-uk/
https://insidegovuk.blog.gov.uk/wp-content/uploads/sites/24/2020/10/GOV.UK-Step-by-Step-620x381.png,GOV.UK Step by Step for set up a limited company and set up as self-employed,GOV.UK Step by Step for set up a limited company and set up as self-employed [1],GOOD,,,(missing) [1],,(missing) [1],,(missing) [1],,,true,620,381,1,1,https://insidegovuk.blog.gov.uk/2020/10/14/mapping-the-start-a-business-journey-on-gov-uk/
https://insidegovuk.blog.gov.uk/wp-content/uploads/sites/24/2020/10/GOV.UK-User-journey-1.png,"A visualisation of a common user journey, which starts on the Companies House organisation page, moving first to the Start a company page, then the first step of the limited companies step by step and then the main step by step homepage for setting up a limited company.","A visualisation of a common user journey, which starts on the Companies House organisation page, moving first to the Start a company page, then the first step of the limited companies step by step and then the main step by step homepage for setting up a limited company. [1]",GOOD,,,(missing) [1],,(missing) [1],,(missing) [1],,,true,584,582,1,1,https://insidegovuk.blog.gov.uk/2020/10/14/mapping-the-start-a-business-journey-on-gov-uk/
https://insidegovuk.blog.gov.uk/wp-content/uploads/sites/24/2020/10/SaB-1-620x414.jpg,GDS colleague working on end to end user journey map,GDS colleague working on end to end user journey map [1],GOOD,,,(missing) [1],,(missing) [1],,(missing) [1],,,true,620,414,1,1,https://insidegovuk.blog.gov.uk/2020/10/14/mapping-the-start-a-business-journey-on-gov-uk/
https://insidegovuk.blog.gov.uk/wp-content/uploads/sites/24/2020/10/Visualisation-approach-I-620x351.png,"This is an example of the visualisation approach using the tool ""Disco"", showing the most popular user journeys on GOV.UK involving a chosen step-by-step.","This is an example of the visualisation approach using the tool ""Disco"", showing the most popular user journeys on GOV.UK involving a chosen step-by-step. [1]",GOOD,,,(missing) [1],,(missing) [1],,(missing) [1],,,true,620,351,1,1,https://insidegovuk.blog.gov.uk/2020/10/14/mapping-the-start-a-business-journey-on-gov-uk/
https://insidegovuk.blog.gov.uk/wp-content/uploads/sites/24/2020/10/Visualisation-approach-III-1-620x139.png,"This is a visualisation of an example of the definition approach, using the tool MAQUI","This is a visualisation of an example of the definition approach, using the tool MAQUI [1]",GOOD,,,(missing) [1],,(missing) [1],,(missing) [1],,,true,620,139,1,1,https://insidegovuk.blog.gov.uk/2020/10/14/mapping-the-start-a-business-journey-on-gov-uk/
https://insidegovuk.blog.gov.uk/wp-content/uploads/sites/24/2020/11/Acc1-620x420.png,Stay up to date with a GOV.UK account webpage,Stay up to date with a GOV.UK account webpage [1],GOOD,,,(missing) [1],,(missing) [1],,(missing) [1],,,true,620,420,1,1,https://insidegovuk.blog.gov.uk/2020/11/26/how-we-designed-the-gov-uk-accounts-trial/
https://insidegovuk.blog.gov.uk/wp-content/uploads/sites/24/2020/11/Acc2-620x420.png,Security webpage,Security webpage [1],GOOD,,,(missing) [1],,(missing) [1],,(missing) [1],,,true,620,420,1,1,https://insidegovuk.blog.gov.uk/2020/11/26/how-we-designed-the-gov-uk-accounts-trial/
https://insidegovuk.blog.gov.uk/wp-content/uploads/sites/24/2020/11/create-a-govuk-account-green-v2-620x413.png,Create a GOV.UK account button,Create a GOV.UK account button [1],GOOD,,,(missing) [1],,(missing) [1],,(missing) [1],,,true,620,413,1,1,https://insidegovuk.blog.gov.uk/2020/11/26/how-we-designed-the-gov-uk-accounts-trial/
https://insidegovuk.blog.gov.uk/wp-content/uploads/sites/24/2020/12/User-testing-blog-post-620x414.jpg,"A post-it saying ""As a user I need to feel""","A post-it saying ""As a user I need to feel"" [1]",GOOD,,,(missing) [1],,(missing) [1],,(missing) [1],,,true,620,414,1,1,https://insidegovuk.blog.gov.uk/2020/12/09/five-things-weve-learned-from-researching-the-gov-uk-account/
https://insidegovuk.blog.gov.uk/wp-content/uploads/sites/24/2021/01/GOV.UK-Account-and-Tech-arch-Accounts_Blog-Page-2.png,"Architectural diagram for GOV.UK Accounts in the phased approach. Shows a user going through a user's device e.g. phone, laptop, etc. using authenticator or text 2FA. Then goes into a transition checker under GOV.UK Services. From there, there are 2 journeys into GOV.UK Accounts. 1) Authentication service through to credentials and 2) Attribute store through to attributes","Architectural diagram for GOV.UK Accounts in the phased approach. Shows a user going through a user's device e.g. phone, laptop, etc. using authenticator or text 2FA. Then goes into a transition checker under GOV.UK Services. From there, there are 2 journeys into GOV.UK Accounts. 1) Authentication service through to credentials and 2) Attribute store through to attributes [1]",GOOD,,,(missing) [1],,(missing) [1],,(missing) [1],,,true,611,501,1,1,https://insidegovuk.blog.gov.uk/2021/01/07/the-technical-architecture-behind-a-gov-uk-account/
https://insidegovuk.blog.gov.uk/wp-content/uploads/sites/24/2021/01/GOV.UK-accounts-and-privacy--620x413.jpg,Laptop screen showing a GOV.UK page titled “Control how we use information about you”,Laptop screen showing a GOV.UK page titled “Control how we use information about you” [1],GOOD,,,(missing) [1],,(missing) [1],,(missing) [1],,,true,620,413,1,1,https://insidegovuk.blog.gov.uk/2021/01/21/respecting-users-privacy-on-gov-uk-accounts/
https://insidegovuk.blog.gov.uk/wp-content/uploads/sites/24/2021/01/GOV.UK-accounts-and-tech-considerations-1-620x413.jpg,GOV.UK Account homepage on a laptop screen,GOV.UK Account homepage on a laptop screen [1],GOOD,,,(missing) [1],,(missing) [1],,(missing) [1],,,true,620,413,1,1,https://insidegovuk.blog.gov.uk/2021/01/07/the-technical-architecture-behind-a-gov-uk-account/
https://insidegovuk.blog.gov.uk/wp-content/uploads/sites/24/2021/02/Compressed-head-of-delivery-blog-post-image-620x413.jpg,A laptop screen showing a team standup and a Trello board.,A laptop screen showing a team standup and a Trello board. [1],GOOD,,,(missing) [1],,(missing) [1],,(missing) [1],,,true,620,413,1,1,https://insidegovuk.blog.gov.uk/2021/02/09/apply-to-be-the-head-of-programme-delivery-for-gov-uk/
https://insidegovuk.blog.gov.uk/wp-content/uploads/sites/24/2021/02/to-be-compressed-GOV.UK-Roadmap-image-1536x1152-1-620x465.jpg,Laptop showing GOV.UK homepage with a post-it saying “GOV.UK Roadmap” stuck to the laptop screen.,Laptop showing GOV.UK homepage with a post-it saying “GOV.UK Roadmap” stuck to the laptop screen. [1],GOOD,,,(missing) [1],,(missing) [1],,(missing) [1],,,true,620,465,1,1,https://insidegovuk.blog.gov.uk/2021/02/01/weve-got-a-new-public-gov-uk-roadmap/
https://insidegovuk.blog.gov.uk/wp-content/uploads/sites/24/2021/03/stay-because-of-people-blog-post-image-620x413.jpg,"Come because of the work, stay because of the people","Come because of the work, stay because of the people [1]",GOOD,,,(missing) [1],,(missing) [1],,(missing) [1],,,true,620,413,1,1,https://insidegovuk.blog.gov.uk/2021/03/31/4-tips-when-applying-for-a-job-at-gov-uk/
https://insidegovuk.blog.gov.uk/wp-content/uploads/sites/24/2021/03/What-weve-learned-so-far-on-GOV.UK-Accounts-620x418.jpg,A laptop showing a user’s homepage when they’ve logged into their GOV.UK account.,A laptop showing a user’s homepage when they’ve logged into their GOV.UK account. [1],GOOD,,,(missing) [1],,(missing) [1],,(missing) [1],,,true,620,418,1,1,https://insidegovuk.blog.gov.uk/2021/03/16/reflections-on-the-gov-uk-accounts-trial-so-far/
https://insidegovuk.blog.gov.uk/wp-content/uploads/sites/24/2021/04/47994719446_ac9f67a764_c-620x414.jpg,A group of people sitting down at tables in a room looking at laptops.,A group of people sitting down at tables in a room looking at laptops. [1],GOOD,,,(missing) [1],,(missing) [1],,(missing) [1],,,true,620,414,1,1,https://insidegovuk.blog.gov.uk/2021/04/09/were-hiring-more-technologists-for-gov-uk/
https://insidegovuk.blog.gov.uk/wp-content/uploads/sites/24/2021/04/Compressed-4-lessons-start-a-business-620x413.jpg,2 women looking at sticky notes on a wall,2 women looking at sticky notes on a wall [1],GOOD,,,(missing) [1],,(missing) [1],,(missing) [1],,,true,620,413,1,1,https://insidegovuk.blog.gov.uk/2021/05/04/five-lessons-from-how-we-approached-scoping-a-whole-user-journey/
https://insidegovuk.blog.gov.uk/wp-content/uploads/sites/24/2021/04/Compressed-starting-a-business-image-620x392.jpg,A laptop showing a presentation slide with the words “Starting & Sustaining a Business on GOV.UK.”,A laptop showing a presentation slide with the words “Starting & Sustaining a Business on GOV.UK.” [1],GOOD,,,(missing) [1],,(missing) [1],,(missing) [1],,,true,620,392,1,1,https://insidegovuk.blog.gov.uk/2021/04/28/scoping-the-starting-and-sustaining-a-business-whole-user-journey/
https://insidegovuk.blog.gov.uk/wp-content/uploads/sites/24/2021/04/image1-620x359.png,"Diagram with high-level stages for start, sustain and grow a business. These break down into 5 stages. These are: Explore options and prepare, Choose your legal entity and register, Get your business ready to operate, Run your business, and Grow your business.","Diagram with high-level stages for start, sustain and grow a business. These break down into 5 stages. These are: Explore options and prepare, Choose your legal entity and register, Get your business ready to operate, Run your business, and Grow your business. [1]",GOOD,,,(missing) [1],,(missing) [1],,(missing) [1],,,true,620,359,1,1,https://insidegovuk.blog.gov.uk/2021/04/28/scoping-the-starting-and-sustaining-a-business-whole-user-journey/
https://insidegovuk.blog.gov.uk/wp-content/uploads/sites/24/2021/04/image2-620x285.png,"a screenshot service mapping done in a google sheets. It shows all the tasks, guidance, transactional services and channels in which these are provided. It also breaks down who does this apply to, and what are the factors in which determines this content applies to a user.","a screenshot service mapping done in a google sheets. It shows all the tasks, guidance, transactional services and channels in which these are provided. It also breaks down who does this apply to, and what are the factors in which determines this content applies to a user. [1]",GOOD,,,(missing) [1],,(missing) [1],,(missing) [1],,,true,620,285,1,1,https://insidegovuk.blog.gov.uk/2021/04/28/scoping-the-starting-and-sustaining-a-business-whole-user-journey/
https://insidegovuk.blog.gov.uk/wp-content/uploads/sites/24/2021/05/1G0A4901-620x413.jpg,Suganya Sivaskantharajah standing next to a wall with post-its on looking at another woman.,Suganya Sivaskantharajah standing next to a wall with post-its on looking at another woman. [1],GOOD,,,(missing) [1],,(missing) [1],,(missing) [1],,,true,620,413,1,1,https://insidegovuk.blog.gov.uk/2021/05/28/working-in-data-insight-and-user-research-roles-at-gov-uk/
https://insidegovuk.blog.gov.uk/wp-content/uploads/sites/24/2021/05/2019-03-16-Anna-_-Esther-Kuforji-Sisters-in-Tech-photo-shoot-3778-620x413.jpg,Anna Kuforiji sitting on a sofa,Anna Kuforiji sitting on a sofa [1],GOOD,,,(missing) [1],,(missing) [1],,(missing) [1],,,true,620,413,1,1,https://insidegovuk.blog.gov.uk/2021/05/28/working-in-data-insight-and-user-research-roles-at-gov-uk/
https://insidegovuk.blog.gov.uk/wp-content/uploads/sites/24/2021/05/21_22-updated-roadmap-image-620x413.jpg,GOV.UK Roadmap with the icon,GOV.UK Roadmap with the icon [1],GOOD,,,(missing) [1],,(missing) [1],,(missing) [1],,,true,620,413,1,1,https://insidegovuk.blog.gov.uk/2021/05/24/weve-updated-our-roadmap-for-2021-to-2022/
https://insidegovuk.blog.gov.uk/wp-content/uploads/sites/24/2021/05/Compressed-data-recruitment-image-620x413.jpg,Two people in a workshop with a laptop opening showing a page on GOV.UK,Two people in a workshop with a laptop opening showing a page on GOV.UK [1],GOOD,,,(missing) [1],,(missing) [1],,(missing) [1],,,true,620,413,1,1,https://insidegovuk.blog.gov.uk/2021/05/28/working-in-data-insight-and-user-research-roles-at-gov-uk/
https://insidegovuk.blog.gov.uk/wp-content/uploads/sites/24/2021/05/image1-620x413.jpg,A laptop with “Check the next steps for your limited company” on its screen.,A laptop with “Check the next steps for your limited company” on its screen. [1],GOOD,,,(missing) [1],,(missing) [1],,(missing) [1],,,true,620,413,1,1,https://insidegovuk.blog.gov.uk/2021/06/02/how-we-are-creating-a-product-to-help-new-business-owners/
https://insidegovuk.blog.gov.uk/wp-content/uploads/sites/24/2021/05/image2.gif,Gif of the journey through the start a business prototype,Gif of the journey through the start a business prototype [1],GOOD,,,(missing) [1],,(missing) [1],,(missing) [1],,,true,604,404,1,1,https://insidegovuk.blog.gov.uk/2021/06/02/how-we-are-creating-a-product-to-help-new-business-owners/
https://insidegovuk.blog.gov.uk/wp-content/uploads/sites/24/2021/05/IMG_20210507_174358180.jpg,Headshot of Ian Ansell,Headshot of Ian Ansell [1],GOOD,,,(missing) [1],,(missing) [1],,(missing) [1],,,true,600,522,1,1,https://insidegovuk.blog.gov.uk/2021/05/28/working-in-data-insight-and-user-research-roles-at-gov-uk/
https://insidegovuk.blog.gov.uk/wp-content/uploads/sites/24/2021/06/Real-User-Monitoring-blog-post-main-image-620x465.jpg,A person using a laptop with the screen displaying the GOV.UK homepage.,A person using a laptop with the screen displaying the GOV.UK homepage. [1],GOOD,,,(missing) [1],,(missing) [1],,(missing) [1],,,true,620,465,1,1,https://insidegovuk.blog.gov.uk/2021/06/16/how-real-user-monitoring-will-improve-gov-uk-for-everyone/
https://insidegovuk.blog.gov.uk/wp-content/uploads/sites/24/2021/07/image1-1-620x413.jpg,A piece of paper with handwritten words in circles including “mapping” and “what might be blockers?”.,A piece of paper with handwritten words in circles including “mapping” and “what might be blockers?”. [1],GOOD,,,(missing) [1],,(missing) [1],,(missing) [1],,,true,620,413,1,1,https://insidegovuk.blog.gov.uk/2021/07/14/a-team-effort-pair-writing-the-new-skilled-worker-visa-guidance-with-home-office-policy-experts/
https://insidegovuk.blog.gov.uk/wp-content/uploads/sites/24/2021/07/image2-620x480.png,"Screenshot from the ‘Your job’ chapter of the Skilled Worker visa guide, showing guidance explaining how to look up a job’s occupation code","Screenshot from the ‘Your job’ chapter of the Skilled Worker visa guide, showing guidance explaining how to look up a job’s occupation code [1]",GOOD,,,(missing) [1],,(missing) [1],,(missing) [1],,,true,620,480,1,1,https://insidegovuk.blog.gov.uk/2021/07/14/a-team-effort-pair-writing-the-new-skilled-worker-visa-guidance-with-home-office-policy-experts/
https://insidegovuk.blog.gov.uk/wp-content/uploads/sites/24/2021/07/image3-620x440.png,Screenshot from the guidance showing the table of all eligible jobs and their occupation codes,Screenshot from the guidance showing the table of all eligible jobs and their occupation codes [1],GOOD,,,(missing) [1],,(missing) [1],,(missing) [1],,,true,620,440,1,1,https://insidegovuk.blog.gov.uk/2021/07/14/a-team-effort-pair-writing-the-new-skilled-worker-visa-guidance-with-home-office-policy-experts/
https://insidegovuk.blog.gov.uk/wp-content/uploads/sites/24/2021/08/14060922311_f51ac67418_c-620x414.jpg,Lots of post-its with one in the centre saying “Honest feedback”,Lots of post-its with one in the centre saying “Honest feedback” [1],GOOD,,,(missing) [1],,(missing) [1],,(missing) [1],,,true,620,414,1,1,https://insidegovuk.blog.gov.uk/2021/08/16/working-with-user-feedback-during-covid-19/
https://insidegovuk.blog.gov.uk/wp-content/uploads/sites/24/2021/08/image2-620x413.jpg,Laptop screen showing deployment status of applications,Laptop screen showing deployment status of applications [1],GOOD,,,(missing) [1],,(missing) [1],,(missing) [1],,,true,620,413,1,1,https://insidegovuk.blog.gov.uk/2021/08/05/how-and-why-we-switched-to-continuous-deployment-on-gov-uk/
https://insidegovuk.blog.gov.uk/wp-content/uploads/sites/24/2021/09/P1010635-1-620x413.jpg,2 men standing by a whiteboard with an architecture diagram on,2 men standing by a whiteboard with an architecture diagram on [1],GOOD,,,(missing) [1],,(missing) [1],,(missing) [1],,,true,620,413,1,1,https://insidegovuk.blog.gov.uk/2021/09/09/platforms-and-services-the-gov-uk-architecture-strategy/
https://insidegovuk.blog.gov.uk/wp-content/uploads/sites/24/2021/10/image1-620x465.jpg,Person holding a smartphone visiting GOV.UK and interacting with the previous version of the accordion user interface element,Person holding a smartphone visiting GOV.UK and interacting with the previous version of the accordion user interface element [1],GOOD,,,(missing) [1],,(missing) [1],,(missing) [1],,,true,620,465,1,1,https://insidegovuk.blog.gov.uk/2021/10/29/how-we-made-the-gov-uk-accordion-component-more-accessible/
https://insidegovuk.blog.gov.uk/wp-content/uploads/sites/24/2021/10/image2-e1635329719705-620x184.png,"Alt Accordion #2 on GOV.UK showing links in blue, arrow icons and no “open all button” Including sections “What’s changed”, “National Lockdown”, “Priority actions to take - what business need to do to protect staff and customers”, “Introduction”, “How to use this guidance”, “1. Thinking about risk”.","Alt Accordion #2 on GOV.UK showing links in blue, arrow icons and no “open all button” Including sections “What’s changed”, “National Lockdown”, “Priority actions to take - what business need to do to protect staff and customers”, “Introduction”, “How to use this guidance”, “1. Thinking about risk”. [1]",GOOD,,,(missing) [1],,(missing) [1],,(missing) [1],,,true,620,184,1,1,https://insidegovuk.blog.gov.uk/2021/10/29/how-we-made-the-gov-uk-accordion-component-more-accessible/
https://insidegovuk.blog.gov.uk/wp-content/uploads/sites/24/2021/10/image3-e1635325858346-620x426.png,"Alt Accordion #3 on GOV.UK referred to as the “step-by-step” showing sections as headings in black, Show / Hide element underneath, numbering alongside Step 1 “Check if you’re eligible, Show”, “Step 2” Create an account and make a claim, Show”, and “Find out how your claim is assessed, Hide - You’ll need to have an interview with Jobcentre Plus. You’ll be told how to arrange this after you submit your claim. It will be within 10 working days.” and “Show all” button on the right.","Alt Accordion #3 on GOV.UK referred to as the “step-by-step” showing sections as headings in black, Show / Hide element underneath, numbering alongside Step 1 “Check if you’re eligible, Show”, “Step 2” Create an account and make a claim, Show”, and “Find out how your claim is assessed, Hide - You’ll need to have an interview with Jobcentre Plus. You’ll be told how to arrange this after you submit your claim. It will be within 10 working days.” and “Show all” button on the right. [1]",GOOD,,,(missing) [1],,(missing) [1],,(missing) [1],,,true,620,426,1,1,https://insidegovuk.blog.gov.uk/2021/10/29/how-we-made-the-gov-uk-accordion-component-more-accessible/
https://insidegovuk.blog.gov.uk/wp-content/uploads/sites/24/2021/10/image5.png,"Alt Accordion #1 on GOV.UK showing links in blue, open all button on right and +/- icons. Including sections “Writing well for the Web”, “Writing well for specialists, This is the content for writing well for specialists,” “Know your audience” “How people read”","Alt Accordion #1 on GOV.UK showing links in blue, open all button on right and +/- icons. Including sections “Writing well for the Web”, “Writing well for specialists, This is the content for writing well for specialists,” “Know your audience” “How people read” [1]",GOOD,,,(missing) [1],,(missing) [1],,(missing) [1],,,true,595,370,1,1,https://insidegovuk.blog.gov.uk/2021/10/29/how-we-made-the-gov-uk-accordion-component-more-accessible/
https://insidegovuk.blog.gov.uk/wp-content/uploads/sites/24/2021/11/image1-620x349.png,Screenshots showing GOV.UK’s new menu bar and the 3 older menu bar styles previously used on GOV.UK,Screenshots showing GOV.UK’s new menu bar and the 3 older menu bar styles previously used on GOV.UK [1],GOOD,,,(missing) [1],,(missing) [1],,(missing) [1],,,true,620,349,1,1,https://insidegovuk.blog.gov.uk/2021/11/11/launching-gov-uks-new-menu-bar/
https://insidegovuk.blog.gov.uk/wp-content/uploads/sites/24/2021/11/image2-620x349.png,Diagram showing the flow of journey paths to different destination pages. It shows only a minority of users reaching an organisation page.,Diagram showing the flow of journey paths to different destination pages. It shows only a minority of users reaching an organisation page. [1],GOOD,,,(missing) [1],,(missing) [1],,(missing) [1],,,true,620,349,1,1,https://insidegovuk.blog.gov.uk/2021/11/11/launching-gov-uks-new-menu-bar/
https://insidegovuk.blog.gov.uk/wp-content/uploads/sites/24/2021/11/image4-620x349.png,Screenshot showing the updated ‘Government activity’ menu when expanded. This provides a link to browse GOV.UK by department as well as by content type.,Screenshot showing the updated ‘Government activity’ menu when expanded. This provides a link to browse GOV.UK by department as well as by content type. [1],GOOD,,,(missing) [1],,(missing) [1],,(missing) [1],,,true,620,349,1,1,https://insidegovuk.blog.gov.uk/2021/11/11/launching-gov-uks-new-menu-bar/
https://insidegovuk.blog.gov.uk/wp-content/uploads/sites/24/2021/11/image5-620x349.png,"Screenshot showing the ‘Government activity’ menu item when expanded, this menu shows links to browse GOV.UK by content type.","Screenshot showing the ‘Government activity’ menu item when expanded, this menu shows links to browse GOV.UK by content type. [1]",GOOD,,,(missing) [1],,(missing) [1],,(missing) [1],,,true,620,349,1,1,https://insidegovuk.blog.gov.uk/2021/11/11/launching-gov-uks-new-menu-bar/
https://insidegovuk.blog.gov.uk/wp-content/uploads/sites/24/2021/11/image6-620x349.png,"Screenshot showing the ‘Topics’ menu item when expanded, this menu shows links to browse GOV.UK by topic.","Screenshot showing the ‘Topics’ menu item when expanded, this menu shows links to browse GOV.UK by topic. [1]",GOOD,,,(missing) [1],,(missing) [1],,(missing) [1],,,true,620,349,1,1,https://insidegovuk.blog.gov.uk/2021/11/11/launching-gov-uks-new-menu-bar/
https://insidegovuk.blog.gov.uk/wp-content/uploads/sites/24/2021/12/image2-620x349.png,Graphic showing the GOV.UK homepage on a mobile phone with the larger touch targets,Graphic showing the GOV.UK homepage on a mobile phone with the larger touch targets [1],GOOD,,,(missing) [1],,(missing) [1],,(missing) [1],,,true,620,349,1,1,https://insidegovuk.blog.gov.uk/2021/12/13/updating-the-gov-uk-homepage/
https://insidegovuk.blog.gov.uk/wp-content/uploads/sites/24/2021/12/image3-620x349.png,"A graphic showing the new designs for homepage with ""Government activity"" as the title, and then News, Guidance and regulation, Transparency documents, Policy papers and consultations, Research and statistics as subheadings. Next to these are departments and organisations.","A graphic showing the new designs for homepage with ""Government activity"" as the title, and then News, Guidance and regulation, Transparency documents, Policy papers and consultations, Research and statistics as subheadings. Next to these are departments and organisations. [1]",GOOD,,,(missing) [1],,(missing) [1],,(missing) [1],,,true,620,349,1,1,https://insidegovuk.blog.gov.uk/2021/12/13/updating-the-gov-uk-homepage/
https://insidegovuk.blog.gov.uk/wp-content/uploads/sites/24/2022/01/51651982316_0c1131e76a_c-620x414.jpg,"Person looking at a computer monitor with GOV.UK Roadmap open, and a laptop open to a Trello board","Person looking at a computer monitor with GOV.UK Roadmap open, and a laptop open to a Trello board [1]",GOOD,,,(missing) [1],,(missing) [1],,(missing) [1],,,true,620,414,1,1,https://insidegovuk.blog.gov.uk/2022/01/18/the-gov-uk-roadmap-what-were-working-on-through-spring-2022/
https://insidegovuk.blog.gov.uk/wp-content/uploads/sites/24/2022/02/image1-1-620x233.png,"Graph showing the 5xx errors reducing dramatically at just before 10:15, and then reducing to zero at just before 10:25","Graph showing the 5xx errors reducing dramatically at just before 10:15, and then reducing to zero at just before 10:25 [1]",GOOD,,,(missing) [1],,(missing) [1],,(missing) [1],,,true,620,233,1,1,https://insidegovuk.blog.gov.uk/2022/02/25/incident-report-increased-error-rate-on-gov-uk-on-5-january-2022/
https://insidegovuk.blog.gov.uk/wp-content/uploads/sites/24/2022/02/image1-620x328.png,"Two screenshots of the Kazakh biography of Jonathan Layfield, labelled Before and After. The Before image contains, in English, the title 'Biography', and a list of contents.","Two screenshots of the Kazakh biography of Jonathan Layfield, labelled Before and After. The Before image contains, in English, the title 'Biography', and a list of contents. [1]",GOOD,,,(missing) [1],,(missing) [1],,(missing) [1],,,true,620,328,1,1,https://insidegovuk.blog.gov.uk/2022/02/09/how-we-improved-translations-on-gov-uk/
https://insidegovuk.blog.gov.uk/wp-content/uploads/sites/24/2022/02/image3.png,"A code extract showing a list of words or phrases, in green, some of which are over one line long. There are no translations.","A code extract showing a list of words or phrases, in green, some of which are over one line long. There are no translations. [1]",GOOD,,,(missing) [1],,(missing) [1],,(missing) [1],,,true,556,519,1,1,https://insidegovuk.blog.gov.uk/2022/02/09/how-we-improved-translations-on-gov-uk/
https://insidegovuk.blog.gov.uk/wp-content/uploads/sites/24/2022/02/image4-620x317.png,"Two screenshots of a Welsh page from GOV.UK, labelled Before and After. The Before image has a list of ten links in English link, for example Find Company and Forms. In the After image, they are in Welsh.","Two screenshots of a Welsh page from GOV.UK, labelled Before and After. The Before image has a list of ten links in English link, for example Find Company and Forms. In the After image, they are in Welsh. [1]",GOOD,,,(missing) [1],,(missing) [1],,(missing) [1],,,true,620,317,1,1,https://insidegovuk.blog.gov.uk/2022/02/09/how-we-improved-translations-on-gov-uk/
https://insidegovuk.blog.gov.uk/wp-content/uploads/sites/24/2022/02/image5-620x349.png,"Two screenshots of Arabic text, labelled Before and After. The Before image contains the English title 'World News Story'.","Two screenshots of Arabic text, labelled Before and After. The Before image contains the English title 'World News Story'. [1]",GOOD,,,(missing) [1],,(missing) [1],,(missing) [1],,,true,620,349,1,1,https://insidegovuk.blog.gov.uk/2022/02/09/how-we-improved-translations-on-gov-uk/
https://insidegovuk.blog.gov.uk/wp-content/uploads/sites/24/2022/02/image7.png,"A code extract showing a list of words or short phrases, in green, most of which have a corresponding Spanish translation, in blue. Some, including ‘blog_post’, have no Spanish translation","A code extract showing a list of words or short phrases, in green, most of which have a corresponding Spanish translation, in blue. Some, including ‘blog_post’, have no Spanish translation [1]",GOOD,,,(missing) [1],,(missing) [1],,(missing) [1],,,true,373,520,1,1,https://insidegovuk.blog.gov.uk/2022/02/09/how-we-improved-translations-on-gov-uk/
https://insidegovuk.blog.gov.uk/wp-content/uploads/sites/24/2022/03/image1-620x349.png,Feedback survey sign up form when CSS and JavaScript are unavailable,Feedback survey sign up form when CSS and JavaScript are unavailable [1],GOOD,,,(missing) [1],,(missing) [1],,(missing) [1],,,true,620,349,1,1,https://insidegovuk.blog.gov.uk/2022/03/28/making-the-gov-uk-feedback-component-more-accessible/
https://insidegovuk.blog.gov.uk/wp-content/uploads/sites/24/2022/03/image1-620x413.jpg,Person holding a smartphone which shows the GOV.UK homepage,Person holding a smartphone which shows the GOV.UK homepage [1],GOOD,,,(missing) [1],,(missing) [1],,(missing) [1],,,true,620,413,1,1,https://insidegovuk.blog.gov.uk/2022/03/17/replacing-the-scroll-tracker-on-gov-uk/
https://insidegovuk.blog.gov.uk/wp-content/uploads/sites/24/2022/03/image2-620x484.png,Feedback component issues when CSS is disabled,Feedback component issues when CSS is disabled [1],GOOD,,,(missing) [1],,(missing) [1],,(missing) [1],,,true,620,484,1,1,https://insidegovuk.blog.gov.uk/2022/03/28/making-the-gov-uk-feedback-component-more-accessible/
https://insidegovuk.blog.gov.uk/wp-content/uploads/sites/24/2022/03/image3-620x349.png,"Expanded feedback component when ""Report a problem with this page"" is clicked with both CSS and JavaScript enabled","Expanded feedback component when ""Report a problem with this page"" is clicked with both CSS and JavaScript enabled [1]",GOOD,,,(missing) [1],,(missing) [1],,(missing) [1],,,true,620,349,1,1,https://insidegovuk.blog.gov.uk/2022/03/28/making-the-gov-uk-feedback-component-more-accessible/
https://insidegovuk.blog.gov.uk/wp-content/uploads/sites/24/2022/03/image4-620x465.jpg,An open laptop showing the feedback component on the screen.,An open laptop showing the feedback component on the screen. [1],GOOD,,,(missing) [1],,(missing) [1],,(missing) [1],,,true,620,465,1,1,https://insidegovuk.blog.gov.uk/2022/03/28/making-the-gov-uk-feedback-component-more-accessible/
https://insidegovuk.blog.gov.uk/wp-content/uploads/sites/24/2022/03/image5-620x349.png,Feedback component when CSS is disabled after recent fixes,Feedback component when CSS is disabled after recent fixes [1],GOOD,,,(missing) [1],,(missing) [1],,(missing) [1],,,true,620,349,1,1,https://insidegovuk.blog.gov.uk/2022/03/28/making-the-gov-uk-feedback-component-more-accessible/
https://insidegovuk.blog.gov.uk/wp-content/uploads/sites/24/2022/03/image6-620x349.png,Feedback component on a mobile with both CSS and JavaScript enabled,Feedback component on a mobile with both CSS and JavaScript enabled [1],GOOD,,,(missing) [1],,(missing) [1],,(missing) [1],,,true,620,349,1,1,https://insidegovuk.blog.gov.uk/2022/03/28/making-the-gov-uk-feedback-component-more-accessible/
https://insidegovuk.blog.gov.uk/wp-content/uploads/sites/24/2022/03/image7-620x349.png,eedback component survey sign up form after recent fixes when JavaScript is disabled or unavailable,eedback component survey sign up form after recent fixes when JavaScript is disabled or unavailable [1],GOOD,,,(missing) [1],,(missing) [1],,(missing) [1],,,true,620,349,1,1,https://insidegovuk.blog.gov.uk/2022/03/28/making-the-gov-uk-feedback-component-more-accessible/
https://insidegovuk.blog.gov.uk/wp-content/uploads/sites/24/2022/05/P1021576-620x413.jpg,2 women looking at a laptop and mobile phone,2 women looking at a laptop and mobile phone [1],GOOD,,,(missing) [1],,(missing) [1],,(missing) [1],,,true,620,413,1,1,https://insidegovuk.blog.gov.uk/2022/05/19/celebrating-global-accessibility-awareness-day-on-gov-uk/
https://insidegovuk.blog.gov.uk/wp-content/uploads/sites/24/2022/06/image1-1536x541-1-310x109.png,A Load Time Distribution graph showing the median page load of 0.455 seconds and the “long-tail” load time reaching up to 2.35 seconds.,A Load Time Distribution graph showing the median page load of 0.455 seconds and the “long-tail” load time reaching up to 2.35 seconds. [1],GOOD,,,(missing) [1],,(missing) [1],,(missing) [1],,,true,620,218,1,1,https://insidegovuk.blog.gov.uk/2022/06/13/what-weve-learned-from-one-year-of-real-user-monitoring-data-on-gov-uk/
https://insidegovuk.blog.gov.uk/wp-content/uploads/sites/24/2022/06/image1-620x413.jpg,A laptop open to show the GOV.UK proposition page on GOV.UK with a person’s hands on the keyboard.,A laptop open to show the GOV.UK proposition page on GOV.UK with a person’s hands on the keyboard. [1],GOOD,,,(missing) [1],,(missing) [1],,(missing) [1],,,true,620,413,1,1,https://insidegovuk.blog.gov.uk/2022/06/06/iterating-the-gov-uk-proposition-the-first-of-our-improvements-for-2022/
https://insidegovuk.blog.gov.uk/wp-content/uploads/sites/24/2022/06/image2-1536x1024-1-310x207.jpg,A person using GOV.UK on a monitor.,A person using GOV.UK on a monitor. [1],GOOD,,,(missing) [1],,(missing) [1],,(missing) [1],,,true,620,413,1,1,https://insidegovuk.blog.gov.uk/2022/06/13/what-weve-learned-from-one-year-of-real-user-monitoring-data-on-gov-uk/
https://insidegovuk.blog.gov.uk/wp-content/uploads/sites/24/2022/07/image1-e1657640667464-620x389.png,"The user interface for the shareable previews shows under the normal 'preview on website' button on a draft page. It has a ‘Share document preview’ section with a ‘Copy link’ button which allows the preview link to be shared with someone so they can see how the document will appear on GOV.UK. It shows the date the link will expire. It also has a ‘Generate new link’ button which allows you to reset and generate a new preview link, disabling the previous preview link.","The user interface for the shareable previews shows under the normal 'preview on website' button on a draft page. It has a ‘Share document preview’ section with a ‘Copy link’ button which allows the preview link to be shared with someone so they can see how the document will appear on GOV.UK. It shows the date the link will expire. It also has a ‘Generate new link’ button which allows you to reset and generate a new preview link, disabling the previous preview link. [1]",GOOD,,,(missing) [1],,(missing) [1],,(missing) [1],,,true,620,389,1,1,https://insidegovuk.blog.gov.uk/2022/07/13/how-we-made-it-easier-for-publishers-to-share-previews-of-their-work/
https://insidegovuk.blog.gov.uk/wp-content/uploads/sites/24/2022/07/image2-620x465.jpg,man at the computer reading the Algorithmic Transparency Standard on GOV.UK,man at the computer reading the Algorithmic Transparency Standard on GOV.UK [1],GOOD,,,(missing) [1],,(missing) [1],,(missing) [1],,,true,620,465,1,1,https://insidegovuk.blog.gov.uk/2022/07/04/opening-up-our-code-and-logic-for-algorithmic-decision-making/
https://insidegovuk.blog.gov.uk/wp-content/uploads/sites/24/2022/07/P1044526-620x465.jpg,Woman with laptop on her lap showing Cost of Living GOV.UK page in Whitehall publisher,Woman with laptop on her lap showing Cost of Living GOV.UK page in Whitehall publisher [1],GOOD,,,(missing) [1],,(missing) [1],,(missing) [1],,,true,620,465,1,1,https://insidegovuk.blog.gov.uk/2022/07/13/how-we-made-it-easier-for-publishers-to-share-previews-of-their-work/
https://insidegovuk.blog.gov.uk/wp-content/uploads/sites/24/2022/08/image1-2-620x413.jpg,Two people sitting at a desk looking at a laptop.,Two people sitting at a desk looking at a laptop. [1],GOOD,,,(missing) [1],,(missing) [1],,(missing) [1],,,true,620,413,1,1,https://insidegovuk.blog.gov.uk/2022/08/24/how-were-preparing-for-the-migration-to-google-analytics-4/
https://insidegovuk.blog.gov.uk/wp-content/uploads/sites/24/2022/08/image1-620x289.png,"a graph of page render time performance over the past 3 months for the Universal Credit start page. In the graph, the performance difference can be clearly seen as a reduction in time when the jQuery change was made.","a graph of page render time performance over the past 3 months for the Universal Credit start page. In the graph, the performance difference can be clearly seen as a reduction in time when the jQuery change was made. [1]",GOOD,,,(missing) [1],,(missing) [1],,(missing) [1],,,true,620,289,1,1,https://insidegovuk.blog.gov.uk/2022/08/15/the-impact-of-removing-jquery-on-our-web-performance/
https://insidegovuk.blog.gov.uk/wp-content/uploads/sites/24/2022/08/image2-1-620x266.png,"a graph of page render time performance over the past 3 months for the Universal Credit start page. In the graph, the performance difference can be clearly seen as a reduction in time when the jQuery change was made.","a graph of page render time performance over the past 3 months for the Universal Credit start page. In the graph, the performance difference can be clearly seen as a reduction in time when the jQuery change was made. [1]",GOOD,,,(missing) [1],,(missing) [1],,(missing) [1],,,true,620,266,1,1,https://insidegovuk.blog.gov.uk/2022/08/15/the-impact-of-removing-jquery-on-our-web-performance/
https://insidegovuk.blog.gov.uk/wp-content/uploads/sites/24/2022/08/image2-620x487.png,The new design for topic pages with subtopics arranged in a grid of links,The new design for topic pages with subtopics arranged in a grid of links [1],GOOD,,,(missing) [1],,(missing) [1],,(missing) [1],,,true,620,487,1,1,https://insidegovuk.blog.gov.uk/2022/08/08/rolling-out-a-new-design-for-browsing-gov-uk-by-topic/
https://insidegovuk.blog.gov.uk/wp-content/uploads/sites/24/2022/08/image3-620x793.png,"GDS Twitter post saying: In a few days time, the topic pages on @GOVUK will look a bit different for some of our users. We want to make the site easier to navigate, so we’re running an A/B test of our new topic page design. Learn more about our work here: https://gds.blog.gov.uk/2022/03/01/podcast-improving-navigation-on-gov-uk/?utm_medium=social&utm_source=gdstwitter&utm_campaign=govukab #GovDesign","GDS Twitter post saying: In a few days time, the topic pages on @GOVUK will look a bit different for some of our users. We want to make the site easier to navigate, so we’re running an A/B test of our new topic page design. Learn more about our work here: https://gds.blog.gov.uk/2022/03/01/podcast-improving-navigation-on-gov-uk/?utm_medium=social&utm_source=gdstwitter&utm_campaign=govukab #GovDesign [1]",GOOD,,,(missing) [1],,(missing) [1],,(missing) [1],,,true,620,793,1,1,https://insidegovuk.blog.gov.uk/2022/08/08/rolling-out-a-new-design-for-browsing-gov-uk-by-topic/
https://insidegovuk.blog.gov.uk/wp-content/uploads/sites/24/2022/08/image4-620x413.jpg,2 women at a desk in an office,2 women at a desk in an office [1],GOOD,,,(missing) [1],,(missing) [1],,(missing) [1],,,true,620,413,1,1,https://insidegovuk.blog.gov.uk/2022/08/15/the-impact-of-removing-jquery-on-our-web-performance/
https://insidegovuk.blog.gov.uk/wp-content/uploads/sites/24/2022/08/image4-620x426.png,"In the new design for subtopic pages, content links are arranged in expandable sections","In the new design for subtopic pages, content links are arranged in expandable sections [1]",GOOD,,,(missing) [1],,(missing) [1],,(missing) [1],,,true,620,426,1,1,https://insidegovuk.blog.gov.uk/2022/08/08/rolling-out-a-new-design-for-browsing-gov-uk-by-topic/
https://insidegovuk.blog.gov.uk/wp-content/uploads/sites/24/2022/08/image5-1-620x266.png,"a graph of interactive performance metrics over the past 3 months for the Universal Credit start page. In the graph, the performance difference can be clearly seen as a reduction in times when the jQuery change was made.","a graph of interactive performance metrics over the past 3 months for the Universal Credit start page. In the graph, the performance difference can be clearly seen as a reduction in times when the jQuery change was made. [1]",GOOD,,,(missing) [1],,(missing) [1],,(missing) [1],,,true,620,266,1,1,https://insidegovuk.blog.gov.uk/2022/08/15/the-impact-of-removing-jquery-on-our-web-performance/
https://insidegovuk.blog.gov.uk/wp-content/uploads/sites/24/2022/08/image5-620x487.png,An iteration of the subtopic template that uses a horizontal dividing line between lists of content links,An iteration of the subtopic template that uses a horizontal dividing line between lists of content links [1],GOOD,,,(missing) [1],,(missing) [1],,(missing) [1],,,true,620,487,1,1,https://insidegovuk.blog.gov.uk/2022/08/08/rolling-out-a-new-design-for-browsing-gov-uk-by-topic/
https://insidegovuk.blog.gov.uk/wp-content/uploads/sites/24/2022/08/image6-620x482.png,GOV.UK's previous 3 column browse interface for topics,GOV.UK's previous 3 column browse interface for topics [1],GOOD,,,(missing) [1],,(missing) [1],,(missing) [1],,,true,620,482,1,1,https://insidegovuk.blog.gov.uk/2022/08/08/rolling-out-a-new-design-for-browsing-gov-uk-by-topic/
https://insidegovuk.blog.gov.uk/wp-content/uploads/sites/24/2022/10/image1-3-620x413.jpg,Man sitting at a table in an office with a laptop open. On the laptop screen there is the campaign template backend showing a page with title “Setting up GA4”.,Man sitting at a table in an office with a laptop open. On the laptop screen there is the campaign template backend showing a page with title “Setting up GA4”. [1],GOOD,,,(missing) [1],,(missing) [1],,(missing) [1],,,true,620,413,1,1,https://insidegovuk.blog.gov.uk/2022/10/05/why-and-how-we-updated-the-gov-uk-campaign-templates/
https://insidegovuk.blog.gov.uk/wp-content/uploads/sites/24/2022/10/Screenshot-2022-10-27-at-09.59.41-620x415.png,2 women working at a desk writing on post-its,2 women working at a desk writing on post-its [1],GOOD,,,(missing) [1],,(missing) [1],,(missing) [1],,,true,620,415,1,1,https://insidegovuk.blog.gov.uk/2022/10/27/helping-people-understand-cladding-and-building-safety-costs/
https://insidegovuk.blog.gov.uk/wp-content/uploads/sites/24/2022/11/Cover-Pic-620x431.jpg,A graphic showing the Benefits topic page on GOV.UK split across 2 mobile phones,A graphic showing the Benefits topic page on GOV.UK split across 2 mobile phones [1],GOOD,,,(missing) [1],,(missing) [1],,(missing) [1],,,true,620,431,1,1,https://insidegovuk.blog.gov.uk/2022/11/21/improving-the-design-of-subtopic-pages/
https://insidegovuk.blog.gov.uk/wp-content/uploads/sites/24/2022/11/image-620x414.jpg,A picture reading GOV.UK Incident Report,A picture reading GOV.UK Incident Report [1],GOOD,,,(missing) [1],,(missing) [1],,(missing) [1],,,true,620,414,1,1,https://insidegovuk.blog.gov.uk/2022/11/24/incident-report-some-gov-uk-urls-blocked-by-deceptive-site-warning/
https://insidegovuk.blog.gov.uk/wp-content/uploads/sites/24/2022/11/P1012613-min-620x413.jpg,A man and a woman sitting looking at a computer screen with a bar graph on it,A man and a woman sitting looking at a computer screen with a bar graph on it [1],GOOD,,,(missing) [1],,(missing) [1],,(missing) [1],,,true,620,413,1,1,https://insidegovuk.blog.gov.uk/2022/11/03/how-gov-uk-is-upgrading-to-google-analytics-4/
https://insidegovuk.blog.gov.uk/wp-content/uploads/sites/24/2022/12/Picture-for-API-blog-620x413.jpg,"A person looking at a webpage on a laptop. The page is titled ""Find your nearest number plate supplier"" with an address finder tool shown below.","A person looking at a webpage on a laptop. The page is titled ""Find your nearest number plate supplier"" with an address finder tool shown below. [1]",GOOD,,,(missing) [1],,(missing) [1],,(missing) [1],,,true,620,413,1,1,https://insidegovuk.blog.gov.uk/2022/12/07/improving-how-users-search-for-local-information-on-gov-uk/
https://insidegovuk.blog.gov.uk/wp-content/uploads/sites/24/2023/01/unnamed-620x827.jpg,Helen sticking some ideas onto HMW statements generated from research,Helen sticking some ideas onto HMW statements generated from research [1],GOOD,,,(missing) [1],,(missing) [1],,(missing) [1],,,true,620,827,1,1,https://insidegovuk.blog.gov.uk/2023/01/25/how-we-ran-a-discovery-for-gov-uk-publishing-permissions/
https://insidegovuk.blog.gov.uk/wp-content/uploads/sites/24/2023/03/P1025055-1-620x348.jpg,A woman sitting at a table with a laptop. On the laptop screen is the GOV.UK coronavirus page.,A woman sitting at a table with a laptop. On the laptop screen is the GOV.UK coronavirus page. [1],GOOD,,,(missing) [1],,(missing) [1],,(missing) [1],,,true,620,348,1,1,https://insidegovuk.blog.gov.uk/2023/03/06/responding-to-the-changing-user-needs-of-the-covid-19-landing-page/
https://insidegovuk.blog.gov.uk/wp-content/uploads/sites/24/2023/06/Sqooshed-MoG-Image-620x430.jpg,"Three cogs of varying colours with individual icons in the middle of each cog. From left to right the icons are, a lightbulb, a power button and a briefcase.","Three cogs of varying colours with individual icons in the middle of each cog. From left to right the icons are, a lightbulb, a power button and a briefcase. [1]",GOOD,,,(missing) [1],,(missing) [1],,(missing) [1],,,true,620,430,1,1,https://insidegovuk.blog.gov.uk/2023/06/15/updating-gov-uk-when-there-is-a-machinery-of-government-change/
https://insidegovuk.blog.gov.uk/wp-content/uploads/sites/24/2023/08/Blog-post-stratergy-blurred-content-620x465.jpg,GOV.UK's senior leadership team working through an early iteration of the GOV.UK strategy,GOV.UK's senior leadership team working through an early iteration of the GOV.UK strategy [1],GOOD,,,(missing) [1],,(missing) [1],,(missing) [1],,,true,620,465,1,1,https://insidegovuk.blog.gov.uk/2023/08/24/how-we-developed-gov-uks-strategy-for-growth/
https://insidegovuk.blog.gov.uk/wp-content/uploads/sites/24/2023/08/DSC06321-2-620x413.jpg,A developer working on her laptop,A developer working on her laptop [1],GOOD,,,(missing) [1],,(missing) [1],,(missing) [1],,,true,620,413,1,1,https://insidegovuk.blog.gov.uk/2023/08/10/making-it-easier-to-add-images-on-gov-uk/
https://insidegovuk.blog.gov.uk/wp-content/uploads/sites/24/2023/08/GOV.UK-Flywheel-1-620x431.png,"The new GOV.UK flywheel outlining GOV.UK's strategy three core areas, Interaction, Content and Channels","The new GOV.UK flywheel outlining GOV.UK's strategy three core areas, Interaction, Content and Channels [1]",GOOD,,,(missing) [1],,(missing) [1],,(missing) [1],,,true,620,431,1,1,https://insidegovuk.blog.gov.uk/2023/08/24/how-we-developed-gov-uks-strategy-for-growth/
https://insidegovuk.blog.gov.uk/wp-content/uploads/sites/24/2023/09/P1021910-1-620x413.jpg,"Two people standing by a wall that has a ""G"" made out of discs hanging on the wall","Two people standing by a wall that has a ""G"" made out of discs hanging on the wall [1]",GOOD,,,(missing) [1],,(missing) [1],,(missing) [1],,,true,620,413,1,1,https://insidegovuk.blog.gov.uk/2023/09/20/undertaking-gov-uks-largest-software-infrastructure-project/
https://insidegovuk.blog.gov.uk/wp-content/uploads/sites/24/2023/11/govuk-homepage-redesign-process-620x349.png,A graphic showing 6 screens showing the evolution of the design iterations until the final visual changes.,A graphic showing 6 screens showing the evolution of the design iterations until the final visual changes. [1],GOOD,,,(missing) [1],,(missing) [1],,(missing) [1],,,true,620,349,1,1,https://insidegovuk.blog.gov.uk/2023/11/01/a-bold-new-look-for-the-gov-uk-homepage/
https://insidegovuk.blog.gov.uk/wp-content/uploads/sites/24/2023/11/image1-310x192.png,"An image titled GOV.UK AI Experiments, showing a selection of exploratory icons for new product propositions for GOV.UK","An image titled GOV.UK AI Experiments, showing a selection of exploratory icons for new product propositions for GOV.UK [1]",GOOD,,,(missing) [1],,(missing) [1],,(missing) [1],,,true,881,544,1,1,https://insidegovuk.blog.gov.uk/2024/01/18/experimenting-with-how-generative-ai-could-help-gov-uk-users/
https://insidegovuk.blog.gov.uk/wp-content/uploads/sites/24/2023/12/Find-a-license-310x207.jpg,A woman holds a smartphone displaying GOV.UK’s ‘Find a licence’ page while standing in front of a laptop which is placed on a table,A woman holds a smartphone displaying GOV.UK’s ‘Find a licence’ page while standing in front of a laptop which is placed on a table [1],GOOD,,,(missing) [1],,(missing) [1],,(missing) [1],,,true,716,477,1,1,https://insidegovuk.blog.gov.uk/2023/12/21/updating-the-gov-uk-licence-finder/
https://insidegovuk.blog.gov.uk/wp-content/uploads/sites/24/2023/12/GOVUK-Proposition-2-310x207.jpg,A person using a laptop to look at the GOV.UK proposition on the GOV.UK website,A person using a laptop to look at the GOV.UK proposition on the GOV.UK website [1],GOOD,,,(missing) [1],,(missing) [1],,(missing) [1],,,true,599,399,1,1,https://insidegovuk.blog.gov.uk/2023/12/08/changing-the-gov-uk-proposition-supporting-our-strategy-for-growth/
https://insidegovuk.blog.gov.uk/wp-content/uploads/sites/24/2023/12/image1-1-310x176.png,The previous version of the licence finder,The previous version of the licence finder [1],GOOD,,,(missing) [1],,(missing) [1],,(missing) [1],,,true,634,359,1,1,https://insidegovuk.blog.gov.uk/2023/12/21/updating-the-gov-uk-licence-finder/
https://insidegovuk.blog.gov.uk/wp-content/uploads/sites/24/2023/12/image1-310x101.png,The phased approach to our generative experiment. There are 5 phases shown as dots along an arrowed line. Each phase gets progressively more complicated and closer to real users,The phased approach to our generative experiment. There are 5 phases shown as dots along an arrowed line. Each phase gets progressively more complicated and closer to real users [1],GOOD,,,(missing) [1],,(missing) [1],,(missing) [1],,,true,755,246,1,1,https://insidegovuk.blog.gov.uk/2024/01/18/the-findings-of-our-first-generative-ai-experiment-gov-uk-chat/
https://insidegovuk.blog.gov.uk/wp-content/uploads/sites/24/2023/12/image3-310x201.png,The new Find a Licence tool,The new Find a Licence tool [1],GOOD,,,(missing) [1],,(missing) [1],,(missing) [1],,,true,683,441,1,1,https://insidegovuk.blog.gov.uk/2023/12/21/updating-the-gov-uk-licence-finder/
https://insidegovuk.blog.gov.uk/wp-content/uploads/sites/24/2024/01/12066647154_bb99991bf3_k-310x207.jpg,A woman sitting at a table in her home reading content on GOV.UK using a tablet device,A woman sitting at a table in her home reading content on GOV.UK using a tablet device [1],GOOD,,,(missing) [1],,(missing) [1],,(missing) [1],,,true,782,521,1,1,https://insidegovuk.blog.gov.uk/2024/01/08/in-numbers-how-people-used-gov-uk-in-2023/
https://insidegovuk.blog.gov.uk/wp-content/uploads/sites/24/2024/02/1-full-logo-310x207.png,The GOV.UK logo on a black background with the new crown.,The GOV.UK logo on a black background with the new crown. [1],GOOD,,,(missing) [1],,(missing) [1],,(missing) [1],,,true,819,546,1,1,https://insidegovuk.blog.gov.uk/2024/02/19/updating-gov-uks-crown/
https://insidegovuk.blog.gov.uk/wp-content/uploads/sites/24/2024/02/2-crown-comparison-310x207.png,"Image shows 2 rows. On the top row the top left image shows the St Edward's crown, and top right shows how that was represented on GOV.UK's logo. On the bottom row, the bottom left image shows the Tudor Crown and next to it shows how it is represented on GOV.UK's logo","Image shows 2 rows. On the top row the top left image shows the St Edward's crown, and top right shows how that was represented on GOV.UK's logo. On the bottom row, the bottom left image shows the Tudor Crown and next to it shows how it is represented on GOV.UK's logo [1]",GOOD,,,(missing) [1],,(missing) [1],,(missing) [1],,,true,768,512,1,1,https://insidegovuk.blog.gov.uk/2024/02/19/updating-gov-uks-crown/
https://insidegovuk.blog.gov.uk/wp-content/uploads/sites/24/2024/02/3-artworking-310x207.png,Graphic showing GOV.UK's logo with new crown and design lines showing spacing,Graphic showing GOV.UK's logo with new crown and design lines showing spacing [1],GOOD,,,(missing) [1],,(missing) [1],,(missing) [1],,,true,825,550,1,1,https://insidegovuk.blog.gov.uk/2024/02/19/updating-gov-uks-crown/
https://insidegovuk.blog.gov.uk/wp-content/uploads/sites/24/2024/02/4-its-live-2-310x207.png,"A graphic showing 2 mobile phones, both with the GOV.UK homepage on. On the left the old crown is shown in the top left hand corner, and on the right, the new crown is shown.","A graphic showing 2 mobile phones, both with the GOV.UK homepage on. On the left the old crown is shown in the top left hand corner, and on the right, the new crown is shown. [1]",GOOD,,,(missing) [1],,(missing) [1],,(missing) [1],,,true,629,419,1,1,https://insidegovuk.blog.gov.uk/2024/02/19/updating-gov-uks-crown/
https://insidegovuk.blog.gov.uk/wp-content/uploads/sites/24/2024/02/IMG_3662-2-2-310x233.jpg,A woman sitting at a desk while using Whitehall Publisher on a laptop computer and a monitor.,A woman sitting at a desk while using Whitehall Publisher on a laptop computer and a monitor. [1],GOOD,,,(missing) [1],,(missing) [1],,(missing) [1],,,true,855,641,1,1,https://insidegovuk.blog.gov.uk/2024/02/08/moving-our-most-used-publishing-tool-to-the-gov-uk-design-system/
https://insidegovuk.blog.gov.uk/wp-content/uploads/sites/24/2024/02/New-before-and-after-310x248.jpg,"Two screenshots of Whitehall Publisher's document collections page, showing how it looked before the changes and afterwards, following a like-for-like update","Two screenshots of Whitehall Publisher's document collections page, showing how it looked before the changes and afterwards, following a like-for-like update [1]",GOOD,,,(missing) [1],,(missing) [1],,(missing) [1],,,true,840,672,1,1,https://insidegovuk.blog.gov.uk/2024/02/08/moving-our-most-used-publishing-tool-to-the-gov-uk-design-system/
https://insidegovuk.blog.gov.uk/wp-content/uploads/sites/24/2024/02/Reimagined-before-and-after-310x196.jpg,"Two screenshots of Whitehall Publisher's document collection user interface, showing how it looked before the changes and afterwards, following an update that involved reimagining this part of the CMS","Two screenshots of Whitehall Publisher's document collection user interface, showing how it looked before the changes and afterwards, following an update that involved reimagining this part of the CMS [1]",GOOD,,,(missing) [1],,(missing) [1],,(missing) [1],,,true,838,530,1,1,https://insidegovuk.blog.gov.uk/2024/02/08/moving-our-most-used-publishing-tool-to-the-gov-uk-design-system/
https://insidegovuk.blog.gov.uk/wp-content/uploads/sites/24/2024/08/Publishing-graphic-310x172.png,"A graphic design illustration showing GOV.UK’s homepage, and the GOV.UK logo on a smartphone screen.","A graphic design illustration showing GOV.UK’s homepage, and the GOV.UK logo on a smartphone screen. [1]",GOOD,,,(missing) [1],,(missing) [1],,(missing) [1],,,true,919,508,1,1,https://insidegovuk.blog.gov.uk/2024/08/07/introducing-gov-uks-new-publishing-strategy/
https://insidegovuk.blog.gov.uk/wp-content/uploads/sites/24/2024/09/image1-310x233.jpg,"A yellow poster in a black frame. The poster is titled “Design Futures”. It is placed on a table where there are snacks and refreshments, with people standing around behind it.","A yellow poster in a black frame. The poster is titled “Design Futures”. It is placed on a table where there are snacks and refreshments, with people standing around behind it. [1]",GOOD,,,(missing) [1],,(missing) [1],,(missing) [1],,,true,862,647,1,1,https://insidegovuk.blog.gov.uk/2024/09/05/how-gov-uk-is-supporting-new-ideas-and-helping-the-next-generation-of-service-designers/
https://insidegovuk.blog.gov.uk/wp-content/uploads/sites/24/2024/09/image2-310x233.jpg,Students presenting their work on the table. They have printed posters demonstrating a speculative government scheme,Students presenting their work on the table. They have printed posters demonstrating a speculative government scheme [1],GOOD,,,(missing) [1],,(missing) [1],,(missing) [1],,,true,828,621,1,1,https://insidegovuk.blog.gov.uk/2024/09/05/how-gov-uk-is-supporting-new-ideas-and-helping-the-next-generation-of-service-designers/
https://insidegovuk.blog.gov.uk/wp-content/uploads/sites/24/2024/09/image3-310x233.jpg,"Students presenting their projects around a table, on the table are some maps with markers. GDS staff are chatting with the students.","Students presenting their projects around a table, on the table are some maps with markers. GDS staff are chatting with the students. [1]",GOOD,,,(missing) [1],,(missing) [1],,(missing) [1],,,true,791,593,1,1,https://insidegovuk.blog.gov.uk/2024/09/05/how-gov-uk-is-supporting-new-ideas-and-helping-the-next-generation-of-service-designers/
https://insidegovuk.blog.gov.uk/wp-content/uploads/sites/24/2024/10/image1-310x174.png,A graphic showing various queries typed into the GOV.UK site search field against a mint green coloured background.,A graphic showing various queries typed into the GOV.UK site search field against a mint green coloured background. [1],GOOD,,,(missing) [1],,(missing) [1],,(missing) [1],,,true,797,448,1,1,https://insidegovuk.blog.gov.uk/2024/10/23/a-new-search-engine-for-gov-uk/
https://insidegovuk.blog.gov.uk/wp-content/uploads/sites/24/2024/10/intro-option-1-310x174.png,"A white text box is displayed in front of a light blue background. The text box reads ""Hello, I'm GOV.UK Chat""","A white text box is displayed in front of a light blue background. The text box reads ""Hello, I'm GOV.UK Chat"" [1]",GOOD,,,(missing) [1],,(missing) [1],,(missing) [1],,,true,654,367,1,1,https://insidegovuk.blog.gov.uk/2024/11/05/were-running-a-private-beta-of-gov-uk-chat/
https://insidegovuk.blog.gov.uk/wp-content/uploads/sites/24/2024/10/product-option-1-1-310x174.png,Three images of smartphone screens showing an example question and answer in GOV.UK Chat,Three images of smartphone screens showing an example question and answer in GOV.UK Chat [1],GOOD,,,(missing) [1],,(missing) [1],,(missing) [1],,,true,704,395,1,1,https://insidegovuk.blog.gov.uk/2024/11/05/were-running-a-private-beta-of-gov-uk-chat/
https://insidegovuk.blog.gov.uk/wp-content/uploads/sites/24/2024/11/image2-310x175.png,"3 mobile phone screens displaying GOV.UK Chat. A user has asked ‘Can I claim capital allowances for a house?’ and GOV.UK Chat has provided an answer, plus 2 links to check it on GOV.UK.","3 mobile phone screens displaying GOV.UK Chat. A user has asked ‘Can I claim capital allowances for a house?’ and GOV.UK Chat has provided an answer, plus 2 links to check it on GOV.UK. [1]",GOOD,,,(missing) [1],,(missing) [1],,(missing) [1],,,true,722,407,1,1,https://insidegovuk.blog.gov.uk/2024/11/28/how-were-designing-gov-uk-chat/
https://insidegovuk.blog.gov.uk/wp-content/uploads/sites/24/2024/12/image1-copy-310x175.png,"2 mobile phone screens, and a desktop screen. A user searching for ‘claim child benefit’ is shown autocomplete suggestions and filtered search results.","2 mobile phone screens, and a desktop screen. A user searching for ‘claim child benefit’ is shown autocomplete suggestions and filtered search results. [1]",GOOD,,,(missing) [1],,(missing) [1],,(missing) [1],,,true,834,470,1,1,https://insidegovuk.blog.gov.uk/2024/12/12/making-it-quicker-and-easier-to-search-on-gov-uk/
https://insidegovuk.blog.gov.uk/wp-content/uploads/sites/24/2025/01/image1-310x174.png,"The old and new topic page layout, side by side. The grid design is on the left and the list design is on the right.","The old and new topic page layout, side by side. The grid design is on the left and the list design is on the right. [1]",GOOD,,,(missing) [1],,(missing) [1],,(missing) [1],,,true,697,392,1,1,https://insidegovuk.blog.gov.uk/2025/01/31/rolling-out-simpler-ways-to-navigate-gov-uks-topic-pages/
https://insidegovuk.blog.gov.uk/wp-content/uploads/sites/24/2025/01/image2-310x174.png,"The 'benefits' topic page, displayed on a smartphone screen and a desktop screen. The new 'most viewed' section of 3 links can be seen at the top of the page.","The 'benefits' topic page, displayed on a smartphone screen and a desktop screen. The new 'most viewed' section of 3 links can be seen at the top of the page. [1]",GOOD,,,(missing) [1],,(missing) [1],,(missing) [1],,,true,701,394,1,1,https://insidegovuk.blog.gov.uk/2025/01/31/rolling-out-simpler-ways-to-navigate-gov-uks-topic-pages/
https://insidegovuk.blog.gov.uk/wp-content/uploads/sites/24/2025/02/image2-310x156.png,An illustration of colourful interlocking blocks with GOV.UK crown connectors on a grey base.,An illustration of colourful interlocking blocks with GOV.UK crown connectors on a grey base. [1],GOOD,,,(missing) [1],,(missing) [1],,(missing) [1],,,true,921,464,1,1,https://insidegovuk.blog.gov.uk/2025/02/25/creating-the-gov-uk-publishing-design-guide/
https://insidegovuk.blog.gov.uk/wp-content/uploads/sites/24/2025/02/image3-310x149.png,A comparison of a markdown file and its rendered output in the GOV.UK Publishing Design Guide.,A comparison of a markdown file and its rendered output in the GOV.UK Publishing Design Guide. [1],GOOD,,,(missing) [1],,(missing) [1],,(missing) [1],,,true,630,303,1,1,https://insidegovuk.blog.gov.uk/2025/02/25/creating-the-gov-uk-publishing-design-guide/
https://insidegovuk.blog.gov.uk/wp-content/uploads/sites/24/2025/04/R0001247-2-2-310x207.jpg,Information architects reviewing a prototype content model,Information architects reviewing a prototype content model [1],GOOD,,,(missing) [1],,(missing) [1],,(missing) [1],,,true,948,632,1,1,https://insidegovuk.blog.gov.uk/2025/04/10/how-information-architects-are-helping-to-build-gov-uks-future/
https://insidegovuk.blog.gov.uk/wp-content/uploads/sites/24/2025/04/R0001266-310x207.jpg,"Three information architects standing in front of a large screen displaying a presentation slide which reads: “World Information Architecture Day London 2025. 32 locations, 17 countries, 5 continents.”","Three information architects standing in front of a large screen displaying a presentation slide which reads: “World Information Architecture Day London 2025. 32 locations, 17 countries, 5 continents.” [1]",GOOD,,,(missing) [1],,(missing) [1],,(missing) [1],,,true,947,631,1,1,https://insidegovuk.blog.gov.uk/2025/04/10/how-information-architects-are-helping-to-build-gov-uks-future/
https://insidegovuk.blog.gov.uk/wp-content/uploads/sites/24/2025/04/R0001290-310x207.jpg,Rows of seated audience members listening to a talk being delivered in front of a presentation screen,Rows of seated audience members listening to a talk being delivered in front of a presentation screen [1],GOOD,,,(missing) [1],,(missing) [1],,(missing) [1],,,true,957,638,1,1,https://insidegovuk.blog.gov.uk/2025/04/10/how-information-architects-are-helping-to-build-gov-uks-future/
https://insidegovuk.blog.gov.uk/wp-content/uploads/sites/24/2025/11/image1-620x371.png,"A GA4 dashboard showing user engagement on GOV.UK, reflecting engagement time, active users, views, event count by event name and views by page title and screen class","A GA4 dashboard showing user engagement on GOV.UK, reflecting engagement time, active users, views, event count by event name and views by page title and screen class [1]",GOOD,,,(missing) [1],,(missing) [1],,(missing) [1],,,true,942,564,1,1,https://insidegovuk.blog.gov.uk/2025/11/10/a-year-of-google-analytics-4-on-gov-uk/
https://insidegovuk.blog.gov.uk/wp-content/uploads/sites/24/2025/11/image2-620x349.png,"Dark blue dashboard with sidebar icons (crown, bell, bug, gear), bar charts, a circular progress indicator labelled '4', a waveform graph, and coloured notification panels indicating status.","Dark blue dashboard with sidebar icons (crown, bell, bug, gear), bar charts, a circular progress indicator labelled '4', a waveform graph, and coloured notification panels indicating status. [1]",GOOD,,,(missing) [1],,(missing) [1],,(missing) [1],,,true,942,529,1,1,https://insidegovuk.blog.gov.uk/2025/11/10/a-year-of-google-analytics-4-on-gov-uk/
https://insidegovuk.blog.gov.uk/wp-content/uploads/sites/24/2025/12/Chat-Blog-Header-Image-960-x-640-620x413.png,"A white text box is displayed in front of a light blue background. The text box reads ""Hello, I'm GOV.UK Chat""","A white text box is displayed in front of a light blue background. The text box reads ""Hello, I'm GOV.UK Chat"" [1]",GOOD,,,(missing) [1],,(missing) [1],,(missing) [1],,,true,810,540,1,1,https://insidegovuk.blog.gov.uk/2025/12/16/gov-uk-has-entered-the-chat-our-vision-for-gov-uk-chat/
https://insidegovuk.blog.gov.uk/wp-content/uploads/sites/24/2025/12/Product-Image-620x413.png,"3 mobile phone screens displaying GOV.UK Chat. A user has asked ""My wife recently lost her job and her company are not replying to her emails, what can she do?"" and GOV.UK Chat has provided an answer that links to GOV.UK to check it.","3 mobile phone screens displaying GOV.UK Chat. A user has asked ""My wife recently lost her job and her company are not replying to her emails, what can she do?"" and GOV.UK Chat has provided an answer that links to GOV.UK to check it. [1]",GOOD,,,(missing) [1],,(missing) [1],,(missing) [1],,,true,811,540,1,1,https://insidegovuk.blog.gov.uk/2025/12/16/gov-uk-has-entered-the-chat-our-vision-for-gov-uk-chat/
https://insidegovuk.blog.gov.uk/wp-content/uploads/sites/24/2026/01/2025-blog-V1-dark-mag-620x349.png,"A computer screen showing the numerals 2025, with a phone screen displaying the GOV.UK crown, graphs, social media engagement icons and a magnifying glass against a blue background.","A computer screen showing the numerals 2025, with a phone screen displaying the GOV.UK crown, graphs, social media engagement icons and a magnifying glass against a blue background. [1]",GOOD,,,(missing) [1],,(missing) [1],,(missing) [1],,,true,620,349,1,1,https://insidegovuk.blog.gov.uk/2026/01/28/how-people-used-gov-uk-in-2025/
https://insidegovuk.blog.gov.uk/wp-content/uploads/sites/24/2026/01/image1-620x359.png,"A step in the preview journey in Content Block Manager. A table called ""List of locations"", for the content block Basic State Pension, shows page title, type, instances, views, lead organisation, last updated and preview.","A step in the preview journey in Content Block Manager. A table called ""List of locations"", for the content block Basic State Pension, shows page title, type, instances, views, lead organisation, last updated and preview. [1]",GOOD,,,(missing) [1],,(missing) [1],,(missing) [1],,,true,748,433,1,1,https://insidegovuk.blog.gov.uk/2026/01/20/testing-a-new-gov-uk-publishing-application-content-block-manager/
https://insidegovuk.blog.gov.uk/wp-content/uploads/sites/24/2026/03/Blog-post-image-cropped-new-620x432.jpg,Two people sitting in front of a laptop while pointing at a larger computer monitor. The laptop shows the GOV.UK homepage and the monitor shows the archived Static GitHub repository page.,Two people sitting in front of a laptop while pointing at a larger computer monitor. The laptop shows the GOV.UK homepage and the monitor shows the archived Static GitHub repository page. [1],GOOD,,,(missing) [1],,(missing) [1],,(missing) [1],,,true,935,651,1,1,https://insidegovuk.blog.gov.uk/2026/03/06/how-we-retired-a-web-application-to-make-gov-uk-simpler-to-run/
https://insidegovuk.blog.gov.uk/wp-content/uploads/sites/24/2026/03/Chat-Blog-Header-Image-960-x-640-620x413.png,"Three rounded rectangle shapes against a dark blue background. The shapes contain the text ""Learnings from Chat""","Three rounded rectangle shapes against a dark blue background. The shapes contain the text ""Learnings from Chat"" [1]",GOOD,,,(missing) [1],,(missing) [1],,(missing) [1],,,true,781,520,1,1,https://insidegovuk.blog.gov.uk/2026/03/16/5-things-we-learned-testing-gov-uk-chat-an-ai-assistant-for-government/
https://insidegovuk.blog.gov.uk/wp-content/uploads/sites/24/2026/03/Image-for-within-blogpost-3-620x413.png,"3 mobile phone screens displaying GOV.UK Chat. A user has asked ""How can I apply for free childcare?"" and GOV.UK Chat has provided an answer that links to GOV.UK to check it.","3 mobile phone screens displaying GOV.UK Chat. A user has asked ""How can I apply for free childcare?"" and GOV.UK Chat has provided an answer that links to GOV.UK to check it. [1]",GOOD,,,(missing) [1],,(missing) [1],,(missing) [1],,,true,784,522,1,1,https://insidegovuk.blog.gov.uk/2026/03/16/5-things-we-learned-testing-gov-uk-chat-an-ai-assistant-for-government/
https://insidegovuk.blog.gov.uk/wp-content/uploads/sites/24/2026/04/API-4_3-FINAL-1-620x465.png,"A blue circle contains the initialism API. Arrows from the circle point to illustrations representing the GOV.UK website, the GOV.UK app, services on GOV.UK, GOV.UK Chat, GOV.UK Search and GOV.UK Agents","A blue circle contains the initialism API. Arrows from the circle point to illustrations representing the GOV.UK website, the GOV.UK app, services on GOV.UK, GOV.UK Chat, GOV.UK Search and GOV.UK Agents [1]",GOOD,,,(missing) [1],,(missing) [1],,(missing) [1],,,true,620,465,1,1,https://insidegovuk.blog.gov.uk/2026/04/07/why-gov-uk-apis-are-changing-and-how-you-can-get-involved/
https://insidegovuk.blog.gov.uk/wp-content/uploads/sites/24/2026/04/CBM-4_3-FINAL-1-620x465.png,"A content block for Basic State Pension in Content Block Manager, showing the locations it is used across GOV.UK, instances it is used across locations, views in the last 30 days and organisations using the block, as well as title, description and lead organisation","A content block for Basic State Pension in Content Block Manager, showing the locations it is used across GOV.UK, instances it is used across locations, views in the last 30 days and organisations using the block, as well as title, description and lead organisation [1]",GOOD,,,(missing) [1],,(missing) [1],,(missing) [1],,,true,860,645,1,1,https://insidegovuk.blog.gov.uk/2026/01/20/testing-a-new-gov-uk-publishing-application-content-block-manager/